name,addr.street,addr.city,addr.state,addr.postcode,@lat,@lon,image
Peck Park Community Center,560 North Western Avenue,Los Angeles,CA,90732,33.7516987,-118.3061712,https://maps.googleapis.com/maps/api/place/photo?maxwidth=800&photo_reference=AXQCQNR4qhLJx6UXwXr3p6T_-F317mo5lySRUblh9ODuQitgObNt4ku--Z9zFGVJPqJ07e5VUurBg9jpijg7AaqfPxkzjvZlE0i2Q4aoeWL7ccvW1IZJI4PI6xoRyFWwF0J3y9xBAyv2bGqibp4Dm_n1zbcnvmHx3o_n0J7lMd_yQ3PmNKGKOx1sSb4FpOVKn_lAGVj1lDddokxkUllpt2iKMF3sSOOvLhUlSBWhX-ONUEhZa5dey3PltKn32T11Sj6eza-OX4IvPlaHAzE7e87QFGtoENKNHEQfY_DIJm2M3MKLilJUQkEoo-MclFUX8XaAi4k7Ohl6rrFELbyI9UDM1Jg4NiULjZYJOQDjYD2yqoB9Pn7CyrHT0UfbHde7WPLmffHhA6AzRc9ukM_0a44Gghva9TPARTP0nUc0RDApgHZMWTFC1UPRBpjupFHBbHMvkGwMvvpi1-_1FBoNRmjHzNCz2OerIvQ66E879cWTP4bK_4nbClEtEQnnaLcPcDj3_pbKYJ-XhVVjO3fcymniFAWkcS-W4K9xl3oyjmyH44GUGE4OFLlnur7aEpwR8tq4DfH4n26OG4_13eNRBtrIOjSkJKl2YQtDfZQk3lzvPnugm44P_9pymF1QpQg8v8TultoAI0kI&key=AIzaSyB_RPF64RaB3lypfA6VvXil87xSttgcUNY
Peninsula Racquet Club,30850 Hawthorne Boulevard,Rancho Palos Verdes,CA,90275,33.7452686,-118.4008301,https://maps.googleapis.com/maps/api/place/photo?maxwidth=800&photo_reference=AXQCQNRKoa9GzfKqnkyyJ6kzhUudDqgyZ_5G5FyKnd1x81gMEESqdqTZ61IDND9Ku7Yc1uNMOS7-wg3JgIQrK8yfncZDF5fAkVUqFIHLgY-YXAMdBU3X0iIHMay6aO5pb9_F9qV0_tDGuw-avXW-aI7oDFiFJrpr5i6sfXRPATt2CZlkvxMt0iwVNoDVTJl_ETmqRYLj9m-iso3rigiZdYIy9DOwk6en1PVYS-0S45a3r_n8TFTwSUcAZggiHdmSsaFb8L9n0LWaeyAdol988fW36-G63w5qvwADLWy69OJC26IELSHLWOBTAVIFHeYiT8yXlfaKWZ981Mc&key=AIzaSyB_RPF64RaB3lypfA6VvXil87xSttgcUNY
Peck Park Tennis Courts,560 North Western Avenue,Los Angeles,CA,90732,33.7512893,-118.3063201,https://maps.googleapis.com/maps/api/place/photo?maxwidth=800&photo_reference=AXQCQNQOb2BNnZAHflda-dm8izdKby76mO0YTQMl-ae0RZ3vBBwMQXIY4h8_PdA7Wv9BVBzBkfbQCilTcPnYchZzt7tKEOYQ3N9OGymPyIRVyj7H44AARGDWBGqH21jiGS3LFrNoLojt_q5mlkVbS8JMPZlSBNFAR1Lwm5UVdLeqhzQUqkSNhuenqAMIBsIRlCWL2k51Jpa1oAFMjMhcgk9cxjA4W5ih4tVfTk_sezZAusQ9K2qkrro2aiKIq33CSJ2VCI1v9D3wTfAahP953NqnC68Vo27tRKm2njA6RWNA61n4zvaeNIz4xhk517zHtYcSwwzwFUTzX8ulh2ZaiUsWyyJh2QBySmhgwSwbH0qwG44HALOYbR_Rma67JzbSFAR7pkOUcftE0su82Dsn3hOecwjZfsfbvCdz9qIVksyMHvc9DrKAANoxyUN7IoqdT-r2bwGfmx7XDqO_FBhW8j2sJQ96r7cbO4RtnDXTdInxhNRMoHDg-43WUPn8OOzn4XYvpz72460hW2_mFpSlDrl0BEJg2xo5_LZ5y8H_5aHNAb-FrRCaTCwcgpLyAhYZ6dok9dI2R-3XIegJHMHUUOjm2IC-Xmfm-pWiZ8315FlO-O8TiVQJ3nLrESej1XpDWrAgVCQdbg&key=AIzaSyB_RPF64RaB3lypfA6VvXil87xSttgcUNY
Daniels Field,845 West 12th Street,Los Angeles,CA,90731,33.732913,-118.2955987,https://maps.googleapis.com/maps/api/place/photo?maxwidth=800&photo_reference=AXQCQNQFTujLL0lT47eLjglMXrSjKBiX-cmcGsNCs3KRM2gNTUVKR6We3HJ8yEZxzMR0_ACNtTO_jflTNqioVwD4AHcRHktIlTFw47prsihMBvyRd8RGabEVl0dqfox2SCzNPbNw44hSqFa5aPxuDmbeIImyQQ4eKfUleSporh8VT4nWK7KWw-IiQ3WJPeYaeLYU_h2gwrzfz6wcl6VyHy-dm5HyvASVzLk_G1SvrkthqH58CzpJbNdPnJxjCMZh49fqEgor_0zZkEh3gSJ2YzoW-wtRDOEr-ZpV_wGx64y81Bp-x1Gcuztu7jchGfs9hgTVclYGiekM6-9nUC510e4cl055SSiaKkMcVpPIuQwkiCTd5KU25Pw-nSTV65RFyI-O6yqKzeeUaFDmaq9n43L3udmOKtDFpDC_BXzAwNFU9cpJsbFuwHrbdTGij2aiYia0ANEQYMePlljgP_yl3onYzkk9Tg5c_1FW7fM1738kZcfFi8Vh3c3cuNzJaE57hyRs_qNZfk3T1N-uvk2wC0588vpBKi2AKB6Gx-bmtm-HiqDsK2v9AofDvH5MtfYerTBVchfFebB2Gu3r0PYGxzQsIgNycMl6kzmNFMBPMvjyzJZFq9TnqlMJhY4esT65Es69ZKtF1d8j&key=AIzaSyB_RPF64RaB3lypfA6VvXil87xSttgcUNY
Westfield Park,,Palos Verdes Peninsula,CA,90274,33.7684363,-118.3605228,https://maps.googleapis.com/maps/api/place/photo?maxwidth=800&photo_reference=AXQCQNTEKvudjoGnOK6NkrooMbYSMp4QDdiNh9-r70bWhtvCpy9oly_VIfji6v6O8YJYr1aF7SDBoxoO6h3WuaA5R1adiuO8ekbIiGmbCcFKA1CnxS8y0ejy9uJytZ67KC9arRa1DbU8LPW0ojp5VBIhWApZFM7FHSQK6zFbUnVFddixQR14nJwrrCOwzcA1q2sZ_rPL3SCNnWuw8uPmZvhPQitCx-Gr4krENUjatJlD8-i6WCUXUhY82K1pU9MReZFgllFaUHJf-f0GkWEagi7pPYzUwMcD1ZW-bryZHWel60z1_8WLKRMgWjw1OVnNuscWcJOgDoQTz1gWyMDa3A-28YrDpH2aqR3orMYtOmaBmoDMebFWS3otjtzs7RagqV0-Du2MQXXqHZbvQwHwERqXBajHUCv38K-FcBc4i3CdchltYM_S2BREigBjG_ljSdZFna_2mG1Totl_WDkvSHSW_ZuTuklI_FbdNR6S5C_F9DdIdp3c0uz7a17Fa00pqvseItQxm9PUnvL15H_42OHnjeNO8yvHcpbN339Wbzsm4cIaV_S3tZ-H1qR29-BHKAOomgr_f1WTZmQwZyusLi0jbx98iIQ3ahVsBfda758oX6xs0qZ4WErOL7MsTp147sj53Kmh1F7l&key=AIzaSyB_RPF64RaB3lypfA6VvXil87xSttgcUNY
Peck Park Community Center,560 North Western Avenue,Los Angeles,CA,90732,33.7488757,-118.3080177,https://maps.googleapis.com/maps/api/place/photo?maxwidth=800&photo_reference=AXQCQNTY1UhGpsfMISuYszPiSZ39XqPlYd5IXugsbct8wfSk9Ef5am59qBEgDCyy4B3ZOP3V1VRefHzMiSG2Zg0J-lyWDy9KasYUElATN5kwtIPUo9aLchhR52rtakKWJ5okIFTOqsrrCEP7_EFMDqdB2sPUtNyRQWXflbpS8shb5yCHNAKxfVwZeGx9PfvhaKt9nsMxLvqsRkajw_RJh9tXGZcopi639GPRmNELugcru-69azWdfbTRW6ABot_NSjj2q4WzMeaO8v3awJ7jgX-3neKIlGcS0Oo8hQmBQ8xTGOdRn97jvO9tKIHOxmR3cKQ6fn9c7X88DNmhcbvFLL3IfGhNMKVhEkrQHrf6e5_Fwg1ZKHCe-4zo3A2BEYRz5hMXLqlx4jLzJUlNgT4laYvKMz9BjfvjKl9CcaDO28OhCPKQL0zSFhBbn_UZBdAL63i6XPcaIk8tcEWBK4b95CXaIiEGFRtZasR2qs9p2IEHVrEk6tH4weuIR_FAzFmc_glBe9FiGxzP0JDH2OJobC4UnPmP_K0sFc4xeG97F3djL1izbBmd08ZnuS-TiqiV2WiNyAYhWNdCrLlXWtAa1gVsQeLvy6P1B8_hVoabkJa9dmY6xa5xKxy8eT0ANfA8VVsGG80_nw&key=AIzaSyB_RPF64RaB3lypfA6VvXil87xSttgcUNY
Peck Park Basketball Courts,560 North Western Avenue,Los Angeles,CA,90732,33.7495225,-118.3079116,https://maps.googleapis.com/maps/api/place/photo?maxwidth=800&photo_reference=AXQCQNSunVxBPX1boZdOfUqGIdNFTDJcifQlMrAkyoXuASiTSTrdpaCURERr_KiOzlFvccl5Z6knVK9m57RcVgos1cneFbtlJ-IDj3fTu-7BQ40NlRiiwEaB8m8yw0UWNGjr2B8lsyKTRuo04OWij0k7oFXgQDF1G3dOZzJIyQ4_w5mCEgBaaaSPCNa28p0wqpbM7vuaVsSS-TR1EzusDJfI5sVcXSjKbL8j504UxXvSiW9Igq0LuTDzVCdnIjWfPacZk7apyEQB1sAUUT1X6OgKAex-0rxzQSnW0VMUL6naXz0KBGYe055bAnKC-y1jE-rZpCSicbkOOh59oBSCpO_JIWsAmp0TMlW0qvjj31LSYqhLksbJddIt8-8fiNqYigr4f8J9DVc36aI5lQzwEUmF7Xyjr58PkIkoe-Bm1j_pwznqbhykeajDOOFLXXIEmRJt7giLJpky4eggcbcPIKtv53fkWAwh9eQb5ZgFmNo3WuVEd3hZzo9KzQAal8dUObhLymCsIA4l62IdkAgZxOJZN-7wVjjUj4AfN0XRCPdStx2YUWRz_35kZleYj8r1lUSWG_F6MxHmbKvth0yx2cXx0FX7doxInD7pJAVBK-yNfm55fIZzsY8x11M7MJj3KNMA&key=AIzaSyB_RPF64RaB3lypfA6VvXil87xSttgcUNY
Leland Park,863 South Herbert Avenue,Los Angeles,CA,90731,33.7510384,-118.2949113,https://maps.googleapis.com/maps/api/place/photo?maxwidth=800&photo_reference=AXQCQNRy_camcsUPIN1OkQEoDUk6N-yeeHsv36Mw8MSt7DukhXM1hWAai1EFnH1a7PI7oC0YAXW92qTBJtFgXDsEX6WBx8nSRP4XE9ylFfJbzQNYEk5xuVxv3a5P6h4IAftKSaVmlZeWBmHeGbbIy1j6RFUsCItoqulHtfw70zHowhFmMI4A7RAlWiWaYWa_-vBncqddtdN1lJFW2eoa0LXlOx79iiIDUcj7Z2edmQRNeDpjW2dPeiOH273-IabE-SPzC_zCud7xRKbvW1yLSDgMYMoRrSmfVKDgCpExZ7qhVs38d7aCRsHxYnWAg0Re2bBnqmChdyd6F3UzEsUAVC0rnktW7rWiqkVsU2Io8rkMz7XD2DXu6EMBmX6Kmf0_Hxn9gyCTdbZG4r3z5tie3TUMub5KOZ9U8nBeqQr6Q_4TFOwr1hfEEu3-pyaWD1CfNT8iXKM-VULEOmBtxLhNUGXn-Olz7TUjpVV-I3bKf4Z4fvcUd-BuVHYD1DHPtDdwRCJ2I02ywpquRavlBBFlSvcU1KzhW6gLYBoPdKTxpEYvMx3iiUj0nqLtTs2CDrcDkPbPnPwdUXTv7QtyV8ISu5UvzFobLCJ98zptEiZnSpOTqAPoHHyKqgCehbVKg1eaTRaOVKemP20U&key=AIzaSyB_RPF64RaB3lypfA6VvXil87xSttgcUNY
Ladera Linda Park,32201 Forrestal Drive,Rancho Palos Verdes,CA,90275,33.7378845,-118.3487121,https://maps.googleapis.com/maps/api/place/photo?maxwidth=800&photo_reference=AXQCQNRbHg33Mc3k3DBvQNiBpRkBGmTWaeD4AuiSqN088-a4_8uHgnZyZqVYbKUAvkfx8kkcNYdlyArPCLe8Nh4dHoyO5LumYfxp7FJHzfu_ITdSkdaXyx8l9OgaQCQbSJEwrccezju6yzjgj8wqZnFATR2G_mnvuqP_do0PUiOH68CcPf6XkSLE0oS7PKcz9c08yxRYQD6rXBXRdHPJIiv56yHv211p49kCYNSadS_YWDP1iomubrTewCYM_lEiBxlirjUc86SKWrckxcAnZ-i4rB2p4TrdPEtxTxdNXxwTipd8KJxbXGqrxGe14F8hUgFwsOq9IVhiubPW9rPviwPBB1LXszkk12pGOyKZYCsFgUAm24ISOR-7RDIG-fNBy1xOZZ22q9oVgDs1Fwcvv6xTHhPvkCGIhqRAMP_mdUO_OKWpq8V7RetY0uXig8CoMCuSLy8Up0yARBuMLVNnxCbhzaqa276p8BsSS-MAZiuZLi3kMdKTV8OZgqcWJ6bkgcbewCBd3bwJRXp4N1EK4TTjijJSw-e8g4aPZQUL-JLmcHwCxBk7GCiCF3fEx2fblk0f_G_coKn51QWLDgZK8Nep9SR_VGnWuhBYrLhCYydW7sWujG0rtLprrK65efsQ5X4WEdkQEg&key=AIzaSyB_RPF64RaB3lypfA6VvXil87xSttgcUNY
Averill Park,1300 South Dodson Avenue,Los Angeles,CA,90732,33.7326051,-118.3103955,https://maps.googleapis.com/maps/api/place/photo?maxwidth=800&photo_reference=AXQCQNSnHZndZ9qt0bxuYnudyEZabwimRGyodzhMfbaDtLu0hlcjIXMflGKdm1G5d6leI-zPzAyud2dlHoYsGOu51KF5454YZNN7Vzh8r1KZo2XqDJmfN-QwGioZGNKf5wtSbwBhK5lobS14TdQdCa6uKg0P59w4A-kscoQ5LpaxUj3jR8Sn1OhJ5v-V9DeOtWzI9YZxNLTsyNUcY1vI_Cknr33ZEEoDNTBoSmMRFlp_PflJcc3YvCsMp-4MXFwmWKo2dyHx_OyeuoZDsSn8w-lLCj1Oq4IKe6QxiHDEfeIAeHx1_z2eMgtypCFRvkSMy48joPniYBuEUv5qlBG2vP8HUlXcm90618ZzFi0dGccHbtMJTJ4HwCzKZzxUY4jrv__pXh3cY-0yJVc57T5o74RRX2x7VrAc0b1HpIdTbOPkYiqmngnqgaWuH3GZ4ThixInt9CAB4kzFtt5_TkH9UFpBdsWmsvVf77X2R8enHTmZ_Vk0XqUylD8-V2KSl5TmL5Xfzd_xTqKXZWI2NHfKuqoiLcSaio5XSp-JyfgbALEY89oXluO0u2_rjlimSAqvWiWtzCTBMYcoGip8F1MZZb2PeMrC7VU3X8-uQ8O7eVshb5KGNLLPXXkyIEELyQsMWRc5OpCmKkBe&key=AIzaSyB_RPF64RaB3lypfA6VvXil87xSttgcUNY
Knabe Park,107 Pebbly Beach Road,Avalon,CA,90704,33.3434422,-118.3232938,https://maps.googleapis.com/maps/api/place/photo?maxwidth=800&photo_reference=AXQCQNSd0sfMV86o8dP75cKjoCsPydE--cSiq5RchBnpui9LavElkVwAT7B_QStV97yyVsfCRjIEOQCNOQ9i5mWudH3MFdHNLNrp4XgOuaJQPosKm8jXpH3F-Td8oj0d1Q3mf3YPfElc_RbayUqunKNrhM3qfyVvoJ-MP4BJYO0q-Y0y3S-DU1rEjGxFSud9Bt8LoVmFmRtBAuqOHjfDNJXEIkvXG8gqlepCJlgAxkaARVmTdBeNv-ea8yr76QRYtr12Xr4oWFodf0ehy8z2YHchYuaeU8aMqXD3x5TkKOBG_mXNq32Z43mqmSLYHbhjVb8Q2VnoBin7sIGg6tOeb4glWS1ftEROtiCa7l0U-TQSjI9VMAWZBeyA3qpFnJPqP4jsReynRt8-_gyJLibJbzNEc-eW48TOjMkH9ZYBP0QnHctPh6eCK2DPQpTfHDw0CHYxhLbBq2smh4eoPGoqxVTEE8W-03P1DAQQewbBmYpJSX5seqDcUpRzHFL2wZqF2tIW_SKjsYF6vApwaKYZoSk3zweRpkIxhI2ZCbehuR-rXu4qwxfdeh10aBUlKI3QGtfqkFjOmS-SbqAF5pET5q-fWBYqdJqe5oslNpQsIzvNTtDOqjR9aqwKbGQeGyyN3U6SONURwmmk&key=AIzaSyB_RPF64RaB3lypfA6VvXil87xSttgcUNY
Bandini Canyon Park,341 North Marshall Court,Los Angeles,CA,90731,33.7462482,-118.2949716,https://maps.googleapis.com/maps/api/place/photo?maxwidth=800&photo_reference=AXQCQNTm7PlNxtl4ZTdmVE6OT1Qk2k_NBI2GWWoGyPn1QC4APXlEFT39uoBe0jJ600In_w6NIAadCqcbqbeGzZLnFznJvon6KqNjHfL33PE5XyArac6txZywMYXIXg0RkiRsOTHFL0J9ERjrv3jpwDW1VoiQEBVHccJADIt2YpLCnNhM__NmzjN67EggGkmlrWaWiQCcncqYQ_xQW5TwziJLlFHpIRhLkZ_PCskQpMT8XQl5Y-dRPIW5PzGscvocr0oIhDXWrPnSMxmsAgLR06MSR6wsLPtfiV_BYhuOPEDT9hu0jm4ChVpl0LJb40JAtZWJ4DcCtnp4tUEnQzautXmHuK-hrdBkWiTo_eq7qj38LpgKxgiszRGpb7joDq1YAenZo6xsOQUje905XbFlMdy19TcjSJ7bzNpCVNZpB1K9jvi_kyFFwPDO9A1XoM1o6D-YyYyW2x0SHYORkOWtwzOZRcTbYyatyS2l_MEN6uODjVNpz46J5t2z1Xf29GR_aW2AvqD3H72WePm9Me240fZoKhrXY7p8QGxaL5Kq_bOz3aiWZXgabGMJUqyoM62cA94BTVpNK7DA9FqtSFqdjiQlYFO7C7AvFpz4J2MMJgKsXR1btwCqc50kUUPicNzFn8tyWTDeZvzr&key=AIzaSyB_RPF64RaB3lypfA6VvXil87xSttgcUNY
Marina Vista Park,5355 East Eliot Street,Long Beach,CA,90803,33.7688644,-118.127534,https://maps.googleapis.com/maps/api/place/photo?maxwidth=800&photo_reference=AXQCQNT5kqCIxP1jobVlhD3lAGuW2H-AtGufyuT8kUlhDzMyhKec8H5JUS7jSFJ4GrP2yezFbGoCnxp5D52QQ7TBHQd7NTyJnXrYoZkaLlBNj-iUGEKA0MRcm7owe7IUxPQhGdt55Mfh2V9-Grsilf-nWun2P6twJFMXLYlHJuLj7ik6NAvzdtoeBk4qh9Ukj_aD7yFshPYap1EgYjZKLTZLsZ5FK__WLiZYL2ffacnakMAWu2axvTzbEEXHP7naj0pP2RwXNIo3bSyU256u7r9Q20gX64unosOxczDC-n5DAKa5eIJBosKykJkNkq5Nahqtmh-CvLrssAzNcCMUh3F95PXVduum4do9KLIlKVYHafz-KLj_opVnPYrOf_uA7VAmIRftPV1v0z-9CPqt86F5tep1QHN7rfiV14yIkzAKkgDTZvm4UGYqkDPKVHw4V-EPTLtbThI7DgF_o0brr2Syaf3FfwviiCZo33cmsAdtA6l9kAfhZBiqRrKwv15g3koU0WX7E-te-BxPK7USS7HZlPAUIMBjeZGMT_fvJ_G0Hkh3uvDf6KDWCuysp1rET9cc0iBqs08u0xWNvSksSZiEzQ6P6kCbaF7D4DTf0XBd3b6VqBM0BGUIDEOZDI6M7PASE0lK9g&key=AIzaSyB_RPF64RaB3lypfA6VvXil87xSttgcUNY
Marina Community Park,151 Marina Drive,Seal Beach,CA,90740,33.7457648,-118.11051,https://maps.googleapis.com/maps/api/place/photo?maxwidth=800&photo_reference=AXQCQNT3HUGdTaEDnp7196TBYfaz9lbPeLDAEPqYOnRzlOe0vVx_UqNIEALeCv3LZ3gYNSUAW2KwXmzTpCz5K2uJmxE3-3qp0ZkPKlvBrAFdG9VKNhm1am9Yuylt_FoTWFJHDQliepsGM1pI38ryDqiBWk5Zjs--eo6po7MMy_U_nYyLmIH45zhU7r6mFlz0BBGeLN7I0F0LDq9RUZ7FBhdKsG-6gz4CeJvTxJxIyxdU7I6iy9lBTHcdIWUbHlZ6xHwsXJdKljgyww6FNhm9m0CEA15eGKJDYqhVx7cd_7Nq1GD8rhpLlesMbAwjI2d_oe0hakvI3d7vch-BE_kgHA0Lfv6Ww4WsDXzJak7vgX0ZG497HXkH6hlGY8habFXupaCMhlhAKBgFGsOlq_9dG92Izcccw-Pyc5xEeC0lqhe0H23j3EhxFmgVCA1A7fGxNqkYqbPywlE53lx1PKtz4Yb39xMLIOh4jwQOHMBcCpI7UYff3-fP8DpwU95iUXHhZ0XGNhjbel1_N0h2kn4tbTnxah-7Ql0ruQ6GUZQo5BLzOCMA0gw1Xy17LZm2vO8-c-3mU8T8NcYrheWIgao0QU_YxasrE3sgxNRhr-e5ty8BE3V05Aaz_aYQdFF3Pf8y_CWb1ziSlw&key=AIzaSyB_RPF64RaB3lypfA6VvXil87xSttgcUNY
AIM Sports Group,1709 Apollo Court,Seal Beach,CA,90740,33.7589919,-118.0908008,https://maps.googleapis.com/maps/api/place/photo?maxwidth=800&photo_reference=AXQCQNTnKMeJiRY_Va5Ul3M-Upk_R_N29nARPlnIVojwz7yJHLKJEs0uNG_dtvS68RNPs2fkZOLmavW6Sdw1MT6bqi3EMziUR0THH_I1VIWXZfi8vei37M3jJ791OAVCwdurBxzo816svJWTf0husaIee46ykaaK9jPK0tRzN7eAMUDHWKVBiBmYsfpsVkR2ma2vBw9Sg0qkTwRXbgyf2T49FO956Qp88c4ZDvDSODSyFKfq3NZ005ae1SU0UXJDpAECToEg0dQh-w0RomtD6ZCn9PCjLAs1tj-wnQyfa7TWTnuDcmUj25KpCe0GC-0Fcir7TaFppG_VrjE&key=AIzaSyB_RPF64RaB3lypfA6VvXil87xSttgcUNY
Bixby Park,130 Cherry Avenue,Long Beach,CA,90802,33.765966,-118.167132,https://maps.googleapis.com/maps/api/place/photo?maxwidth=800&photo_reference=AXQCQNSZ6DZSv1OC-K9_gSOgL1wnHV4rd2CnI2iMT8q4PRZQktVZ0EGaPmymR6ySbb1H0kACCZ5oNiXm3iVot7Rah832znaZ0j5eKU08hsTr0Zr9QoCho_1NZrsOZaAowneR0nFeEKppBlRv8psu9Fn2V2Z08HIJOiJcf3Fp8_nm_yDI0jrREoAURYyjkcsZ8YMEfuZjQ2tlbwHA68jjn4TBh5CjeeSGXjGorgvuJO-xd2C_DwpSFtmQN1YJMz5TqYVkUB0iioy6rQtqkJ9z56JgwjpiapAAmcMEJ4TORhOPtgtWMFzd8VT01A4zmaPua1TVnYYMTqOBEg7bnyOhFQb2E7e-vAJPEJt3KGfDGKZMlv0DW6bY-4Fnc5nBOWeLPrwgMrj5T22nj9_lRxvQy55YK87GmDLk6vl_1BgST_B1RBTlfnxJEZovHkRSe6T4R90rWXweTi7jr-Bubz2MXksi0_om14VjoDIApShgNrLoHILKc0hmwGn-zLQFhNDAeDND2Ll-znjNDce0ei5XNgG5oGTEEmxMwUjNSiBQdfbkAjUvaoDRrdtofU2ZKQpOI1PM08qGfRakt5JOTuK3o_HAQPxCAXSbaRW30g_gsQB4pYUESphaHjqyvwCGV0FPLiAMnT9hKgZy&key=AIzaSyB_RPF64RaB3lypfA6VvXil87xSttgcUNY
Pickleball Courts | Leisure World,13681 El Dorado Drive,Seal Beach,CA,90740,33.7644506,-118.0918268,
Tennis Courts | Marine stadium,5355 East Eliot Street,Long Beach,CA,90803,33.768945,-118.1282931,https://maps.googleapis.com/maps/api/place/photo?maxwidth=800&photo_reference=AXQCQNQBVIJ6R84I23fstkKgmKYgbaV7qJDPwpcz73h30oUq0mOXvCy7-ZiqfqKmHjT0DNW0nFTGjFyPBp1TXh8Bw0ZwsTJ3NrumXtTg5PVeSXyvWlFzxmeyKXRMq1nspd5pWiYuWbWkHTg7FjKQtgvSLa80obvCtsB4KxZjBaVPPKwZGQVYwsDkz56x81Q0Ro7QRPUvP9ModhoEax2mqfE4G2vNsqUrehgqSmoNWkspfEZdWY0ctSYzcxz9WwvnfUPtFKnEvD02oeTCRqq3dZa_1xWzgPWywajJPydVOtKuVr_NRfWm3xfEhXWkk4MN4Tr0SMV9qe7P_JewZT-Mij3rdhe7-QKWOWhBwC4z8vEEpd8LZ5FdPE6-8XZp7pQMFq8c0Tlie-UhrSGDLNICjWNJdIYRQSYfU-FvGZSydRpyk-X71T3o5GB3RkQafkMw1q3pnsnpPIyqtM3d24uDizHAXcKQcfFtvzsvpHB4jvrDxK6vEEmunk7wOvKKC8ZWkfVK-9xVklWWrmjoPXgkTEDmcfpczvEwRKy-UEnCgPYy_31Bl4H9msCSZu87-P-jLmR8VCrGWkRMFrtiCKewoMosy4SGyfpqdkRSvvV3sSLzH82XoYMja_tjTu1CAUEd-zxt676zRg&key=AIzaSyB_RPF64RaB3lypfA6VvXil87xSttgcUNY
Bayshore Basketball Courts,14 54th Place,Long Beach,CA,90803,33.7537993,-118.1317834,https://maps.googleapis.com/maps/api/place/photo?maxwidth=800&photo_reference=AXQCQNSSVwoxVfwKKoK9s0Oe03nnBWJ3pv1zFvB5TeaIhm3quIjyXN4xfCY4fMCWzPAm54Sdk14Ge48sah9SGmYhQQF6GuJeSHel8ABkgWMPqWHH5VMnuLFN4YOUyYZ_QGoy0v003bUMZ9doIAQejLmhiK3MdfQuIfsUwbQ4wavRNdTfTrJfmT44Z4fEOp7eS3UrHyo8qsNB8mejbX_z19jJNzPgI7F3xij0_E5IhA0pwtVDCsY1RNkPUriNbKEcbocktVqKrzNAwxzAK8lX9UqdwbNjxbgULBy7xgMcJ9i2UfmuBvd99iT3qlVwV_0Wby7-D-cyfqsAivPSE-TdRR0ALGMvj6QSBBgz0cnLZ8g47p8yYJpLhsUPHqv71qwk0AJnlQXtYKRoo7HbCupNAxMp5lDrdFPdgaT5lVU_YZaM9jWT-bPE-WgtShI4Kab4-u8x1EF4NDtX96egpa7S1zYc3D6VwLJ_fI9yaMC5zXc0C2VYqDtjjXY2eZqu1OPQQD1zqsdbnv9qsce2SrEc-13nFFX9I6uFaqH7sZECqc8xOGURmWvYTzpGiGkb6Lo6wHVyXz5Im_zzfrKq6FfAmBt3KTni-WY773qpD6F8U5l5I6zxCCF-mBogADjTtY9OaFN4mPuSwz1y&key=AIzaSyB_RPF64RaB3lypfA6VvXil87xSttgcUNY
Seal Beach Handball,314 Spinnaker Way,Seal Beach,CA,90740,33.7460748,-118.1108285,
Bayshore Playground,5415 East Ocean Boulevard,Long Beach,CA,90803,33.7534149,-118.1315483,https://maps.googleapis.com/maps/api/place/photo?maxwidth=800&photo_reference=AXQCQNTjN7iqxk4ruP7v9iTprG_43w1buq9vTKdmTk24qouT4dg32o-NcNbqn3djUB6FF0kdh-i4o2Yc64Y-S4po16RqK9H5p3foeqD3L_IcpI9_pXjREAbGf84x_CVcDCexNy8DZZq5DmgQC_cjBCqwz8bU7vYWW22WsGCcfcVXVYg48Ooe5auW1fUOQ-d3UorbvzuT8Cru_5G8-sxzA9BhLqSw6dBD7Qzfpk9SEIZ1c3HTa0Q735tUQrUhwJez4B-u1bFCJFlkgO_VqE9eo8TYcb800ohBqJEsTBPVCImIsRkHJc9PH9-mjJgrpBy7D6XqzWDiDT51pmeqa3itWDoIP-e3fvPoZ_eXZFkazWbYAoxx88zpOjXYr7Tq3WkerLHSk5fDjKN6F7O_8HnUIiA02M7Qge1wlUC-xYibumSfYEgMCN2Igwkgi16aBrnlk7Aodqokg2GEaFdRSNUnzCBYBdiPBwNmdNis5io7N56y4u7fbQEK1XxE-K7bP1oDMSxsOa2J0oukEfHqa5WjQADpmLtraDMu24qkvzQc68-SuBmrq59-lSUoZjKmo3u55LjFaeidzbdpfTclui6Gy_ZW1wkmM5RxMhbpzjnbZ-82VEHFVtwJ6m9FeQxJRo4YTJfz1y7Ewr-1&key=AIzaSyB_RPF64RaB3lypfA6VvXil87xSttgcUNY
Basketball court,130 Cherry Avenue,Long Beach,CA,90802,33.7659066,-118.1671513,
Marina Community Park basketball court,151 Marina Drive,Seal Beach,CA,90740,33.7459795,-118.1100755,
Basketball courts,2630 East Ocean Boulevard,Long Beach,CA,90803,33.7626575,-118.163423,https://maps.googleapis.com/maps/api/place/photo?maxwidth=800&photo_reference=AXQCQNQGE5fkOndS2iTxZ--g98jpofDk5mIJ0O_6vYAqYZdjJiYmuqBfz7Bo_Q2txbXHkfj7NY5q6-t8gV5Ie8RxoVT64ITHD1Kgw3HkGzdRyiYUSqv9JRO9wNZD3ANrxbL0l2CxIz6N4bzSHwQQodtnshvgitGGrMzVoxSpXcQb9rI2j9u3dgH65U7uuqXsAk7HOkQzrYAaXGKDKQXZqUG_dj50lnS8O5Gnoco2keQyD186UrUu7CnNEPHaMSb0ApJZqffF27pJMela9SQYELrtIZcGmCGVG3ll8jB-dVVzUWtAdRfZp6mzI_UbEH05LyduO3QnSJmmcJujtQeT7cZDYo2qCFhKtxIZXgrZgGCCu0IUIJwUawOiXJFmMlLXbGI_DTbmBsqfojZ6o2SJAupFqFhKlz7L_zDF1y3Q7vY5SQDfm1fMwGfhTLTFlrAkoDiusA-df0QNZS14CxEiQkeXEEs1s9wCVnVP9CTo1uSY1xgfcmVd-IUNpPE2sZDc6wp9gNaOiZU6b1BN4UtpHSrpcffTOTxi0Oj_0S9rLZ8KcNQELHQ07b8PLTihiqGXJ2z2ZOFej_lBpoE2AkCKB4vFloYghQKxjKzqRD5vwZB481En_ps4MnQOlymgR6AEQGU_BVEzUg&key=AIzaSyB_RPF64RaB3lypfA6VvXil87xSttgcUNY
Marina Community Park tennis court,151 Marina Drive,Seal Beach,CA,90740,33.745643,-118.1106773,
Garden Grove Sports & Recreation Center,13641 Deodara Drive,Garden Grove,CA,92844,33.7641383,-117.9663724,https://maps.googleapis.com/maps/api/place/photo?maxwidth=800&photo_reference=AXQCQNR53kTDKwCJaa4ZX66uzRZkxgCQviy_OPqp1KAIly7EVPWtvfUS0gnORNc80uaSwSo821uuGLnttt9TCI7f1hbBKYmg7U1SwkdhAirCFdRp_HheLhXTTtC1rZmZ04O3qFvNvfFLZhoY7b_QYVdDvCJVAQsWtrpUjz0EXWRk6Fp8Rp60Jn5y1SCWEj1uC3xX-523XUhzn6kuDgcbuYSvkF5g7Gp_4IFWHnBUnHgQluQkiWdLjFbd9gzhREf2CAu7aRdVRWZ0wTLbGU7awljHA0Iwfa16l9kkmUtqh0ive46CupvnI0ndIvX3AXe5dmiHKvJW2SYZ&key=AIzaSyB_RPF64RaB3lypfA6VvXil87xSttgcUNY
Los Cab Sports Club,17272 Newhope Street,Fountain Valley,CA,92708,33.7136956,-117.9250523,https://maps.googleapis.com/maps/api/place/photo?maxwidth=800&photo_reference=AXQCQNQbRap-clTwALUYR36EBoYpDnhbilutFcHOn9irj8yNujA744FOdWbpPg_0c5utLEIOt4Awy8aaULhJIhsBUAhLR2FFHn-hVCWa8VAJrLbjne54zt2wHoZihIWSFIERU90MEGQOFn88QBq4SwtYTyjAxP8TztkhQcAjhYGw6LkTpLRtBj5KDqlMpW8INk4Hcmn_27Yba_vMnO6-5_UixzvtcOR3xEzOFhMDqDEFI6Y-9Q8aNPVb8DjiSslX-bCByMnly35HhbxVUOuzcWI-gG9iE9YKZVxm4BXs-5W1tvGMqHf78RhtzDXi5hxdbmg7LrHX9QYIIjs9fRTps8mfFUkOPzc3LzK37irI-ppDv1IZ66H5fzDuG3x3nyWBRzdMd6N7pwRVETs4wVrjrFbrO7-syKHtIxPXJs7XkZ5KdIkKJlLkRd3R1ZH4WX_gf4JjZ0lfk2wwzvZbw00V-BiycO7aSlAwQhkFr4boM84zDWaM5g9ewhr5vLp4Rh24XKVJYgIc5xt_l_PWQFmBnK3alhnxn4M2dh3UZHkMDPTEDINwF3YbKlD-aFYRqsydbOgQBP8o5QJlUVxllPzV2Hco53BWePmBTA_bB0IXpmGgBsa5GekHADn2bIsBzVky5EVUV_kmfiXp&key=AIzaSyB_RPF64RaB3lypfA6VvXil87xSttgcUNY
Huntington Beach Pickleball,15744 Goldenwest Street,Huntington Beach,CA,92647,33.7361769,-118.0055144,https://maps.googleapis.com/maps/api/place/photo?maxwidth=800&photo_reference=AXQCQNSJIccdcp6mkoocJWOby0JuuHZo6yTZjk6JJesNii1d5ItL2RxVjOb5heg0jVQdjHE39YhMwltAAb2m407pp1wk4IyLvnxmmHj16vrfumL3484YokXOKTALnjwf4xtObDVIFrRlhrOP3Qo6d4Cc5d7dUE4ixqI3caWnhFjC0U4A-uGRfCCw5dI_sSNpcJTZOXJcG26FJEs1Y33MTRmRMNO8g4zeiDFuYyXNCnTX4i5diR4HKy3TMnTG52AJ7m9eBh19LzxwLP6SuQOg0R5FBDzXISqwSF9yJJcUtmyOGDJ4RJ6WPZbVbftu9y7wrQx5OL-DYFmUMjk&key=AIzaSyB_RPF64RaB3lypfA6VvXil87xSttgcUNY
HB Sports Warehouse Indoor Pickleball,18211 Enterprise Lane,Huntington Beach,CA,92648,33.6979114,-117.9988477,https://maps.googleapis.com/maps/api/place/photo?maxwidth=800&photo_reference=AXQCQNRkl307DDqgxD4VPQMoa8LamR0VdOIV06bxC_m7__gir7tmf24-d1rPZlW3xDgVa-bnS-HnrFRTBETS4BjTOb93jP0VPDA_8MvtJo5Rzmxeb_OQ96gF0axqpCjRIBIXmILDlMGj9x1wfYIUjPmd0sS0BfdjVuvES-wlKfIYHID075QD9FG9sN1pU2pZaukgK-nvUHjWN1Mn2aSpxlVt1J0vgEJuFzjvFKDTe_uXdWc5HZ458ynmMR320j_vrp26_YOP7EygubCju_uwIlNzLol12jlXouNSgNhJg5Sgz1MHUgLdHTLIecFt8XMr-b57Wt4qBZf2P20&key=AIzaSyB_RPF64RaB3lypfA6VvXil87xSttgcUNY
West Newport Park,5700 Seashore Drive,Newport Beach,CA,92663,33.624608,-117.9465257,https://maps.googleapis.com/maps/api/place/photo?maxwidth=800&photo_reference=AXQCQNQngvc26fhM-ikRzdH4whDOVHwpcFMpaMtdtR1PMXQgyk25SUbiZkd6o19v0p1FJ3NluNy1xVbs-NZ1CFObJ-jgD9_0JhL4pwRUk_fgAypiX-6l1-QY2ooveTlEivoI4dvoWPScwzz2BMdurjiTy0z0kx4AKNj_RWy4_HIMzoOUFbIx2wVsEn45Jp5S7TrjSqPpsfCPnnAnoYI8gn5s4heaAF_S1PMY0J4OuTZUkwPBTLzlO3b1kNcClhwAR_AWiKqYOuOReNx0m9_a1yaFvUSSB-X1u6DGeg_2aqfhCY7qjkNn226GHGP0ZJMfM8L4ncp7RVKJsgiMb0PUmhHor2eGPlg6i6s9brn3nBjzbky8je8TTb9bgX9_Kb2II9K0ZYEyYZCbg6TD9fveBeAN2zQd9Izf9K3FIVRmA30-N531x7oT7XHWRMYG9eBLpsmRThpoqRbhhHmkWGwGHhfbI4CKxeAxZYnTutITwJG75TShI7wwNVinakwAzwq_KxxvV-IZ7TGOR5VOVF-IM57PsRVCyjgwEr_DerPw4MPc3XqPPaF6Ym4yRQBV1MC-57KyGGm5bvA5gcCsn3IsUrS-eSudUJ3WRtKzujRrO7azoLfSf9SadgoTwAQphJeP6NsY7ME5ojv3&key=AIzaSyB_RPF64RaB3lypfA6VvXil87xSttgcUNY
Murdy Park & Community Center,7000 Norma Drive,Huntington Beach,CA,92647,33.7188378,-118.0047163,https://maps.googleapis.com/maps/api/place/photo?maxwidth=800&photo_reference=AXQCQNTmfqsqAK4HYFN0hXJfcyz_U0SdN34P_ZMt74fMrP7qOmgItuvCpQ17_8yttFT0ecVJxSN9At0X02EAk8F9KyczVPXgs76mlFAB8R0Hi2zpyX2kHr3WSJVHmQfSItqrf3Ae-cEhcwcupr6xxOTD-sSuj6ySbLRxax8yq-xwB8QRz3JaPkUU7W3EvpRvJ_qswaqvD8hpvqnTObAf0FVdkJt9PXVkoPuSZEjrbE85KpTDXHGVacU0hj46ZKd0AYwCsuR1ZAlSmKkFvhjEv3CyBThKwLmkgFoux6YvJP9Baq63TL_yU9oYF8g3xDdgOc7Jxh3wVLmzZgsxQ__NpZq6L1peSP1ABAyeNYwsIsHgXMkSLaTCu6hjFcjpvJWi3zToW8zBxpqscONXtSku5Gywdp62lkCNYT4l2l-1DUbySjgu8l6A1ITTd9Xe46DUTQRgawYrv035Bf8ey4s4BuO2vaa6TC1g9YIyBDCn7T8dc19obDwOgjsuhCEGiwyU5YzVstaPsUVyW-Ydn4xUhWp2C9r2q-4GIo1bgLLJ2v3KgVxFgp1Bro3ibURUhGCfZU5ZgCY8T-p0hMOMDiaW30cgGPT6jd6uVuHas2x5XVvHuqrYQxkif6PwF38cpznbM_Rqd8pYclqT&key=AIzaSyB_RPF64RaB3lypfA6VvXil87xSttgcUNY
LeBard Park,20461 Craimer Lane,Huntington Beach,CA,92646,33.6647596,-117.9512837,https://maps.googleapis.com/maps/api/place/photo?maxwidth=800&photo_reference=AXQCQNQTmLQge0WNEolOPaocSna888agLy4kPGzKPelsRB6TUVq9sYsAQwMehBjXc7eObt80V8MatlZkebdFCiDF6osPS_vVmQCYzPQTU4l05I5C0UALn2lOZMlT-0VqfslnMLAPQ_kvFd8seEN5ci1F-VMiUfHlhCif4-BIWw9jPV7T8KxQ3vc3CZR4_SppPHdnaZgCTB5AV3m6H1n4OdBZs-SvwVtXVt7-mgNvRAmkNwhLta43PYeyZJAnz0SwLfkECYAtFgiA0DDnAfLvuw0GYLtDfFNIYVCNhr5w62uP9Cdc1lvt_gXFbn8epFfqneOMRfs6FABQcNE9QLxfc5FMEB6K6xAoN962gRpM1FXrFhLJhkPqndK0K3rhWYyqqGtYwNDcBVnw8GRx7p_OVQhjK2t4Cl3kj03nOaJgCFBorXCjcFoqkYRe5rt7M9NVtXYZf3qZHeYrvvLX_7P4Zrb_YIX0UV4sL37AFMTt3GjKe-_DNDAiCV3aheJcgyc2qZSTtxByuuJNwiaoJfVYRVij44bjGDsvTAnCOjjwgBxG0xC5JRz6K8cdx4030RMl3nJ4ebJvu3WWliBn3OHm7b8xkZ48DqGiF-oqlg78zFeIE_x9eM1IYwKD3qB8bXvq-p8_p5zpeg&key=AIzaSyB_RPF64RaB3lypfA6VvXil87xSttgcUNY
Edison Park,21377 Magnolia Street,Huntington Beach,CA,92646,33.6519836,-117.9734146,https://maps.googleapis.com/maps/api/place/photo?maxwidth=800&photo_reference=AXQCQNRP1YtOdN2b0KDC0M4xky94ibyd6UhvZg_CBpT7NccChQX5b_hLWFC0mjjIGlrTpB5OThZ9WaDdas5QM_iyro8daKjCuhHkphbtknb_QRXgcEPdTQK0wIBW_q0nZkVY_cesGHPUl-RbUL6GulhRNiUbbntDe_1AHetU07uDgAbulRcolpN7ekt2J_hGTTBAhC85h5kdDbhF0l_yUl3n-KlfTz7vzwl6DP6OgO41lhyiCqEd3ceWJigcC2C7ttaBXqgAWc19WVaFL6Ip8yuTvV9j0uCUMKh1I23qv8Dx2Ra_ebytEjxxOqY0Nrr2injtUAhMz8hWqWzb-3-rS0n2Jpuif4WfL3xnCTe5H6lk3QAMokrDHPh1D6HVJbMienDIAlkJfW5v0ThybXoKnr0inoOOsjZRRP52dGPXoMulmIEC6Gn0ez88zENvKyh2i91z_mnDd3VWjXXmE8Vq9vfETj8y8MwaW8XJLv55R5gTM_9_nkndStebUtnfZc59Zk2Qlvejy6lfSP-3uRyvMNkCetbuadWqrzdyOlza3xrlTSweQ_7g1fDUUDzV87cgyJ5P7ZhT__-gIvO4X9sVqXwPF6mgeHNROIeUuBq1Eotdh0qfNT9qHLOttstGArmoCF9FWT-JBA&key=AIzaSyB_RPF64RaB3lypfA6VvXil87xSttgcUNY
Worthy Park Pickleball Courts,1801 Main Street,Huntington Beach,CA,92648,33.6754563,-118.0022622,https://maps.googleapis.com/maps/api/place/photo?maxwidth=800&photo_reference=AXQCQNTlsMlmQltBbjiznmi-nA3sNkePoAJSzZYv2TR00XfmGxYfp6DcOuXNx2xH7DcbcWdJVQZGdRgxnLC97OYXZmWyecqvhSu5BC7QIY8fdHJPQwx1z1MTCA17lD3yjPChvP-1LH83jR43KA4X3WQ2G0whv6143t9qYd6WRE-UMQtzbI1Q41-CDJx7_ptCoekhnj-S6i3CRt0EdHogKIIvVKQs1Fb0E3vB0EXCUndyjGgmI78EHiHEpzIX4QyL_Jx3ZRJ1xVWzlSLN-7YTU9PCtsMlvgkJ9GfBo5EoXqyCCoaTUt5bxJX4kR9MDTgEQNNjLea9qPsJ7UFV-3CNCa2yeOg0ZZQI8z2ZPDK-TbF0vrqfdAmST6QFx50hKfGNzGATgzLdLZWqJX2rw2l5xgCRgs8Ol1bywQUh5GDbEFZuovTn4Ih7OVOc8gIXmjToqlU5F7u2yhvNUSaRaWDJPVYRwtnt4tr5MDndmjwEmcj2rXRC3C9GiXN0vTSuq5lX8i7lIjKEHKCKngoG3PFzZV-VD8V2XDK7VkjWLkT0gQd6tANFBaM2QhNu2XQjXoYmfkMGRBMSjRAnavA9IhqMf-hKO0lVlzhyyrp5m4c4rRs4PcY21pChhBnOXwGuLGl7i7UFe8dS5w&key=AIzaSyB_RPF64RaB3lypfA6VvXil87xSttgcUNY
Worthy Park,1801 Main Street,Huntington Beach,CA,92648,33.6744651,-118.003245,https://maps.googleapis.com/maps/api/place/photo?maxwidth=800&photo_reference=AXQCQNS5vq9RhYQbBprSmBZcvizPR_X3THmalEptj_jk8YBegPzpR7yJlPKKwERdStbUNWnuqHkK-QfyRJqeuJeaHT9cXrSCd-b3UTt2wUAwbqG0HjQh8wKNCdv950-iY9f6aWvqZCWI1ubXW-7WPDXtFT9ULo1gMYRMxORtQhr51VvA28vrg9F3_uW9PjnT6p6MpL9UJMHmHUSxF4GZtg4IlAoGZpOqt5QGGFGtgIP0RstkgHxy1Obmk0ym3Cp682vmV__Hm--BvoZ8VqbzmFlDrRjG3IJEMmE8TkQFLcB4Uf3YeJ6OaZNiHCfONCIG0wMHVAJENalYdniuZh4tcQo5Yc8xfAR3OMfeBQz01BnLLPhsOA5DkCjw2Gc_s8p2x77bGEiBpeg2801rQN5WNzAIGm7DPpqIvpx5T9Av5doih_woiHJnOSmHs5ltC0Ow_qFysjKQe9wtKfFoFmeTbDgl2OLqelns1iOfGEE0En4e0-FkOFson2uVKBCZ1Az5AKka9UCdfCcRTgpunWI8d0zCVjZ9gmAcF-dHKVhhUIgLs0Ky8MR5KvV5bwCNSD4wrJLIy5AbaZEBKRJMPrDFJ1Aiv1PMBGpsoXmsRW0l-vBt-_aMy3ymQBAAwehCzEEkssNyuoBdHg&key=AIzaSyB_RPF64RaB3lypfA6VvXil87xSttgcUNY
Downtown Recreation Center,1860 Anaheim Avenue,Costa Mesa,CA,92627,33.6414094,-117.9230358,https://maps.googleapis.com/maps/api/place/photo?maxwidth=800&photo_reference=AXQCQNRrjqpX84cYdzCrjk9qEYPgFqfw0mK84LnGNEkuioY8rJlguSb-lu2gWgbGYCOtDCruUN--SQ9lx88AA0IqQqtN6MP5L36kvY13udVTgQmMmY3f1Sfle_ackW8slWQQy-Rt3OPfy5RLmT9SFRXoYkvD9zEeJe5i3mHRV6EuYAzsHhaGtyYpFOUwebl74T8KpcVq-fDpB4-dRQz700EZZE-0E3Q1Pdp4GZO2yYKSKiit6fDM0TsWzJ7sf7OW-QqobtdjfzoyknT5iQy04Q62fEZj84LcE3ewVIF6IMGVFyIkxYneCAzUPHgyJAKOlUwel74io7b61VS6WCpqrqVPPyC8TC-mpnuQEgkQ9NDddpX7mz5wEtBuZFMd7slsWa3Shpatk_LsLoREcd9YLtcPhcsbghDcPEEHPtwuVBIx2ZAPyPLY_coPbHMFVau3_DvEWm_4_e82PajjpGC72sWWBpxKKthy7C1T0qYr3IdaNvrhWdXLOBb2w0auaYNb4_gaAYAlejDEf97qWP9QGgoey6-Ow6p-ArEpuTjUh__4r0oGWW1FpFllROSSiObFmHgVvAbVx5oRwD4Jk4jT1tS5L5VncZy7k2H7ujQnqZirq_aCsI5DAJ9_9w2oqlCh-d_Sb3S2aeNp&key=AIzaSyB_RPF64RaB3lypfA6VvXil87xSttgcUNY
On the Rise Pickleball Fountain Valley,17272 Newhope Street,Fountain Valley,CA,92708,33.713682,-117.9249459,https://maps.googleapis.com/maps/api/place/photo?maxwidth=800&photo_reference=AXQCQNRP58vYxWZAUsZXd5WXH1qwSgIbG_neoGv0SjM7xlK9C_a3KPm9z1ghnDP8DYezYYqGW-XYwEMRM3PrxDCWrcsEZvYQXjyyE-s3kfA1jxef1RKcXQPU0rnQNT-CHrkUdUwUeXOwtPMosCt821NRAX7JKYRuqq0o7D-8HKFi6saSwZRvZ-TFxX3Q85yx0hLdmu6A-EZHMqGw8G8bam3TzSJpQ29WW_iiU6KOhiL8mu00mDZaUqwrocGY8G3dWiRuPy0v7-SsCNdjRl3Smb31dfxr3HN1V_HaBygzcKBHEbS1oYNwf36knT2JPKyqpnhUHhqAie64NOw&key=AIzaSyB_RPF64RaB3lypfA6VvXil87xSttgcUNY
Marina Park,5562 Cross Drive,Huntington Beach,CA,92649,33.7314198,-118.031528,https://maps.googleapis.com/maps/api/place/photo?maxwidth=800&photo_reference=AXQCQNRNm27f2BhzfvsuZ7tI9Xuw14n8PmZVwN7rmzwO_gLpeUmiOEe0XUOIB9100PsqrTKuBnOzMa-t47-F7Xuv9hLfd4-W18k3MbAlq1V83mjCbypkCwIWLmmPe_fuyv3e5ouKe8ynPcrQCw0NkN-U2OjiviJNz9YRsOUIQzIyH_WSFh3kio9Z861TfjmU28AKLXGnmwewDunRsvsq-uqG6TzjCcZJBIxxyI1cgSUpf-v0J9bWyxld7eTAyFA2Eq9f7WN1OcWoQFZvzUIjduXJAZrmwiymF2zCidcGESQPJN4DSMRDzdqczJ9_oy8PGAs8OQh86IP1EHi8tsn_Ycelz8BrIhoQSVZHRUfoWtr2nPM7tOQZJnNux7HXSgI79__HiysfMd3OrFsPVIhy5XnJGI53cKEq5u_kt-kw-TrXLXKbNHXVI59R4hx4qJPcWLiWkF6pC7z4_tsjoP6y3QMPjyGSsX-D3uZ1Q92GJK5Cycn8QrJhIg2uwqy63wDk9ky4Gi_izZHb44wouRBVeNvgJKkSmRjAOdflLMpg0sPrN7Pt3HBe2Tm-SXSuHVW1H8PpOZqoBIMymv-nvSUkzT8w0bk1CxvFmL_dfQ8V4BJbiOrSdEM3GqnD1V_BF5Wu6_5eCA7zqQ&key=AIzaSyB_RPF64RaB3lypfA6VvXil87xSttgcUNY
Ellis Park,10301 Ellis Avenue,Fountain Valley,CA,92708,33.6947184,-117.9491661,https://maps.googleapis.com/maps/api/place/photo?maxwidth=800&photo_reference=AXQCQNTRatFl_HLPvN1fJMqjGOTR8sSIR14KxAzu4gytGQOyMv-IZMVfAzTkOoeSY9O1Fw8J9CVpCS_URnTJ1sbNIfGfCfp6iKZ7GnVxOIAK9ed1mysZrcgPx7t5lZhoTqmqkqBvt8IB3V_p800djh3QY7AkaRw1F2c8vlg6AHx4McYWuZnIwOJQ8yKmxcrRccpWxJzT5ZAHDOkzKNm0YHOXzMgJKuqmyzi_In1Zpw5uOjYQOTflBpS2qnlV3mPxephk0G3HGXXnplzajr-IftShpd84bvP3RX9JWL1atjlUwhcM1DvJu6LjA7OsvosAtoG46OQRO3zsb3VAVUeUgmsfmnz9SAq8tCTBH7dnR_19BcX9zYRTz49kaOniEFRANoKnOryqieDO_LKcMMVGbFszOkWeQuQcjV-JT5-k6nh6Pnzt5GKRmCC5YxMW2gL4h9kn8eJpIhbomdaZlRR3vhDZgkf1yXq9__ZW3F2tgZnQuUNJoXwtXgkNOfClheyET3ANKS5T7jjRH1PYpaTfYOmgCqCw5VtY1TBw_P2PaGZQvkR44jhsRfyjCgMh6vw2cxquIITMXk175PR6KnhuUB6G9V978mqxdLpg7SBxdWhPcUo5fXF0O_5LTWcdTbv_fYQYxc2vzBmY&key=AIzaSyB_RPF64RaB3lypfA6VvXil87xSttgcUNY
Tanager Park,1780 Hummingbird Drive,Costa Mesa,CA,92626,33.6700803,-117.9289922,https://maps.googleapis.com/maps/api/place/photo?maxwidth=800&photo_reference=AXQCQNQzEzH7_0xZ5FdFffiKtIQjjph_L3PcqlpgXYeOC8F2LBHrewsel9Brrjx6zXlQAu7ktb7tkiVEibquc3bKvb4g0kn1U6OWMuIgJ2Or-4QlTqgTgXZ4b14bhPC9IKuzFcq8T6T7EhUTWAgyCGUQS_csagSX8cyDjaCwRz7l62RK6rpCGyf4DYi-y30_fRdwWV940X5Ruh5ADRUMAWcaWG1NDtERsP9OlKkpcItHsJXjM1uLab1umNb31n3jVthRcDO_X8UoeQUz6SoLHmVqDRJ1DpBJ9njOQQCDrxzdri_odJZgWO1wpx6JjcNDXyFVCVRzrEul_BvFOm_QDFROb1Ow7DxvaljPFvDCm9JhO-BirJhH1WjF01oLSjBeMz26L06UqorYS4tccS2NZYj2ctM2clxT8iMQ6c1JjZuSq6_dzLZJr1MPCLfTwdAOBUrZl8Wp61pvhKHFoZu5eSikGLIk2a1iYqOK1e89bYXHiFIGu2L6GDcq8X0LDR85BA9SdpKRrGL29xh2oXTm_ndBcU8q2zW_xguLIzraJzSQvN85nz68ddAb1QK2XGepEFgcTiQgBE5aFvkSJXVWvZQ2ARHQkch2Y5H1eFpk3z0rny45Ce5e9GDwVY3lkD174mNmOuSL3bFJ&key=AIzaSyB_RPF64RaB3lypfA6VvXil87xSttgcUNY
The Tennis and Pickleball Club at Newport Beach,11 Clubhouse Drive,Newport Beach,CA,92660,33.6104969,-117.8797688,https://maps.googleapis.com/maps/api/place/photo?maxwidth=800&photo_reference=AXQCQNSOVmAqMcFIC8WWYVSF-_wxv7P3AK87Xz05wqa7oHyR-3AuW_ob8ffI5MYpAaQuRllRc1MegHb3Y56e-ZSIL0ze2PZbnQCbr5xRJM4jes4oYhOlSB8uX9MnAUKRsKrjxRtQBHjFJA0X9t7n5nCmJ95maRc5BWvhhNU6FElgaxxJ8TtErScmMzmU74hVI5dM6WhZwhkNtyYlmsUeR2QejvaM4yD3LAZK4MHt1v5oADP7DMlPt7chB3u7DEXlY9OtiOlq3gmc4QOhyY1fPrUN7RabfAMvej2VHOY18tzLJVtf7-OriiHc14idpVB_TyuADw_t6IQoBjf9DJ4MZTZbgU-JW4L7z6Ire-RNr5iUt8UkmvsgLCtJtW7Jp8vGcKjFlHJgFZHDA3MpQgLeCu60UB6ho_divYdl7cUoe81Q26B0gdqFzcpOnR7FNl8TI12dn-O21ENo6SVSXbgy3bOofWBQ4c5PckP7SfDBTsdrMr8m7zCZzPPIhMAT0e5HxREEoSwe34xPnR_TS_zXn1hDIxuYMUMc2QkU7pE4QuaTgpbHFldzTxvhkxC8MX0cvSvUrGRJpjoInp4YzQIuIjNh_klg89L1xVEVwHbNlv3whDoOXUxBQbOZEwZM1u_3CDv78sdEZw&key=AIzaSyB_RPF64RaB3lypfA6VvXil87xSttgcUNY
Fountain Valley Recreation Center & Sports Park,16400 Brookhurst Street,Fountain Valley,CA,92708,33.7253784,-117.951292,https://maps.googleapis.com/maps/api/place/photo?maxwidth=800&photo_reference=AXQCQNRDtYq-U9nsPzm_s4jeJX7_TMswn0n5w9G5BkqpzBUSst5pITrQ99mCSQ5srLv9c9OpItoDNzbPBWlBUv2-Wl_R6z-KDklYGbJB6k4zU4XoxXgSygBTTnnWTrn6mm2kTUNyW7nT60gLSnNIWcfyd2PMpV0HuXW4X2fpzii2jwRY5yZr_-tvpQ6PjA0Xgk2nEZb2wkhwd5jrMssoygQdPkVVhhs-QWzWhJvS_MsGljvuQ-wLzrw7Eo_hOuD1v_nbp21e77Bm8lnKQCXbkbBbZG74fIPatILp3Em1RpjUJBpN6A_ciCxrDvkT9eyLM4VtRHRFMI64pNOqwunizMA1I-APW2DVGYTcPYtSWDirB8ZImNEjAWFgN0RNrA63sj81u4fHMVEta60OTucHoU5F-XyNt7mDw6Gf0JXIB1Rtkt7mz-CnYPfz08vIJh-3o3IY6KID7rJ9SHI7hdnLgGY2IiI1o7f6JPanZHkHDEsol0Jk4a6SiRVwR_vBRbbTU2UfzmLrJscWVaGRkyWJ_GYolyM0JsxkqBtlemvmqxY-YW48JLXMVw3b0z223v0mJuotHGgNUSPnrQkYG049R2MhgKAzsT4hBE21qarNLrCGgNQCeY_L6GYyUt3hgJPF0vsnN6RZqQ&key=AIzaSyB_RPF64RaB3lypfA6VvXil87xSttgcUNY
Costa Mesa Tennis Center,880 Junipero Drive,Costa Mesa,CA,92626,33.6703033,-117.8937911,https://maps.googleapis.com/maps/api/place/photo?maxwidth=800&photo_reference=AXQCQNSYdbOdIEzj_mKJivtTk0mBOtnhCFRkMqqpCtlBI96H_qf0_aBBnNywlpf5rewT1OBg3y8s__hyHWjtXDrB6X-2Kp4-nto7pBwk2UHJDUOcyWvgY6C9LSEgBgmF7W3HofyrCEuOt_Pw3FgkMoTF4COLEZ-1vbhXHAHhZoafd1yewT5oIhCREt9WcMcIlTTRGKYfHwF0apd3iI7g2BpUj6xlAnkxs9w8Unij7mQoQHRgNdAEqF8fbnMgfuTBS9NEFF2gVRt1wUyETPligUBACaLLQmfWtZ8uFH1F8bsq3nNjdN8noq3yi54lCLuLzl7dlyQ0981e_1epaXfawUsUvlwbBPxhc_-1lswScyx104N8fTqwIk7iMjS5lODD6rW8pn46z0p00aph4d2IL_dxDUad9OVxnpqRWpPPTcb82qlxlJNXQpZW5e486Z4wpIh_EXlR1LdSy7jPPmI4zpvSIhHUdSm7FS2IsnbYeURQubzWZs43Dewu__oLFi7tDbGKAQZvAsGdzsuJztjvEYCCj3t47TGsCn4uDG1ZxI-Cq7za8BKbqWPUC25J_qbYFNOyKL1CKPXpENbMKtdB3RSrm_cPup_BAftscvzj62G9dOwGxw_riSXtDoeBLRJEx78xVI4N5Q&key=AIzaSyB_RPF64RaB3lypfA6VvXil87xSttgcUNY
Mile Square Park Racquetball Courts,16400 Brookhurst Street,Fountain Valley,CA,92708,33.724876,-117.9538029,
Park West Park,,Midway City,CA,92655,33.7380529,-117.9843879,https://maps.googleapis.com/maps/api/place/photo?maxwidth=800&photo_reference=AXQCQNQuy0QW-rTvSvp62EAvp84joH20BhUuZE3xvo98Iadii0ZAMDAH-XbEX22KKFfBoVvmks8VaK3ZlX-Oy4BK2ZLomcvxUZUXVTDZdxgiWNarlESohVJfW42WLmUW4Utm7hKiK1biaEpReLCE5v-rQkeb-vQnWlQukU1rrZKhj3nUSsx4BX3QMB_YVwIcG9FRQFLTtLvifUrf8VrR3OLJyOoP59LvXs3BGQ_CD44U5aW8UPnaxO3xZ5_4L8tGvdiUpLf8dk-AP8tJ4XxsayKOAsdGqTOFiqy3PgnAmD_EJ7j3IhvjyRbLxHAU-HjsZEcMX1NqmPeOlm4Fulr7NDBrNYoOnJ0BRLdT6iYpJzNFUYNPs2EekownpGOSQWgxWxjDAuCiyddi-hyMqwPJ4c3hImfqXl--8BJoZjkRpo212YUujDGPJauVyZRB21R-0NdxmpAidvcVNDVhBBZ5tiWV4Qb_1RitfchwwZKl4TsfCzG818sz7mxstGyv9oTkRvbKVdAH7AxWTTZORsMVj2UjNqLHvPX86yDBlt6avpY4GVRPgQrA5nqSJmO9__bUMeaNMo2078FCQi3XRfHQ4xOgdcfb3uxMrBUGXKi6_1HF_F-Hac3gR4yz-f-NDqV1342ZeGjZ7g&key=AIzaSyB_RPF64RaB3lypfA6VvXil87xSttgcUNY
Wimbledon Park,3440 Wimbledon Way,Costa Mesa,CA,92626,33.6936403,-117.9056765,https://maps.googleapis.com/maps/api/place/photo?maxwidth=800&photo_reference=AXQCQNQsjul6a6Prdw1ZDVIat13fANC73TzM5n9HNgih1pun9t5Y_rS46klSbW_hqFnBijzO27Wnfe7cgeghpa60HwME-94aGjNmf9LgKN5EpfiAzNc1iOJ4K23Ui2uqgHpwrmBQfmmz5--Oe0FH6f-QVwW3O2Is37ylT-0IINPnXYNCZ7aj0dj32D-5k2aM7oAgYk0A68pHzXj2FxurfpuOZnFMnbK9WFlLYK-u9hGTkEssHOB94hB_PvsQa4dE2RTdnbIR139mOKLQPEDJGcQ2fmRHpnbyJwKeb49cdAKF8dFttdxCqX7_kwGxQhbc5Aw0wXDbK6dVSHJTTy3mq0BGqNcz-d-Nf0tzNfdD0jHj7HnLYWFQP-zsAqPpOLtm5YyYJ7cusj8jZHjAIgDNC-NabY1rrK5GsBps0XXcbha04sr1GpoBnhKAdgJNdDUDdeG8IEh187MFsV8bkHnzlE82ep0UmWvEcUtLkL81Pi9byFMxt2vzHTc0Br1YI_e9iqsPtaTmJx7jyz_Mp1Wu-bE_P7MA2wN7Qo8nmJlJsO3ntyDSlKwmeESjurg0q3UMcBfq5_ejgZZw7d-qOH1BDrSU6H6FlOU_WoAjmfrCMEpMHqxhfHK7l4MoC-DP7W1Ud5u7mQqgOg&key=AIzaSyB_RPF64RaB3lypfA6VvXil87xSttgcUNY
Mariners Park & VJ Community Center,1300 Irvine Avenue,Newport Beach,CA,92660,33.6332236,-117.9032506,https://maps.googleapis.com/maps/api/place/photo?maxwidth=800&photo_reference=AXQCQNS7agNz-rwWr7FnuDmDIo49gl8xZtTHBh9Kh0PyABEFDHIVpym5kCnUb5dy4gw3ODjGqTwgZwl4P84iWdD_7nrDr0RXbDPvlqsGI5hzcVvRQ67IS4_yN5RFiI1RrJFuGLjNMWM-7tPmqYH92avNsN20RGL9FkJ9yGsaWCn-uh4PVWDC3rM-jm6snzUryigeJmLBcbmMFyKScnYiyvawzrt3mVoqA04pZO3t0chudhZfw_WWENEor4QEi9APdwwEYXqAG8sBCsn0uwMvfg2FgL1lwzKE9HFS25-XTgo-weyCbo5hIE8y5bJ-X-0HO5JKlvxGKzdDqbg&key=AIzaSyB_RPF64RaB3lypfA6VvXil87xSttgcUNY
Elden F Gillespie Park,9801 McFadden Avenue,Westminster,CA,92683,33.7381798,-117.9586319,https://maps.googleapis.com/maps/api/place/photo?maxwidth=800&photo_reference=AXQCQNTLW-7lhBzKzIrQb8JL59bfQm27ebRIpaLBI57rov1alLFh0nhpnUfelhLu9-6L4crDUh1imj4D67jEmhvq0XM7nY1WQn_I5ewQj_bqDCjGPP1YL88iRrI92toi1b0Whd_7bqGV0LJUOJe2nv7ovq2Vh6gOuJAZznAnm5svKSi1gaxk69NHseExYDF4ccO_wbOLG9LBpwn9NatzOzgMXDvcXuSNf9tGVMu33WbRE0cKx_FFwGC-32EtonXgdCISJuL4b6H8tK-h6jLTVL3U7x_SO7p2nSigeOQYRr5p4KGkCc8swOoHmCD0QdKQHAPJ0fRPsp5RecFlusis37HLKCoLEiyCl4IpIuN-Ii4pJ0wK8UMp3wyoSmpzTHgDjG42o_0TH0xDG8kndei-3IgrpOPz-VW7vLvwUJjy4kqherpUdZ36ouQImOrU_RP9oChPoLuHs06sZ-ztmLPKmzGW-EQpgZd_B_thYY4E1cSN5aRLDPwaZpngHu_iVQahJA4Wvzzpb8iS6wU2b6PJX2Y7g0AvA2VNc_Fkp6IArO9AGNiGmvj9_FGmAW4BEERFjReGqAgATuShJ_e_-9UCYfGso6jOdze_HJPWR2Oin-pyPx_6HaFYMWXDzwakJWqUR8T2Xzcq-yXM&key=AIzaSyB_RPF64RaB3lypfA6VvXil87xSttgcUNY
Tennis Courts,,Fountain Valley,CA,92708,33.727001,-117.9529862,https://maps.googleapis.com/maps/api/place/photo?maxwidth=800&photo_reference=AXQCQNTWFnn7togag_CQeQ9w321duKPW2QMiRIA8TL2DhrGB-XCMXovBKeHNTEoTnX2rTj19PXZLvQpZNDmM0SC_Mv2sTpXmHYFBPrsVZZJxs7LPmD1xHv6UST2lP3cqS0APcqMPt_FPSeo-0s4IeqVDoB8m1m5OPD1WBI_epkFOpH4J4uWb4z0_io5wdpQDEiLWHSPYjbecxxD28xV_BePsw993EpAAa1aI7FYy4zOQbtq1XT3QOlj62dWVMcdKx3C30RXkmxgoNMdEw6JaMpTbYQ_5D5GQeazCIrDnNxnHMrESnmsJ7VGZJyruDj9WAJqPrNAPMRJae5pEp6VmwJoVNKI0Bl9XzajYnbITmqCI2IpXrtcUcP865L4i004sDSTLbgLINregJ-0Ostut66ksvsAapCSu9gmqgpUOOJDaJ_0IpJvaVBTqjGx6ewH-Hx4YIZtZ_DmOeX4ge2Vd2t_Y_vd98X29mbJBVP0q9ECPReQyZ3dwV7SR5muEdvljs3nEvkgjgsppLwD5JhJ4yr_Mk42mxFAcNKtYq-3rQtWLzhZuII0aimjzSqVR1Uxxe5Onz7VtXdSrbUjufjNWredLOvm_36kiZBZnzQ1pjzGawe8Kn7l0oddK-tsi4Zz9JV1gi_CGTZYp&key=AIzaSyB_RPF64RaB3lypfA6VvXil87xSttgcUNY
Green Park,18751 Seagate Drive,Huntington Beach,CA,92648,33.6894365,-117.9992279,https://maps.googleapis.com/maps/api/place/photo?maxwidth=800&photo_reference=AXQCQNTfvZGZlXdHfxP-dcoY90rc2HAsO8RvNO9xDzEt33cMlALrZdLh4zhKgexPH1ZuiuvoyYiRZHtUzfHKJlHyzuyahUqPUHb_d-0asqV5yBNt4J8oSVzOPPOzCzlZqaamDm5mi1G83d70Y_dSFZpW0hIo6DxOMb4YH1JOdhipSF1onwoVJRfeAo3OZVs3JMRKb0atebuNeFQrXvtJZW9M74m2-ab6zCiMBD8iDAT5Y6XGCDiVZBBycN48lHLyrzC9Cn-vrpa7_a7yXp-CPbmrieZ5rJPtdyIv4_WTndD3Qt6K82kZuIiYTzoukcxhwHWdgA1KnLztBapzaxhgJo_Xs-vhdQPGuJeFVosGQ23QAvmvYlu220Bc7GzvbVKcJv3s_806yfOwcZCc-J4rZlxOjKbGml-grA7mbLbrnsHliFM5iZwlIDpYQzD5JV5vUHuHdCtrIWxWOTdE64LHTKGvvf1SLTmhNY2qj5HaJSrd-4kZxJSF3GIVgp3nFEUzqW3DcjK_4Jddnh6kBdwq6yU_AeTxvzJbXL7DwdJDDVmmKJMlUT-6jfABJyKjgDIjYvHamEPyz1WAs36v2EVXQKpXzu2BBCM23kpUmlqBt69TLdTGnodn7wki1t3dvr27DzHUg1RpmQ&key=AIzaSyB_RPF64RaB3lypfA6VvXil87xSttgcUNY
Basketball Court At Wakeham Park,1054 Redding Avenue,Costa Mesa,CA,92626,33.6909154,-117.9004424,https://maps.googleapis.com/maps/api/place/photo?maxwidth=800&photo_reference=AXQCQNSjUHkQ2dNcaSehSqesPQAOBqTe9_TlzwTWOQJ7tJdzfunvIjyL_dxwbhS8OvwYt1hFk83QVlYVaKXdlyqVF4Cvzv4WalgOwvhzp3L64MYyBH_CGI2TP1srWW_v1mKEfaqJw46S_Xn_Xzp8hHtv9NFhubN6oDjW0QbNEgVN1KZZB72QuDdM2l4yhFYOz2dMGRC7hhWu8S5t7x3TcSqv8xjGtj0fqAYiLo5eyfNL9FhyaMjiDGfrsXCJTUVnkC-aWSAowMYR6dez7aIG2sRL35R5lPa3SF1ElP0fUd_0CBAH1Dx70ellFgLgQ7f-rmwzJI-uWQ&key=AIzaSyB_RPF64RaB3lypfA6VvXil87xSttgcUNY
SAHS Pickleball Courts,721 West 1st Street,Santa Ana,CA,92701,33.7448344,-117.8757134,https://maps.googleapis.com/maps/api/place/photo?maxwidth=800&photo_reference=AXQCQNT7QQSsPkmG42_xqy8LUnN1Bd85aOHn1uX_3jM4n-mk3pkG25qWfXDBSdnKAWbcuTKAnEkEX5aCAdRbZ6DYZWiVBcVWDBSHINB_s28SyNbnHfo4Mu9cc5qaF7znmYkiTHOwfQKo1ecMz_bzHV5I5bnIUVAN57P9p-EtJXNDHXSaWskafgNpUJsvJSfDDgsxsKFAau8eOb8roRmYjMvnAuCFkXu_oBqTiEY5uqFDb7fdIeCqLLQ1PPSDtcAvJm_gRMUaogj46-BT5zRfC7mefGIXLegM7ELdu3fgUH0nnFes01bLLuY0XJSXP5WWBPh4s5HsYcIptk6q3VYDopTOYSYawerSxOrQELA5D9m4dDYikJhq6oVBXrLCVfrL-e8bqJzx-3Uv0I0YEQiLdQQUpMVhcHTGz2cjjiGYFr2QV919qoYqgPHQpYZVBR4xih_J7NHj4-1yARSV6gumpl0-0M31p33ze-gAdTX8g23euGihsFhNzTQZmKiWy7k3wAfkJYDDYpLePT1wgo28X3JKX4yMajB45baykgXYW96N3ANRu4yS9jy3pwSTni0JjQVOrRHNqhxdZ3QjNtqWU01b9F_PHEjmdsDHpdLZGB3bBbAdTJhXEDzDi02s5Nwit8QE98ApTie3&key=AIzaSyB_RPF64RaB3lypfA6VvXil87xSttgcUNY
TeWinkle Park,970 Arlington Drive,Costa Mesa,CA,92626,33.6702649,-117.8985571,https://maps.googleapis.com/maps/api/place/photo?maxwidth=800&photo_reference=AXQCQNSBMeZPoOeW7cpFobG6z4hpthXf7_YeYR8pxwkVzzWai5le5HGu3hRzBDsG3cgfhoiTH-ChKupoZKN9eFbriq_ycHeCyxmWaNOiuMDl4zNz4bQkdV_rf-qibeMXRkrWp8UG8mMugcqmuMLrXuqHM7e5W-jIW66Azbhu1PpRsw-kroSCTT1lc5VfT5EKnb8RgX9ZM8Y0EQf89iciuKK-s51sceyCdmCa_aYDoYGWqPUUqCJbQj0xbMTCg0C7Etg62qb0a5D3N6Pi2RnaoBwHVEZIz8XRb90n68_r3u4EkUgLjRWF1fIZFabVP_dRonzZdSb3T_A6NlL_hSS8QCW3AsvIqVPd5ZohyxhOK0UwK1Npyw_sXClIgJCIgj6uoEMaRR3ox3xE3InCSlm7X_DDeVFwaFU9H7gcxcP010Cku1GRAwX7OoHmJf2aFwcTgYLT6i2Ye0TEaUz_yFAO4urdQL45gGSdtsOPnNzMqtzhwhJrGVyepyvIonik9Z39oeh3Anvm01KuxgR4bZc4baXj58Q58TT0HmIuGVcE4dZ3NKC7G4_igpelqfYuV23GCf1C9aCJWVogqAim7PrPTq4DZTtIpPrdKGjcAgTiEes89g80ypF2Fl0jlZZfdDIlEveYLuQ5zU_w&key=AIzaSyB_RPF64RaB3lypfA6VvXil87xSttgcUNY
Newport Beach Tennis Club,2601 Eastbluff Drive,Newport Beach,CA,92660,33.6416577,-117.8748595,https://maps.googleapis.com/maps/api/place/photo?maxwidth=800&photo_reference=AXQCQNScHOKtuICxEJ22NzrKl_bOftap2-uj4LzmzcMfWG2RUZfrfP6aI97YNMjIiYm6nfu9KKw5OFjsF7_JdFPYZHndZ7aU0FdhWfKzOS_ASvUgyYb_HMZegaQLHocilEZbC8-qIpR6c50WMRGEBp2EqpYdFm7fJw2QfeFI4MQdmmkqf-l-Tid2j7_INcQTy5TNysMmRNbyU6KeQAcrk9XU1T7ozNmtk0C91jPNjtF8k3oLDPyHVU-XD7LH-bRGi9i7BVyBUIYywyHedkULT8TElSgb6lloY-6xqrwcSHySGqPVEtH8KjBo0COQ2GfpxlFBOoto3VjW_EE&key=AIzaSyB_RPF64RaB3lypfA6VvXil87xSttgcUNY
Sigler Park,7200 Plaza Street,Westminster,CA,92683,33.7570861,-118.0012167,https://maps.googleapis.com/maps/api/place/photo?maxwidth=800&photo_reference=AXQCQNRNSXfw61TCeb_frgGEgwPLGlhVCFxRf64CQKGFXmaEFn9TwPzZUtYp7EuNUbCk2iXth7iCtakvKWUfFFKUbahtei2mKsrIRX8wGHovXLv3TYq-3eD8br0gkedH9fxj6hzPYzYYyu6OcvTBaFry-K6p7pIWOHxt5u1BbDXZoD6T5h9Z5TeiNllAMX2c8RpYcbNDsc0linmSNKYlzrImA6vfYVnesaOmVVUlYuK6bTG6KgGVJDwwgAvj7JA0ATNuKpBtmCamgtocwWBvJpsqUSpCPT86z_TwjkT00BAaTNVMQz-sBNRIX7kgyDW15cYyiTgvwmgSY5RqHRHC9JE-gW1gAXSIJQfVPuO9Ad1hHJRaRX77YWUrdRlAyAz0qw9DLRbbDouwOKGl-OwB7Ji5L0otwiaXp58kphPH1A0UNVzsJOI1IPZYzsMVV7lBPKn_RFQTm-fer7Gvu8pbSR9dVUanjz9DpY7YvxXy8phOU4FIwrjpndm-1LbebvzIFAJGlZBSU0LE0Fhp9JtSevsWveW404FdWodqOpUO8DGS7B3N276VstQPBymdXVOyFTRMymdSnq-n6Y-FZaa1OO-4VcGGC-8uq-v3nFjpv9F1ZF5tqehPourz7_a79ibBd1fOxSuuCQD_&key=AIzaSyB_RPF64RaB3lypfA6VvXil87xSttgcUNY
Fountain Valley Tennis & Pickleball Center,16400 Brookhurst Street,Fountain Valley,CA,92708,33.7250948,-117.953867,https://maps.googleapis.com/maps/api/place/photo?maxwidth=800&photo_reference=AXQCQNTZcE5RMu_s-kSABUZ97rEv-jbjpAO-G79Jeefp8qm1ht_Z97byLhFmwKfOtxD48Fcqhj-H5fyf3tzVjqaHuGXcO0N-b-7YNv8PyKoJ6rRh_w5h-ovIkecpjXPnCGgAaRL3md22cmyTrndIo-eD1Jw13QZmp2oBkhI9yFLzN54lsZLMtvE2k-bDYbnFMEFfgCWLCakv7i4ZbNN5h-TiA8ZZXIRtE8SVWQMN7RrjHaPE0r5sY5cTnFOCqZxpgR8ubvNf1SvJmCU78b_M68kF0SJJJA2308z0O2glkCSpPHmOCHyGd740-VLeWI2wSL56magQhbDTEP0&key=AIzaSyB_RPF64RaB3lypfA6VvXil87xSttgcUNY
Win Win Pickleball Orange County,17280 Newhope Street,Fountain Valley,CA,92708,33.712556,-117.925518,https://maps.googleapis.com/maps/api/place/photo?maxwidth=800&photo_reference=AXQCQNRX-ZeJy2IcGYIK1OQKg26CmzK_trKz08bxx7EFQRf8Yukxac7x4FTlh0uEH693-ZyQBDufEavkKLtoXvzEzS11hH9d16hYEkXdWj8An1g5tacAJt5yYnmUVIcReUy78d-ZivjD_5qyL1wnik5vVYYM-E5RpdtJdOMgi_TWMIHBqgNe0WKv5Ss3pItk_eG7BL9NuggDR27DTNvACUttyGAdQb0XO8kCBdpwepMufgbgkMxwO_MwQNBcix9YOLL7Rkyc3w1tjiDaiUtXNG3rHmANUb6qfaXf6z7-EucskDrXs6cSXoL5pOyC0oE5KGqRYJU3mngt8EUVVhleYH1r38I4iV49IlrZLL6-H1MQk6_Y6hvGrfNDZQ24NwMtZjUW-FiIjzrFQoOi6VLtmF63kZ9VFMd0Smm9TZRTJs_FcQld31V4HNQfZUDmWLHPs_UiCX5pUUbRppEE6bQo8zJltJSXEvI3L-KxvjRak71uKCfiVkJsKo9c4qP7EbxjGT1nyqj4LFIa1Aa7Pxu6QlWI75c43AMYlyRw_MJUu4yAphJcNTC_o9kGGuKe2O67j1CrEn4SUUW8W9clclnewBnzIbbWuqvI_hCddXoQ8i44arWXlfsMyBjCp09i-sYsJtKy&key=AIzaSyB_RPF64RaB3lypfA6VvXil87xSttgcUNY
Harbour view Tennis courts,16400 Saybrook Lane,Huntington Beach,CA,92649,33.7222638,-118.0539872,https://maps.googleapis.com/maps/api/place/photo?maxwidth=800&photo_reference=AXQCQNSqzEnozGnvwCHrhpnsdhHbdIrYx6S_broGLwwC0UqnBCWCteEoPKgaExhJaVqKH1mZJeX4W4_I30Vpaif5jjaQMAKrYdkDY_ycW8k8JbznvzH229fhFwOcnC4XqJ1tTg5v_moFBzMBdYYjRGa29ijUP-TiNNp2g3ZvyAS4ci6q1PgYMf4xnsF3K7mhHQ3_DX_WjFhJHv53wAupyfvSZhJEjQ1TBt6NWLa1enafQgF-C-hVCS6UKtFxnFk3CNB3HcBXhNJ967jR_0FY0azomhaRvkPDK1ZhJu7XwBcFLOLFVQk2A2YcuMwdRJysUGNw0I4hoL4_NSq-3cXcZunYwdncvuakN1N7zpLwyN_RSg7erWfGZSaeOagK2lAyq32ry7i7k3D3P7Y9yTyCsTx85kuk_hLYeLwHQ3ZAQkZSIug4XevG9LJNmJWZ0J0LGrgBjbtnlo7VcAOy3NPGiHjjy72F0LOk8_9zUoCwAHXXAzug0iwbRPrsuerRtoOGdiBIaQLjJ0Twh9Ye11JUfgyooQRKvGfaXjmp2ZEbadofBpxFIodvTW4cF2ieTYrKunQBvxgjx_-GJwXbLxj53ggDu_4iBjtH9kkvqeubyxRwE0WSXKrO5JWkWnZyeteNi60c36vcWx4U&key=AIzaSyB_RPF64RaB3lypfA6VvXil87xSttgcUNY
Mile Square Regional Park,16801 Euclid Street,Fountain Valley,CA,92708,33.7190281,-117.9382728,https://maps.googleapis.com/maps/api/place/photo?maxwidth=800&photo_reference=AXQCQNQxJLyosvnzZWOecFq7KQd49FGIMjQKB-XXwOJUE0XZrp0SXbTI_QHf_5joJksvq3tZqJGwY7iLgWsuvTecIfSnixtSSqtY8h32MvbZaBQm_bh2_RUALD6--qdV0uTsjc993INHb0RNrOIh-K3F02ZxHYAMl3eQ_Ma60jnBnpNkL6cI6S2Br154A2ek9nl3rtjUbule6C2KbnQdIcDtM0rNuAikbQIxHopcBqYSpYdd1N2WZGORM3jqFVELYqHOOA7Ke8rC3vfRADTqhbGyO_Xze3oV3t6SU_UIa7bJZ5rKq2Y_5AhPio7JOU9t6PuuNuffXlvzw7FCyM8T9iFfZv6qs-yZxhZAfK_6tHIavvBH8WHugMK7Y3eGhmXaXzR1FES78hrzAPwWTFwcPvbW1Pi2Y2F6q0kHmj4Pgj10W8vHO-IvJvYlKovoPkgKFnfEQpmRk1fLhZp49gUnkoBoJTc4dMxicNYXCSOAw44aGaY1pOMQbSOBwNdgZ8jRUABMC99zJNPDegV9LBFuc4x4KazPPFhLSmXoJb_BZJAduDfzXg-JHEQI62bjCLqTaKFLLhfFU6nPb-6cH5rbY8VQGqsOAH1m0O6iYon1Ysf2629AAMbfSDLKbbo9trPfATSEFO82KQ&key=AIzaSyB_RPF64RaB3lypfA6VvXil87xSttgcUNY
Lido Isle Pickleball and Basketball,217 Via Jucar,Newport Beach,CA,92663,33.6135131,-117.918551,
Marina Park Tennis Courts,5562 Cross Drive,Huntington Beach,CA,92649,33.7322646,-118.0316692,https://maps.googleapis.com/maps/api/place/photo?maxwidth=800&photo_reference=AXQCQNTPJzjq1WQldIgDoQTJF1EXf9zqzdUUMEh4liVJS9tk2i3ZXkfwA1Udk74kbpve4_-L6pIwY78chHIxNt5IZC31SW3Be9JJ09y_s1EchADffNW0JqtH7HGCPZqhqq5KAWowW1oncn1CFWvjphoOvlliUJXL3QjhnlhxO53IKm_38vONodJ0sUznQYraN5wNqDnc4eaLXynLMCM1oQKOJrIwJ-oofW9iQsXpROLs630oS0e6JUqvhzimoO_mrF568oo9H9qSalH45C3oI_ewOcEB3llYenO8XcsSZUq60PSKQPt4NGgAYxT9AYzfllXnZokzOg1bcmiTHE9ABuYThdElt7eapBau9yQ6RMN_Gpm1AGeV2tHfRtH7JaACLz5TeIjEYWAEOQm4IE67GRTbjtLH8O-7f8FL3GlwNAa1yJqjFm8gh8BQ-Gs9d4G8NHI6e2rtlt_fjHJKW-vnTKJaKd4GEcRUD99bcBjnNkBdPBKGxmSa5Zb1_nvzTFIRzZU3k01WLUjGNtjuPd3QXpB7HlIMAiVSmdVdc8DimIsRlTN0b5HnuKHCLg74T2RSlAcKTg5h1DnxonE83BHqsPaLC4rjmEvaTqvxvvrj45Va4uXvMlKmdHOqDJ1jgjrvqEmU2xDOeWX2QsUI5leiHkL7jQ&key=AIzaSyB_RPF64RaB3lypfA6VvXil87xSttgcUNY
Pickleball,18430 Brookhurst Street,Fountain Valley,CA,92708,33.6949929,-117.9529538,
Gisler Park,21215 Strathmoor Lane,Huntington Beach,CA,92646,33.6539453,-117.9580488,https://maps.googleapis.com/maps/api/place/photo?maxwidth=800&photo_reference=AXQCQNTaU5oQ84h4AllbJwLvzW--mEb19iDhBhaQnUJ_Yp3-aPzW4FQ4IS06qYVbVJ8qXMNW7OhybbeRv_zqM7kGvMoW-9sKXGR4DaRDJdN-0St3tv34Rksh-CJB4-S2tcuy7CYkU0fnwIN-bZfzx03cXA7O2Gen96ehHIqxfNGVmb0NT4yHF_3suZM0bKY7ikPYKnOYY7lBQ7VvKgTTW7AxMZI0YPdb48b7xBTIVljVrMG8_Pz1oSFzCu8MnffWB6qoJx_2XAV9J4MlTSpfyUfw7k6dzMkagRf5NqolL-oYktKdXUgFKr_qlDgCQ6955IWvZhwY86NgfAs0A068D1XS5EqrpJk1hCMWMbopuIbFs29MjUZTMbt0pW4bUouKMfFD1imMDOdrzPhI5mJZLxk1tbM28vYHYRV-SREIe6rnzQO_SLud29peiqx_iWRXT44ML0sx2UJHJsJrb2OZC9bYXYTTKvp12mpWG5sVZ0HmtEZzOyUbw2rkWZo-KWOj2Si0GQe1CScNbJmHGBcvmXP-zpVM4QMB8fec776z50o3otFqEPp6DHLc66AkCVfZ-Lheosy33IfsICg6ejxq1ZReJenV-7dxub4b3m4KnEHXfKGCAWiTn8Ifjj-xAj7Z5z4G-GOpmw&key=AIzaSyB_RPF64RaB3lypfA6VvXil87xSttgcUNY
All4pickleball,14325 Goldenwest Street,Westminster,CA,92683,33.7541904,-118.0078146,https://maps.googleapis.com/maps/api/place/photo?maxwidth=800&photo_reference=AXQCQNTONJ15KIFQXfReiTeD_yTKefsh2aTQpuDMrcHQ5aKOzProWC8fJdtFW1_ZCGV8fah_opRz9UNwPDq-EXQZni9XKHFUa6REJ4uBj7dxmqSgiHY9Fi7694qtdxatP0f9Y_QuxVtxnc5Vni8C4PXyg3XEZ_frpcXYyvk9FbRF3AhU6guPTQvQI-IBM8CsSodoU06z8brMOb9CHhQZwPRm8zsBu43jshthDvgqkdFtGSLAM8sgD8O8jnTTNQJvc2Mv76pNq4wC1vZr3NPxqeWKif6m41XesAcY8qnH3v3YgHfzYZNrp8KfNSX-EuljuPThvmsqCG1CUwU&key=AIzaSyB_RPF64RaB3lypfA6VvXil87xSttgcUNY
Halecrest Park,3107 Killybrooke Lane,Costa Mesa,CA,92626,33.6841443,-117.9141516,https://maps.googleapis.com/maps/api/place/photo?maxwidth=800&photo_reference=AXQCQNRAh0Kzj6mu8B1fKigD_yoVGRkeXOtwMOXeorx0i5VgAKzoOV9fzwwx2e8CIUhd2dk79eCav9Rupgy_suJllnvpTt1XINV6OUjSiQ53JleJS3RwQerPYCRKSTEOH7KP8RCOKQBn-lXBIN_qcL8_xgSpwX1UtVrj7noZdBJJLivfktsQNYqoTSjDvP5xqYSg0B91o-AtYnylJh3NuwfHQwaoUKY6vI9ZSE7gTGG3jMZN1zUGw2Sn0UOY9OK9Bl8tddlPqBgE28vgVw_hTHgUWSnvAgg6LMcZgcjJaevPZ4fcAVyxbGNHQDeG6ZpbtVLAPP-gRhsl60A&key=AIzaSyB_RPF64RaB3lypfA6VvXil87xSttgcUNY
Pickleball Courts,,Fountain Valley,CA,92708,33.7273791,-117.9541396,https://maps.googleapis.com/maps/api/place/photo?maxwidth=800&photo_reference=AXQCQNRjKYsAPBdJv6JxDjwp3WZLYaHXl59ZH8NtuHuLjv6YNEhA4s7sChM1ps4ObFnTTxUNPJHJckQtPS3wvouejgbZ7H2hFvBDVIb8pMrxwPB7lYuPJ8erYHwXh_wm1Qj1TBsQNqQC1znlBYYCNFHLaxeo7ACe_bTfFqZ3NBcqRh7TeJy5xNI_HPqcS3xlFta_WSWqPd85YcNWSPC7e8GbjFdKhOMfBj0MFCHoqctZT6RpLRuDmKOKAbb2JOY1pZptpStwP6uJNvnImJ-9TEGWYbXF5PcE14HH4sSPrLy2FmUe4w8FvIIFjy9hZmS5MY_IP8KktFu87fR-ra0W-zKufe_DRDYV9GjPgBSlYH_6Hq1-W5I5SI9ECVqGx4BPzk2lBtQXU39dzjEo5PMfSOGdOZg4Vuu5BpMEEzAubbOq9XOAylc8clbMbOPTl7BJS2Hd56MCWgqj_YBOeRfe8V1a_MQcxM22LRSClPKsAhKayiAIvzs6-IHhbne8fyWG_PQd3M5sCgBwx2lqmG7gsP5U8XHbeXwptbT4WZDx58FMF9MzrBJPSkKhOZ13unBX0FYLDo1jeKLECfGnpRrI1S_VHPo5nr-4sKvAMDTDzeXKEHBZWecORN2U-CegLdDXeR-UqvYpbw&key=AIzaSyB_RPF64RaB3lypfA6VvXil87xSttgcUNY
San Carlo Park,15 San Carlo,Irvine,CA,92614,33.6810438,-117.8285784,https://maps.googleapis.com/maps/api/place/photo?maxwidth=800&photo_reference=AXQCQNQvw6_v7_8KmeRCaakdRuFoTPs2K9x_SkoYRYrrknbQHJ601ZxbpnFP4_fi2uJQY4WcnQLFCwCHMGXauRp7FIoXXr0NOlIGMqVJ5qkR3R2sVZuR6P3tG42L8qyBOAfL1__HQLSG8rL26vGYg-KWM3bWYypFMAWBQjHhy63UZVrtzHTu8JGm44vb2NfW-Uj1tu1ICNKk5mWHrglXELgQPKlEiyxCN8OSm9iQC6ioGo_vfmNcdhKQPGafQUTO9he45T2N7EvUMKSBd-5syhfLhw91dYDLWTmOiW0_LpgCAQlWGm_Vh_1VClgpUBj7KdFZ9wayZDMyj9YqbQ3seZuSLspUCHIlkPARPooT-bwKJKQEd_L_LWvsqzXFhtdHhQ9_rydnmZ_7_aHx6edqPixpu88Y69XKOGlrGUHy1q0XqoCBkASVfj54-cFiVpWeNPg5-_5q_fOdwZuTQl9iQI7sADGI0mF8h-09eJJuP0kE446nJ74eZRwYSE6zeV4xO1gngkl2NXrXL2BXl1c4Btqzku3N6BKagSQZM9EaXz7H4QuO3fh_YG2H8Nt4TsAom4K51NzQs1SjHMozh3bf__Ol8UTEG2OgqYWmtLSjqS4i9ja8QEl2PA1tNDQzv0d0GERw09B5uA&key=AIzaSyB_RPF64RaB3lypfA6VvXil87xSttgcUNY
University Community Park,1 Beech Tree Lane,Irvine,CA,92612,33.6602892,-117.8195121,https://maps.googleapis.com/maps/api/place/photo?maxwidth=800&photo_reference=AXQCQNQNIO3Z_-9X_nptxWXo1GNAW8YqeTLmWRZDPvi38o2SQn7g9cUmUDf6Lgo5fvF156Ht8xgFlxxK0CoyfOD2mYAxocDoy_SdBrZAzm3P9OBjZFzOjgXbM8jKcOBRiXncjAUl_cPnRjGh4VbLd93_zZtKX28z0o1wrxkNX-oQEDCEWUt_KNZ58Tyz4u0gmIapsnt9WTQtZ5h6bKLAyL7cBprhehVNWC34a_-OCnACjBi5ZysGA672Hv_MenwMdEw_jtQdW72UHcwW1X-TGqrGo9GpvaXfbW-pJMCxzccO5EZE0uoSfzSXenlQiH_5Ete1qnQVhGVH2hJ3FGmtFYDvGeFFZbOiGbNJ5v2fxZ2BgL8sx3j0_rps-lUmWmJ_Ia6pY9L_ckfqoTMoFuuAtz99C8XXDEhQoT03ZxLoCX8OqBHoIIWTuZZ4lqnwgTPw54sYHg2zu23eK-7iCPgIm1uMBZNj7aoQKgNO7N5CFlKQAj_rV8fV5ooCTBbDWDUj5Yxjpacna7z78iVRHLccnCrT5ajTc-7PeeJJ78MKOFBGNr1TUxZx5xEy0FMr7C1lxjgzz88b6BY1_fXkuPs5NHQMuxhLINP8yERB821dXhE5nu8EJvs8sIDEJc0WhR-lQFgX52d-zKfo&key=AIzaSyB_RPF64RaB3lypfA6VvXil87xSttgcUNY
Veteran's Sports Park - Pickleball Courts,McCain Smith,Tustin,CA,92780,33.7145983,-117.8277795,https://maps.googleapis.com/maps/api/place/photo?maxwidth=800&photo_reference=AXQCQNR4qD1Af03JFH5duVvvzVxbgejTQAZwR-5gri5UHNZRw04oy1arunhyUwjFIsWz6A89U_S8ul4MXxipOJXsKgZExoy0O4nlLg_xmj-K7LrNm04xgGZHpEvLADD_Z8ViYj229BpNzz7SFnHkpWAkidJtLDRUEbIxW2cQzrkIxX7LtcTP7bJao_3h4wU_TTxdG-D9O-FB2D0lGHCeFbfGK1U9sn6SnecB8cpdHQZ3GcnaMDxqL8ZkBLEupjybmPAwyHfecI2m1tnppDE4F6F0WHRX84B96G6c1zFoNSTRcmWKbyiYmB8AIKV-kp1VrXP4XmdYa4jlw25lzz6uKwwaQK7emggSW_maAU5boWX7iAoAy4bpll0edUflTCWNOSZnVlPrO8gSbKjHEfQH4tnG5OH2Yl5xUUnC4OwzeZAvQFaCH2H0VeHKVCX3u_EpUdzWgnQaU9rPeu8WPXYxtu0miPADwB3ljJ4ypySqrkAUOzd2ZKCqEo_GZFU3sGCC0CuHjRzyYK8WkNSkzTrIoWgeztg59JFvHppmUl4UHk83DkTn7Tw6TbQHggkadD1zhTvoq80zWanNAooF0ioxfh96JvcYwGIGYLByGNJZKOvHjeBdHFXymy8-XSOS3LaFXBWL7GrT-A&key=AIzaSyB_RPF64RaB3lypfA6VvXil87xSttgcUNY
Los Olivos Community Park,101 Alfonso,Irvine,CA,92618,33.6358515,-117.7458473,https://maps.googleapis.com/maps/api/place/photo?maxwidth=800&photo_reference=AXQCQNRTpLXJICmm7DPCMO5uoN_lUC1oSqHhfmPaAgDQvyCkG5fGlpYZI95eK5UZ226vpLih0e8ip0SdfpL6XJFFFvXgnRpPPntambBm0gbw9b41ZmBSitTGEbZ2-tSkdoCSYOpEwefndaDK14DBSQaglrA3l7KxKqH3CWqsXLqCmELZBVphKZLbzGVGq3IDqoTmNG0_ekRZ_zcADIFut8rqjV2yDBDKkP2ghyAa_QNrVjSw0EuGFHTAgoFc80UTfuWzgKKONN6EJQ2xDHabciN4-DiMlY57L0NVItOZZkWeHyExpxDcIIhoIaG03-iMAlsTRs6sOMgcDK4H5LZny7n1fT5btWKXrnTPe0jzXSxMC7gkx-eBxxRLH07sttTLvaqPhFVdSPwNOYxP0z7DR1Yf6rHFq473KfwuzGUjaJMQe-zo2iLCcad3q6tASGY3gACxpb35SrLUQV_jPGrtGyAkOjcgQWgLa11VYnc6fgLIvQWrk5zofefhtJeQP1jH8yME-GGl9QeExeImAq901QovoVpEXbl7nGdFzrWrCQNyFWiSQjmrpVf6YV6c6a9BSJE0vgDN4pjb11tiRqrefR6ea7U13JaCS8X9GDouDI0vHnhXXZvVIpTufV_wXN-iqini&key=AIzaSyB_RPF64RaB3lypfA6VvXil87xSttgcUNY
Cypress Community Park,255 Visions,Irvine,CA,92620,33.6909029,-117.7634573,https://maps.googleapis.com/maps/api/place/photo?maxwidth=800&photo_reference=AXQCQNQl9L7_1aVV6V-dxFAyyretJydKCPM2n0mFicHvmBwJD1Ph0fmyYdEYSJtrSfwmgsaSrTimzMLLak9s-wgX1wPDnO3E6UirAPrvqsLDw8hVk2XO5bmFm3b0m5yOO3x4WnFzpgnWWDmkzoTdHJKNMD-DuL2KfCsF1-O2bSnOxxeI0NfgGHfZjDR6ri5QwUcTFSDq3kUAFkx6L-vMl8VljNnKsGGyMSDUmVilEDLsa0EgRw0RU-q8DvxGMojfCa_F0XCVXB-9YP0aGAkOSHg2RfryEmutzu4Jgwp6MTTGmtxkOyFlVQGZp4vnZmoGlRoQZUJgzM6g1GuXwNUgLNTM7qp-eGfuO5G4V6rLPyKZZ5VDLqphTmtHOlRpzF5cwpv3tjSrhFfCMCIuiytE-4r8GTUi04xAoIkwFJnwHw0j4BDjMBGLA0eBpwUhOD1Pjuv858LLWK7tuiuL2b15GXT3LZL3HgiN0ups51Fr80uqYPvsq4EkqSnLie_i4UKuAwE7HLniaoAG6ak4yIh6NTL4c5KEoXVoDHoftQqD-OBANgKAYqmz1IMQbkbD029THNCFuA6KkYWv9dYFeJwNLZrjSlWwK1EmfzIf6JjQZqb2nwN9xiYaPGaYZ4n0Ps-fh8M-1SMQY8Eg&key=AIzaSyB_RPF64RaB3lypfA6VvXil87xSttgcUNY
Knollcrest Park,,Irvine,CA,92603,33.6484348,-117.7733869,https://maps.googleapis.com/maps/api/place/photo?maxwidth=800&photo_reference=AXQCQNQWenIw3hgsscyt0LEkcNLwbRYxpePTyAgCAF6TFtzFywC3wQl1wY9U0l3eICIOoOgyK6QhXNt-Pj6CHM_2tf2y-6Kp-kLs-06SFZEKIYObCbGihjiMYciecethlJMTbEoMGBSRtmZbgCIej0yR7vUqZBP_kJpVnarkIEqaoku9RPteYzabFsLQW8m2QreOT4_--QETZMbcktBtvKLnP_l5h5c1F6H23obCyy1QKDnJnhb-X7yW-KFigM5ZNX-p9zmmTN52hP3bPjX5Ksg8FRz3HLSnIEoNWdhcmAsoA1lBVllWQ2OKGu3oxGuf3PJ1xQa-XlVH2LZLS4kwd-VgEibXVHwAunID4x3h-gHrbrZk3uVPqX9LwXmWhMjn4L1r_I4sYnrvLXFBiv-kfVkikW9oLwMn0iprGHcwDO6Wh1lLNiXGMAqJ-v_b1B02YVabfVyUefR9UgGOQ_OUk5fraTjervwSyPf3ytQiy3ymjDJUZ4TrQ1zeJpfHRnXLLNPKd6fQePpQReZFFH3wzHqG7AXNzVfwxwGzcbz0KNX_BRrRxJQc6Y-YKN8yriVCS8lMldDq6bGAJTxJBBlAwsAeX5jULYGquL0wJfIgdDKi5V30nCES3e1WWRxH9FWGzzpxVqCUbkRL&key=AIzaSyB_RPF64RaB3lypfA6VvXil87xSttgcUNY
Sandpointe Park,3700 South Birch Street,Santa Ana,CA,92707,33.6989646,-117.8721052,https://maps.googleapis.com/maps/api/place/photo?maxwidth=800&photo_reference=AXQCQNS9VZSAvMliq-OYZX2WivcHGJX94Fbel4qniO4U5n2pionH8W3V-5dokhKpZ_AYIWZpT6J7Uqu7LMZesfhWG7NO0SBqbRWsuYDPn9iBBTDsc6vb_KAnZuI7lEAfmUiO5s9x6Uua6kTTSsOHHw84m7QCI0OOP87hSlUUa_H08bjyNr2sRz3rfWUIJhHmjlc5dTnYnrLxF5qt-7qjRnSZy0J2uGoooWv5iA0NIevDCTOlgtumsXKkkQfdwETFYmSFZogAKaoV5vs-u54qD5Ku1jbrMzrkQZsaKw8smkCxb7U_0ZZWTxGgRu3EP8B9eQQNW29PREU3fa3VWHhJ_msQNcSXabYFe5xUcGbf4FW3vpvg8lqnqjcVOG7vOhu30Xkes2oKRiYCzo2NEC2z3cH9Il88cD7gGcjQhZNLRtnO_SBcjvPGvKy5N8AtaEkwOfh7FRoOP-Hii8EsEPPJ1OMpzoQ83HaWK-mp-VAju0a9GiD74hDzlVnHzcGOhWSmwqFhaX5-DVp90lZ8I3V8hrc0ybtYxySGzuE5sXDT-CCB4xi_rnTrmv7nEdT9bx1yiXRWEF2nb19ohhLyHh87KcoTdm30rpgTKJPGmnPTS_oNrhQJ3x8qGJ1827CIn141yaB3NLzB6Q&key=AIzaSyB_RPF64RaB3lypfA6VvXil87xSttgcUNY
Pickleball,1402 Hanover Way,Tustin,CA,92782,33.715291,-117.826672,https://maps.googleapis.com/maps/api/place/photo?maxwidth=800&photo_reference=AXQCQNRJ9FrVhGuZLRCYOxCTO7HqdDm5CZPncrEM6D8N1ZFHv0gxwcPv_zfXNv0PaHf8gXjNkUAh6-QjELVsZNaHFbDJyWwu5b5DKkK5BnjhopmyBnqc-Gw3xJqST9f-kYMEwhO9a8_WkKTmW32CCl5vPY1FOx2OO5bluLCFKMMPsBA-IuABN8mgfrFxVQu0AR-ZqlSQtxXAlV2x2wNQA_DuPw3ITsETM6bvHZN937isN3gZ90gb3dBLc8m9BejbTlc9XcptaMGw9L5ts3kMRnSrBzzzOcMpPx2EuQ_mpL0rlJ6eSKT6IKa74-0jDo5hrh2A0_mIp_uz-V1CdCPwOyY_mtwUw1wdUWh-V70s4S-0jD-7hl8jhlHUvB0l6MQSd13sWDyEIdkeDoC3sOlpEmtN44v5lKHt1KBY2B2If3y8I5NYqv6-daOOGRfRLOKv5DFVrZ5MQuwOd66FTTqxMnHFlu9SHxy7GOn4hr4eUlukCrDWHwngt-QOJgiHflzCOTQzGCKnCV0dXZbk__UbzHQNmmKH9qQTv__vW3oHwobn-PU5a2aWLIE-KEy_l9zJov1slr2KGfq3Q8rXIEsR4eq4DnRdIsUjQKvz72AGG9NNLMYMFXLSnKmex7zVFhhxno2ZCsgezg&key=AIzaSyB_RPF64RaB3lypfA6VvXil87xSttgcUNY
Bonita Canyon Sports Park,1641 Ford Road,Newport Beach,CA,92660,33.6273096,-117.860861,https://maps.googleapis.com/maps/api/place/photo?maxwidth=800&photo_reference=AXQCQNT8bEL6RK9QiDZZwtl003KhmJII9rQepHUJVqVNBlF1erMWTHJqP7Sb7i6ykJrv5nxGPVfH3gCZYAjMFsQ8kXtpzFVjyvTTxBzvJ2HkpP_6xGCCAy9yqdi4ajvxsKk0EGher-XnY3tUiRdVrq4y6UKXwezDDrKBdeJZT-kZnz_5JByJd_gzg2aTRID4qvC35bRG8RByyBsFm13g0PxrutIVcCAoTY2SsF1fu6DeS08ZLQOV6bQL2Mr2EWkFAamJsiixslae5sVZiqRQpas2t57kEEhy31TCaoJb4tJbp6FS6aelvjXbPzIZGra_Ym_-DyCLRD54u_cok3MBlRWtYG8ZgXVfEjbg8Wuyk8KT-tdiUs-FyQJ_2ggKz-WGluKQ8cws0UOzFhB9DYCnhzLysLvneFcH1Rmzm7PDTbFJ9IsdX4ACsTnvUPDxHhCNHoiR5HGpcibHRKAquCwA2FQSTzS0ZfWHUIvLua8WlBlh_yk6eGswubSTMwe2fDfF_AEaATIuEezDhuXHpX6oYA8JFLziRNuzgYKjbsT6Tecdbkqri5o7y5Azvdr6t4dyHBtk1XkG4IFRkM5LzsDh7b8jqQP1YamKS0sVpdhTdNxIsSZzZVrqeZMPIxG6etcmpPNQu2Go_w&key=AIzaSyB_RPF64RaB3lypfA6VvXil87xSttgcUNY
Heritage Community Park,14301 Yale Avenue,Irvine,CA,92604,33.7002005,-117.7797286,https://maps.googleapis.com/maps/api/place/photo?maxwidth=800&photo_reference=AXQCQNSGGjwdD-8qGkiqu5oFzwO3-OBs7DPm11mIz_RNi0Vh3jHC6vk8l1YrypnV8kBNO-B-YCdjgr6ctUutMueyJuO-vbN0YC60qdNYLAFZ9Iu_z1V6uAuVW0ndo-YVQfuNkNUDTQ6J7ThVJ5m-gl0Ir1jvXJ_cBh2EM1_OI0NdpjfjCQJY97pB_5Rse8U-4o3UJoPb0nGuFPW_ciTxZWybpA5PpIlCWeroVZRFQ2lpNJLFeStclKWxzjo65O1cFCHo_l_i4K_zuemjscIfynCbM4lx5V5uzyD8qzALOcKkZyvFQ3vy0jT9PBT61EQCUot3nlVv8SP0qG0yTElFr4IUgu6Xf_ry27SqEMz0df7f1XSOUqRvOFK4OGHmlW8Tp4PIcddnpEDyH_rQhVPSDWDifP_wolFGkY0okmrDL5VaI69P_BeIfyHx3zK29q8MUL3sjcTJVY5grQ3KgG_dVP0Gl3ic_7a-0ozTVS1DBpT5AJT0sDW9gfMhukxR27a6rNm0-9BgF4Xk6nxj_FEqM8Gnk2O25fyI4iGQWwviP2ZzDeG4xMDYDjno4cTNL-GEG299r_vL7oYgefiK4KvZjSFDyrTN0HFFPtoFu00LyJGVbtU78Gp3sfEK1gGN6fO9CmSVBLzjHcgZ&key=AIzaSyB_RPF64RaB3lypfA6VvXil87xSttgcUNY
Bonita Canyon Pickleball Courts,1641 Ford Road,Newport Beach,CA,92660,33.6278042,-117.8615031,https://maps.googleapis.com/maps/api/place/photo?maxwidth=800&photo_reference=AXQCQNR9iLXTFa_WwdX7hrroBPfGyEttO4ZIPX76E6PComJjFCgCjun4z7KKqr_yMbXxCspVN9nD_fLzyTGgo1_zzUXwyhaZ43yxBNywFGIXrGclJlt3Ux2axcBSFz0hXNo9Hd8Zyi30eHG3ybiM3-zl9aWADP8v1spH3hUgAh_vAbU8FmdNMFLCOiExPXTf_qjcCfM_6Qg7_EwBnWRoFHKURQgJ3KsxwHGqjMfVClMwijXffqyb5xcrja33-h-i4HqTyr70jnbZz2nz7kPQ-jFf6WokQ3n9TZnvdSeYy9uMB8ye9XFra1Rqbq4HtHLcjP8sA8m7GCzhfBh2ZcsrrWST7bgThGRYUO7xZGwnywAUgYrBb7L5hMWdaBtH9uTUuEnLO7qR9vjz_AET0004EZt16sRx5YjeKlC2ujWszFpTTMsuZJ790Vl2FRkPOeWcM50-xGikqd19uC4V5k16Wq_DHCUxVhD3cnfuxNed95v5D328MrpQZczNPgbT4_Tc7TJqQeKosX1WzJG4sH9gVX5bNrVhtCmBiD6jg-Oxzd5pThps9GFf2wBXyJV9b7sH0ZaKdVb0p_1uX6rsnf7zla_cVAgVJeqtD0eNqvaBwiQ1EaVwiJJmZxHSZ86-0k-OPO3kXmQB8i5M&key=AIzaSyB_RPF64RaB3lypfA6VvXil87xSttgcUNY
Kite Hill Recreation Center,Recreation Center Drive,Laguna Niguel,CA,92677,33.5411749,-117.7139338,https://maps.googleapis.com/maps/api/place/photo?maxwidth=800&photo_reference=AXQCQNQf4RAPoXuEfwmqMwJ8cXVprQOoXYE-KQoTj2SIzcHWAXho_bZ6HsQfeRuFeAQbaOMrLAMvfnhD8bCOJ30HHuUHxBM_eGqAweMX9RhXARsq7bTrsuigyKoHKRTUWWTGao6_TXT7fhguUVjTTjADphTxuacasjL034SnTwaUrLSebSz-Q9iWH2rZ78j_KYFgHUZgeGW1CoxlcHyQgmDzkgEh58I_BRwM5cIhXyUy4adwCApmkZq0CyA4t0cK4AzDIkpNcH1xgn-MsnQ2h10HaCWd00JaPuZKNkJFZrEp2nrTNkZG_sx3DmhvbNJoxR9qEYRj8nrEnufuJsQZUKs2XBQbDhPL_-42k6UCrd6nwjv3-dmFcfKqw42J02yX17CgXsenE0tjZyatqJSjUZ5eI4sHq8VrEMfrBNymrNIG25-t7SoBi9xhPZyEgXsqqot-ahcE5mnfLX8yr6VJmLcWyNLsbg79ZvDRhD_eyPE7UxnNb_hpP-nvcASRc9YObcXne2Z9_ShgvjL0cS9QBIVfSXQAJGgKqkmk8idmu17Qh90AGWsS48wQjMJdt9yD5Ewfuq_I66xeYCjgheo8cWwAF3yBqs5sQLTcRcLZ9FxKwrBS0orP-rkrvElI-BKJSw4b&key=AIzaSyB_RPF64RaB3lypfA6VvXil87xSttgcUNY
Bonita Canyon Sports Park East,1990 Ford Road,Newport Beach,CA,92660,33.6274775,-117.8521651,https://maps.googleapis.com/maps/api/place/photo?maxwidth=800&photo_reference=AXQCQNRMDhR9NjItePBbTffHJ13HgKkmARiyZRADLYCqL1ar32fIaEJcY9FK10_xsexvokoHh7bTH18yUy0NnNP3zUA6dhSbsKrWRKCWGXaf1O-3awMdY2-t9_hTqmppoJJCRA_CkYxWk9UKcY33GdIEh9CpcOmdMSQQEuz6EpAiIoNoQcO5hPTEii7ezS7vkm2UiCnEziE3wHo9RdEJvciLsapCSmdqByaId_0i1TfStWGNss9-HbsVm4qUcsh6NoCWEsJ3WCRXUoUKj2-284ImEXZZ1KIwkN0Wn1kVycxunZ6IVub2txZEGk_P37kEl60HL-MWUfPKj054sDJwOtlmo_ilUvysibyiw8euqkFwGoWYyIu2BzrZBraxoZPHQr98fLgOhAcyIiuK4OOHH0RSCvDtqpvogX48jUtW4f76wt0cMF6sWQLW3lfwEnIbns2Oc37RRrKiHkswf7M1kzvQWQN1gBAbWUuXBXkma1IC0oBKYf4VcdRE0f3pkl6SdBH5MRihMEMaWAVS4udvQvS-jsmhog629tBbl01VMAfL0XG8e5Ig-riqarojBBF62o9PjlX4Sg9JfdCYX2cSFHjWG_rINw7OAMvnGLXV9HZClgd4CMBj7sj2UcVCjD72SkQyhqNUbg&key=AIzaSyB_RPF64RaB3lypfA6VvXil87xSttgcUNY
Portola Springs Community Park - City of Irvine,900 Tomato Springs,Irvine,CA,92618,33.6964953,-117.7006275,https://maps.googleapis.com/maps/api/place/photo?maxwidth=800&photo_reference=AXQCQNTerjFs-DAojt1YQiqJJRKPXaqkQtU7qI-oRHaZCnB8I0jVBJWgp7Sl6TvvZLw7I2JeZ7LwIkfrQmvpl3al5tI8R3ALAvk-0zyFhrZTTj3hjW1PksYPPlA4iGJJ5EdC-7eO8zGyI2NlJs47dcrYkXNlqLkiUKc_XRLzJuX0HLxXSvshqfvZodLknyr4Pi6MKuTpcQu0gavhndqEFAd14pPy2keHg5GHSN1X4sT7uqIGvcfltuyvZcvc3oT6wjaBuHJt3HHbIJtXYDodaVSYuylQYVziNxaFNQJKQ1BQRBg_Mb-GOk22MwVJ-41g99BDV8DUBp1tCfVT8wSHgmFCh4bxA8Qz3eKxxKPqkJ5C9h27gVmrdaSr7ybo64MO08iqkWNk_FiUl13cMPRkcXbQP1MOqxxP__48tgjywvJSNHFp0an3_XBrFl4r7kEU1Rd_Wif8JyouNaGpS2rdc58Q9bzuDBd7MsWIA3tfbukkf61yB7OyDj_S6fLdUWGqJ-Onqrx9eZXx14ez-346myeyvjsVqsCKJVlBTxk_gHdQnxpSllIA41L8msH2JFxFxKOxwb1GUltEhZGAW-B4ppgyBlDnQFB8eHGTDFGiEYdIlpOAvsd6LHUi0q9DqF41xvKGNyfii3vN&key=AIzaSyB_RPF64RaB3lypfA6VvXil87xSttgcUNY
Deerfield Community Park,55 Deerwood West,Irvine,CA,92604,33.6903413,-117.7929038,https://maps.googleapis.com/maps/api/place/photo?maxwidth=800&photo_reference=AXQCQNTwPogd1UWoUvYLR1TNlZrbHw-aIm3tOLS45vwn0Wj6-G45hgI30XYkLtr8XCZGCZlXdfMP3DU4ja_TMWyMod2uU6R5MXpOJM7d955rJxzPJj5gpEs2KdNjFk7Y3Xx6u3SS-9OrTZs7hCO_GyoomzaG78qfb8rMcGTDpdMIHceUOE70mTZpcTzWDU9aMuZHMM7T-Y1QEuXHRADiDqHjO0_CUlx_yxs15WaB2lMn7cioZO05yxINMuhuPeOBellWb2BUnA0J8OQPwEYcxZLJXTqG4zjl7ioxMxAd3wlIB1rZ-FUz6dbszrAqGKTa_s31yZARF8PMoTHwqNkpyF9pX_8EjbXwCrWHLc_PJoaei7N6U5C-h-SkKPZeGe45WcuO9l-MF3KPK50aQ04azYq91XxoxTUWNnR4wjdMzSeY01pGL5NFRuEC8IZlZ4rfE3fpZE1I89wTfDNoSFMlJwGELy0vLvcjtuQuVxEW7FPBvgncMbEgHubTHv5BpCiRyKdfr9fohem23Jl1C62e9lwOtMy-0pQ24aEQtiP3p8mmDM-jegr_wEnJn0A4u8W9Nrme8T4Lt1vmCZarGaIz9DK_2AU-tfHf4OrB_XVsnYJQCwRzW3TgGnngaQYW4jbQUC0b5phs81iM&key=AIzaSyB_RPF64RaB3lypfA6VvXil87xSttgcUNY
Portola Springs Pickle Ball Courts,Portola Springs,Irvine,CA,92618,33.697283,-117.6983313,https://maps.googleapis.com/maps/api/place/photo?maxwidth=800&photo_reference=AXQCQNSVA8RKG2sU4WqFW5jzu45GoUpm1LZXK8PSgFfiptisspB65AqBgBd5J6w0g2jlxpXrIHvaZJ175PZb91Xg_bByKbo8lcBktfaqAWP5QmQokBqRFRqMbUrXzp4ab9AsDY1upfViMUoMhL6I4dOEcAjvmZu-JKniZMfT3PQNwca3sLBGNkQ7u4SxOMyGrvHEvUYSFNKhTQDlARPJG8NzrvlteZ5rpiDnBegizGITYWWdCyAs0UsQ973Ipat7VHmQgByv1FwPnCdhQwZupICJmvn8W-p9OZT8UukQpBpfdYD0KC6S5CXmWVtnRtlXnRqtPaixEQ2qD7GhjVXqhNIK2q1Ec9I7jN77JQIqdIcdDVAJc3bl6ogRTYPMZVX8LjChQYk6F7wPQb-b4HUETcpnuHXHG88Pqzrcd0C6s8hRsx23i9dHksqPNVVew0g-G3fAt6xpTYBax6oeqmec0fLsj0LDB6Qk5rUYGeSnY3i8x6NcHg3HqXDHAGRNqRhmMh2ONLV5wAwPS-DOlvHhsiHnkpRQyL1FICuiZoyGQY8uHgSX4nj_LW9ShQUongTTkpUnV4ZDTZXGGVXkRG_Dqzs7Q_Whr0dRdjcr9gPO8qCujE6AKQov3Nc39yu0hG22C-IM&key=AIzaSyB_RPF64RaB3lypfA6VvXil87xSttgcUNY
Veterans Sports Park,1645 Valencia Avenue,Tustin,CA,92782,33.7153082,-117.8272999,https://maps.googleapis.com/maps/api/place/photo?maxwidth=800&photo_reference=AXQCQNSVzaHmrvNjMENbj5vSQRzwMVJpbS6SQY4uWRC3-pan9414W0oVFAS99B_cnRLXeVyxk1u1tjOOcsrTdNjGA_hOPMN52lhyK_N4VixR7LcEIMCkPFdosdjXIWsR1VNTyvykTAQYJU79bEkDNfvlvXw9Xf9cNmZZbbONluodmfTeqmE9ctlls4W3p1gERpXIotmdnGmRW-rBZvXwGIztvewa7ASzUDneiVLXgnQ7eyCkDvguYkfVNwwxNpl9oBybCBVJi2a6msl0pvkMxrIEfVio3bv7Fcyzczzp9pRSNGw4B908gVIovcSDp9AVQyJXAoqDt0EkC6PyiDEWcspxTdlikNuFTQjEpcwzD80XZty7eGfXJdpD2qcXjhBLXpbVUekhpK7kvPmkViWQoaM9M5_f2NxeNDZBcTkeyTZAqTcxRQfg7ZmrVHhwFhY5PsXPkw0xgzbrZoq38JdoUeqqmwYP8R_XkqphuRgYpxPg6kTE5KDBlFE10L6ejQn78n3u-dI6uDwC5tYrBnWCr-EuEG2UcT5n2TYQ3qYR7v0PBhzctmKPvt_16GeeeQqMch_nXm5NoTPhrxw4DCKXEWtTlDjyGstW5D5d0Jox4Vy0PaTdMkjfGlsE6ycrTbEohQsBoLv7IA&key=AIzaSyB_RPF64RaB3lypfA6VvXil87xSttgcUNY
Del Obispo Community Park,34052 Del Obispo Street,Dana Point,CA,92629,33.4682536,-117.6832676,https://maps.googleapis.com/maps/api/place/photo?maxwidth=800&photo_reference=AXQCQNSSmF810X62DckPZFZ5ptCLAd856-RN1nol2hITyf6TVgpiwnkbgAfQW-SzuCqMBo6iiwTJAb5hKjMEth-88cD4PZ8SD3sKYR2fSd301vfuYLBj0gBVmS9mlsIwSHhsFMye60OJl4N_aG-ydwas3FsnYl9peGJXBe2WFjBM9SlbGQFH7x3YHYLEAIJrc666SbmRSp_tLsmDDCNSIL6f2YJuVDfCvz6SL7SGzc9viEOHagyzhTNvj6W4vd_qL1WrqnL_iXmDZ2MQHeu55zKypTNudE3_E4Atw-t2Xm__VM6FSmbUGcEPoqdJ4bj5PBNt5d2ueMpEnU6-qGxGyjwX_5RMij8iIByv0gsepVjZnWa6FL-y2R-iXB2RPH17X43Dr8FPZgqv3isbOFFXlKFrB2HsqCoxsaHVLyjgXApZlJmesy1k9JQ_Pseej5go3_jbYxxyk_K_zcsE4vQcSrp5epFhLyRREFJWs3cYBdB_HelkAe75cf6fnMzrEo8CD9nCVgTaNU2dB4Cd6g8xCaBTmaLlKsRUlb-wJEKt_dfsW1bokTOIUrVNDuz8bOYjbtpkdwaHzv7HiIZoWUmRjfgqf02NK_dpwe0Dm4SriEiv3XyfCsEzExLZT_KKzZ1TJ6BtkNzsUA&key=AIzaSyB_RPF64RaB3lypfA6VvXil87xSttgcUNY
Alta Laguna Park,3300 Alta Laguna Boulevard,Laguna Beach,CA,92651,33.5559327,-117.7585828,https://maps.googleapis.com/maps/api/place/photo?maxwidth=800&photo_reference=AXQCQNTvJzkiv6xSnV8udqfZAW0p8FxFiXQJhtJxexgTPB5H3RhDt-Qh0ClnXPRH8SHPp0jGk8BNsCAxafJ6SYeMf29hXjS5xlHhDWVw0Haznhys4NrmsuGEvFfflLrjGzbrR2ymkFD5XM30nh0eEp6tgcE24F0TdrxtgjGkpOgOJXJ2msVvt-y_0CeukxYTWdd8I-A8ooVT1jPpN3cAVKSyWLBtzg3_abXEksIJ9iVmGVoGydFwC4cZDWXD-3lKa0F2V1pnTBD1KxbvPS-QMrWTeEyFkN50hNntNymLkLS2a2q2aHqiUQV0pjbriVxlc8fNRpBNzG-Mn64YQ3mTv6QNpv2siXQB5ze8BWOMXA02V0KczO8B2cwGBM8-Hp7ZUJvJJVDAMkHrQPHcntqEE4bRkTx3TvTTaJ46IEqNKzQc0NVqdXZPhbfACZrYNrHIub-97dt-HojFM_EEa0Dw0hlSZYrnoN1NFZmgIi_wjhbkv1jMCZbhkhYraXhvp0_sfWxu2m8i0C-48qhoBkV_c3j9apGSNLSZAHyAMsmTw6YksMvjnUDMFwvpDwi_eCcN7rmECNd3CPprBVkrhsDe5maQ8E7MLH36h2T9p8ac8p66SQyenFeuSRMZr2bi3NcqBgLADfJo_XtR&key=AIzaSyB_RPF64RaB3lypfA6VvXil87xSttgcUNY
North Lake Tennis Club,10 Eastlake,Irvine,CA,92604,33.6805163,-117.7936101,https://maps.googleapis.com/maps/api/place/photo?maxwidth=800&photo_reference=AXQCQNQH1W8bWKlLCJh0leT1LJovbm0qr1K_QzNI2LP92xrL76GkC_3sf1kQcbqzGnSAqqpynWqVHIkbFHD3nrWRoLptyWIk3ph7iOPaNWsccabHJsm_w238zNftIA3Zhq5hJphx7KS1NOOatdg8HuWmtS-lyHyDeRFzA5uDmzkaUHnvlB9r9BKojGnVknXyGcoqbZgnzldsfKCoBt8Jv5c6YKUBfnj2h74SthFTcpFFDTyRh2NTY8iVUprZbPfdZb6AmYPn-7NPsPwUHX5g4DX5VbVfk6fsFCmHjbdVXGcYCtHOnAhutaNlM8wslzTRMmdrsYpVMTfYqnEYkhgy11OOgKj7C23jNivOKuW8Fns9S-Rfv70Z2l4V3Bpu8Ib3rSj_guhBeC-54DuAlr70QNSMxdKWUo2cD1Ur65a3F8msfOOzGqWiLGAicvGsnk_FGw9ajQk0Z8QeUHk5LDNVjtZxv2rjrQYzIqZqnrqrHpO76xF2IwKuOnhNrKXKoD65cgnRfbNiOItyREdkvKKfzS-2eq7-PjlTbeb9D5nQ7GcL_r_H8V3bIMk9T_siH5nmlaZsupzqe9Hvn3j4o74-XX1AYT4q9kC-rJJxmB9ApFgwtFXgSrr3m-dP6mOFgjHFhrCDd4PoWaEc&key=AIzaSyB_RPF64RaB3lypfA6VvXil87xSttgcUNY
Newport Ridge Community Park,6331 Newport Ridge Drive East,Newport Beach,CA,92657,33.6100686,-117.8290521,https://maps.googleapis.com/maps/api/place/photo?maxwidth=800&photo_reference=AXQCQNSKjPIcvNLSRYat1x61ELy_HrOhzoZ0Gc3m6XWT1lUQyorkwX5ugcwXaBIp2BZCBzfT4vhvKlSAXPCI8kMo1Idyk_ZrEjUynni5Uy0jBCxgrURhUlshqf9_T4Y89H9KuEkuaM91L4Pd3dcHbWIBeUF2bY4GWACHjN-w1IP7yzjM0C-ObmNJVahuLnwEqOvYsox3--WIRZMV6F-ZLQH5Q1BHRnJf9985yTGWP7fZOmP29H6wYDtkK-77vrN4-Uau3gnAe4FMaklaGBZZ4yAdy6tG8lP5onHI4NkQYSV24tk7RZ5crLPNpVkgWS9xiEuLRxpFyMNEmfKNQsY3aLeUrVQdHd13tFxgB3gTH3d3Ijbl-TMnPFMVZh-nAmmVd4lMHFxWEBhIPRJy-K9xoX9eRBSxwKA7J2J-TgrGdCdNZPqnaH7bVTbFnmfnN2rxXcTHpaJLa6_GkWI4piYc9UxzmE7VdOjWJfzjU9jEYsxb8Izlrc4Rie_O5uJhiOpyAWKUQrqClnHjvUErr4ykftIzy9SE8-r9MqKchyprowzXTn30XgsL450lKxDIg2m-kSC4ZCazoguhQeMdI6jM7Yjp_IUiIi7qLwjJe2cZ69KNDwmGOm8E0NlgdW7Reobw3VtMcqL3jg&key=AIzaSyB_RPF64RaB3lypfA6VvXil87xSttgcUNY
ID SPORTS,16872 Millikan Avenue,Irvine,CA,92606,33.6913987,-117.8327932,https://maps.googleapis.com/maps/api/place/photo?maxwidth=800&photo_reference=AXQCQNR31F7drqyTV4KSZAlLf8kOMFqJHFNJUITh5AAPIGpYvdXhbISoOD2llKQ9K994yo1EYRJmIdSCCbxOmYcxAAEHF7yW1OxJlKOPvsH4psnbZHuGg5cYK-qiW5BoG8bQaic0EsTPVwM8G4C2D5oCCa9ds9aVQVKv_6rhDYOnnXYEitriWzqLfZTW8mEWzJMfdd9zp225JabpGxyUAw2TG8s24wUT3l5Z7HmlGz7d8xtTosoumSVKgDC55jhxTQP3XXbQoE4PtrfxBxi64GSJIjjdgJwuB6cc6ziLuZQf2bV3FbKpWNV2noQ_97T1ydFbTG3tkz0Xuf53VthEV4gc5MI5pf6n8aMYwFEx5KdCda30sGXUjUhyZUJEwmPtem070jnkqHDHLsrD7AUoXkvQEfdBV8f2bCa1xDKinFcXe6uw9YcUFVejdQ4hgat8ZxKMGVVHhez75fA8w7qh4cS8RtiEu0gVIyu3xHzsxiRZfFWS5BjBPTBLFqh1ou_WISSBNzdZbvJIzIXDZjD1zvj8BKx-JgkD7ddCd5c7_lidzaNXa1iMxDD5FASRWMUGGxRMYI4wvrIJ_N6QMV6oKuMuPEz80RtYS13Qhd4EEWrlSF_z-yf7vw1INgUELhNMGwb31U8AATI1&key=AIzaSyB_RPF64RaB3lypfA6VvXil87xSttgcUNY
Bonita Creek Park Community Center,3010 La Vida,Newport Beach,CA,92660,33.6474099,-117.8638479,https://maps.googleapis.com/maps/api/place/photo?maxwidth=800&photo_reference=AXQCQNTscxaX_PZVQCIGiRZaMDg80joHqnJ6JooLmftGcBTh6aEY62_rmU4P4xt64xsTkjsgOaBZQaK5pLdPyG3JznZ0kKTQUEL406dfGXDAFp7dHBbCK1A_jcsH_Tis8o-ZmJun9CCzuY3vm7-IiIYqeiSVXONMCQhCLGJmybtLZiINfs8oRK6aHpFhAjA6milT3BTN7mcjr0IgkOAQKUyiDzN3iAmjQfEzXjMaDrzT9nKJl_O_S4W6qtjgUSPrpwyFnMQ62Bu9MUOQqufZ-p2u9PAG_O_oOFRT0yBNPi4LVDSng1ujTC17HIWwSBxRtUHYyZ7yF8cPCRuRsqutrD1CCfTOpt7A3nL0EKAhPWsCP3ctCDbAhZN5GhJOmGMP5gk6KBSO-20b0rs520Csmf8Hh5CeX8K6bP1jrItVafWMPNknPoF8O_vWo_0LSA9FvunZoP5WqwjxNnQkozkh-_0qlDc9WxqAVvxL9Fdc8PToHyj2HCa1sZ6MdCZhv5tsqRkurE9bC3bp2O2rCHohDQTO4-h9pijhQxCxuFKYX5Q0MFftmJpQJ3UO1l2Hech3Zv7zFzLY2YNYhDJxjjzpbLJK-p1-rfSOqFP10IhwGj7eQjvxE1cLwPo1ptxmaaSHsjlE8cmsVjLO&key=AIzaSyB_RPF64RaB3lypfA6VvXil87xSttgcUNY
Brookline Park,15 Brookline,Aliso Viejo,CA,92656,33.5921918,-117.7286218,https://maps.googleapis.com/maps/api/place/photo?maxwidth=800&photo_reference=AXQCQNQzCZQTAIqu8OPfi7dIlWt7sllKaclx9LtvAAdeqzGlFRdPPiW9bLOHt98EsOHPkoRVHBkOH8x4BH-twolN1W70-I-KAap4gSyOSYKsuLseEH3F4iv83hwz-unNOJPeIMfO7tsxGD6dH6X7IB9nuGe4mBKyBnuA7Ub6xMSgOvdFXEGqhL9ogAREQf6x5EdHeTF0P2PLceK-PU_Wo46Shzy0UxiFHZzU2XpTx4iCv-4R4Atan5CY8so0NOIJ4gHMMHhdrJcYjYGnNbg3GVTvCaWIbi8O7Pl65PGxV07jaJalKvWfYXahpWXuRBCAwMY-qooN3BgBxp7lJix5_xc39-JOYvu7Mj9znaLxhHMUpR1wFSgjfXgXYFeVROWS74kmpIGGlgfjdmlBjJmzddDf3Z7Z8TEYwn7f31nH5_BsJ322HQpG48ma1t5E9bxGDT0jI-iTw0IRdIM_uf9wQ47IX97zWbid3LrnbOsvx4W87jLMSOxAu6Gg6Gj_MuunYS8A81woU6n8mP0zbkKI4bD-cu1T5db1EWG5GE1a0C71OMivS7Z8PFFiD3EiMvIpwfm1cidSdYD37v9OEZmLD0LZAzAk-xqkBgph580g4Ebng_boGUnvqkU_WIeaUX-L3Ufnfqo3Rw&key=AIzaSyB_RPF64RaB3lypfA6VvXil87xSttgcUNY
Tennis and Pickleball Courts at Heritage Community Park,4601 Walnut Avenue,Irvine,CA,92604,33.702293,-117.7782889,https://maps.googleapis.com/maps/api/place/photo?maxwidth=800&photo_reference=AXQCQNSgDm2KtH7e9FHVV27WDwoZaO4CiXmkSRRLv__A7dkbkIRVMXQUqd0ILYPCcNqOiMMCeVSjeEya_b47-ZpQnhK1gXJgofhyjO354bf_BZr3d3aujM17LZxY8lDuAoCYaGtGehidz5F6xQZQRLrjpmNw9bD6uuu1H4QIqxqmvezKHHa8VaUfZ3Xub_hzCrArTXjEbKY8nnoU0DontSzcAxJ19pHI1QtNq1EOXCEKjdjLfE-1u_KTOcq7aKu-LnQfBY-YzDPcLCfOPAUJyNTsEQCub2qL0d_-_AljJBSVbvwqEUqqwwIDn_j3TlA8tEBgX0Saua1whbNWXXN0lGN_PMXyzisAqn4mKYK2OYAHGhfOw0B2yKCXg_HhZsRqpWnveFegbst7bolcYW22aixdhFlVT9_Ya0XFX388iszk9OtGgLu-BE93hPtFBR241wWHk39W9-I9g1xYuVYnLTenI4E8ZdBJ8YmC7gdJ2bxYmoaMJqVC7hbqCSemc3rU08qFha0asE2nniXzn2cl7UW949v9xt4XtzmNxfSz-OksPOTQCx0ni5sFX9fViW8gX0Te6RdkZ39RAZIBxIYZED1Ww7LNsH6j5Ehib0GmJzUXLeDKRZCVK60WVTKGrMlBf6hVkxRBoXTqkwmtphSUYK02LgwgJn4&key=AIzaSyB_RPF64RaB3lypfA6VvXil87xSttgcUNY
Tustin Hills Racquet Club,11782 Simon Ranch Road,Santa Ana,CA,92705,33.7517002,-117.7816528,https://maps.googleapis.com/maps/api/place/photo?maxwidth=800&photo_reference=AXQCQNR0eKVmXR_ZRl8vChmhjUFxLrqqrEEtj4yALfDXl77Gw_JgpejX9qrjElaNT-n8sh-HazIvYg-4Kkhg9LEuy5MQp51MUx_PYPRjTGADUHWblubgimTwMCOatUZ7kZ6ouRPlohmem0k-AoKSyclqT-Fj_cpHEFMj4SBFECDD0tb4oXYreaOPKsX2pbCjX7JArbzDNU2HpGorPMZZCpB3My65hvBnp43n1fcNCaLS1NnWimZY8Ict7nmZu8Tj5DNFcDmiCqk4P_52AOcHnrzwcbhc09RpltFdUIIYdsbviwHpPFZc7nhMTLGEhmMqlCyaMrk9hQ7g8UsvXgSiEbeXit7ZvITZHe8HLsoq0S-XETj8c2Xr6pBze1gCBa4fCaAJGUgFSgap3YXnlgjzTSLCUi3H3cxUmuTpXOHeCFSJnGQ5knR9_xAjucX_MmptnmQQ3Kpbx8KBsKFll-I0kKk0_JOAxSIlRIhZUvzf1rx1oKJ35vB8ObUJ5hYA2DS-HZCLcXAIzLy8xQcpzHKqtQSFF_MudQFyjmPl7pS_P7q3apsXoTfFQuVyr6f5lCCHYJ_OvK63Ylj1qMlgsua2G76to_cWl4Kn71FCLUkQGuF09y1dZarsp7VUZcn8GCdxpXirzJfX6z8z&key=AIzaSyB_RPF64RaB3lypfA6VvXil87xSttgcUNY
Newport Coast Pickleball Courts,6401 San Joaquin Hills Road,Newport Beach,CA,92657,33.6089979,-117.8275277,https://maps.googleapis.com/maps/api/place/photo?maxwidth=800&photo_reference=AXQCQNS8X_E-cJrNg_wajYJkEi57orz8Keb5j_nurowBnPEp5rTqqubjh7-vXW00Mj55d9ImWGqjB9k3s7W3cdJUSHbUECj4EUHySNMDbPlCfBVMqSsKMl7Ox0_bA8LpMn7KRwxAo3R_GQkMg3oI3Rk5goP05EWBBNsROh2bb5G3AfWoCoTzOywf3Lm7v7ZXewgdu_MDbxNGAKIQlBo8LjzXFv5M-bxb2Vovj78u879ejPGjFGMKgMeptaB_dO8ZJpmFGdJ4Y-ehItInfbYgC-qA4oy7L7IE1sq8s3v-DpFT1ye5t0PslQzT7iTknixnlQKKQcf1YIq74MFAj3mUZvuv_N_Ixrgt0PclBO0rrkBILXV2CFtcQOw1l9rhaVOJ-yaiF6QxO1I50peTcBkc8ziajF7GFqgi-sHU8Hd3mV5Us2mcm2urRyWwB10sFCBxW_UDKHIz2oproPphxdRUYw3XM1SXuzA1qcqO5DSPisTDW77qMBVOjOW55cN1p1YMivawILXjpYPEbgYyLrIA2SNH7GyDgyYidEyXs6jwCxE6PrqtA-60s6CYYRUKu342KbYb5swtlWVQAx7W1wk5g650jKED7wT214h6sTuRpNVUNBLA4QYJbYcUSmQgmraLm1CJSMtWOcy4&key=AIzaSyB_RPF64RaB3lypfA6VvXil87xSttgcUNY
Los Olivos Community Park Tennis Courts,,Irvine,CA,92603,33.6363146,-117.7465433,https://maps.googleapis.com/maps/api/place/photo?maxwidth=800&photo_reference=AXQCQNSws7nzZyD5e36p4ersqsjh0vVgo9ju7u6wYlgUVFPJK6JllZtCjj3sUN0wM5X97nbr5X4mD-NiZT_t93DLCkLlywyUy_4pm7mik_IX-dxG3zBu-l1P_-r5cNSwapeTRnEpQZr78mrJfkkJxxkZ5229VtZYnHGx3E4Oja0jswC03axVK449VgJPTeVm-nC1xz2IPXL5kdJEeKzoNa0VhunZBZi0Snhrg7zjIwi5ykJgbxel31qTflNne65xaX8osuG-ZEE77AZIRtiQVtN-vySzhvAQvgZ5JexYcm5dvvd2cUXyAzq6_v0NT6ZBRfa6J690Kg9bJNgW72uj4vfKgpM9WYCW1T7LlYyWtZXWnZRXalWPtHdEcObgcuprhUQ3uhuaSAp8x_xTwG1pqvBm4ofjXe96fu56eKWZ_zoO2v9axZqFpIPPV5mEEOcdVfHksOUkmHypbhk8_R5bE2FxxN6gYIri22kmh29lY6LP78nlKOB6EdUgNUbhAUkVMeH-GgTuU6Pa6fIyUQgTcLwp-oSLBLbv5A0H2eu7YZMaztc-Ss8_eafXEaZcfmUOlk_ZPrdBZD9hhPA9yGGxE-GrsUrY5mnU1_LmkdoabymkCjzm2eOy1NnFfg7wA9UQA96cENmDmRc-&key=AIzaSyB_RPF64RaB3lypfA6VvXil87xSttgcUNY
South Lake Tennis Club,500 Springbrook South,Irvine,CA,92614,33.669701,-117.803459,https://maps.googleapis.com/maps/api/place/photo?maxwidth=800&photo_reference=AXQCQNTxOqW9TNy2GYJA1mfC70Da8ANOBFXQ1NgYH2cjT4_DxZC8xUhQ8TTV7Fxu8XhgZqFidXFo0NvRwi9oYQR2A5HjxbStAWLMXflAkR1dvkngbjY0tvc07GbOBVR2l3m_pg6xr3d9YAgBQQ0EZDabXXzlz2s8UEqQ1dkDEtyhRvlLF9nTyW4oEl-dt59j0dkuTzrVcm2LMm7E96Y7xf5sJCNPXiQNH_jYefDQHsS7My2N0Rb8WiNW7lBBcb1bZb4L342lKv90bH9vjVugcU2BTBVE0fkjD81O1TSoVI1KNK1opxWD-37DjY07_AEcc4ST_tsRtH_VaI_woDZZO2J-LVMscwIyL-77kunXUqwoVGkdXYM5IkbbQyu445UsgM8d-z8pxaFrgos2AHH8RjbYLdrmXgTO_QcJSu_ou9NzWMqHz_isqyEg3kIeBEPdAo93dpp-vsnlPhKKjcKrTm29TPYwCFob4rvsux2_4TIwyl0w_dNO24cEQKzaMlRmoMhpycankYj1o9gkCQPAcqVm_5DTqKXELY7nQJ8Te1p4VnFZENNzKI2bkaXUJ1WBF2gVzYIsOmW2y9F5UCFkFguWhSAYBVwX8dM7FYs8tWXkkWqzlExvjIpsAjRytY74VEceyTyzuoc-&key=AIzaSyB_RPF64RaB3lypfA6VvXil87xSttgcUNY
San Joaquin Hills Park & Lawn Bowling Center,1550 Crown Drive North,Newport Beach,CA,92625,33.6089889,-117.8646537,https://maps.googleapis.com/maps/api/place/photo?maxwidth=800&photo_reference=AXQCQNRyp2Q58io6sNmWs-AAcKvNbl9NRgcN80HZUvwHXCT1NzQCZ1Wmn5KsND8r-QLIGcw7pbfNH8xV80S2_xgVn01ebRXmHuk8qsJwCGqsN6VIjHbJLfcisL51EnZhv_hd8t2vUnBJ0lcgO9xUMFvhU7ZzvsW1VcUpRfC7l-dSAgKFeYqHmTOFny8bnwxlSEMfbAPS0TjcT3cdK4FkdxBCssOLKsXEn2naPgVQO57KBzpr40g7He7x0IsOHrLUA_aUOFuLt1pvXgUeHlv4gqh1LG7TYNWH_GN0SPHG8ymHS5tdPTLdYKPQLTylL1pQhWF2G2c2bTAnwakjHXug3YaDrM20owW-renj0tQZoKkWNPL0BlIH561OHFghCID0Vd8rGsSrni8dZHOgOFBJAVMF82xNuyC-Iu3UCykRuYTvaUV-y04VKAEp90w9ztD0pUvmAZNvpxy4jh1mVuwGqJxDgvPz7KwZXhZn1w4P-IvINjGRAZO_vvM0ixU5jhN6TM8ZvdYJ4EAeEARaCoeXgI5oE3ux7JsQfCEZonWSwEZyaQ7KpbuVwF_scQwyv-K2us98Rd6ViVeuAvUMvpCr-pF5lTcg3lwGCJQPQjxVKxeVOTpP10EC5FRACqhlGYMfORTy1MromA&key=AIzaSyB_RPF64RaB3lypfA6VvXil87xSttgcUNY
Portola Park,,Santa Ana,CA,92705,33.7657585,-117.8439318,https://maps.googleapis.com/maps/api/place/photo?maxwidth=800&photo_reference=AXQCQNSIqEUCzgZ8EOp7j4rr-NCWxty7YDggqEmA3OGDwJH99e2DNN13YSodfs69Nhl1yBNeoinGdO7YI7-HgCk7J7JMFMqXfitJ-Rvhum9ow7Q_4bX5aIVPEIyNzdhLNNjIiynFBsfWcc7RHgpVMH-21RPLBPQgMHWu0lNeikYHLbtbe9iCRAjpyy--QEiGpHKx5rsKskrMBqpYgUL40gfXTSPnIa-Rx7XDV0VFGoSaYkJIJ-6k6Fh9WSoRGR4eXUmFp9LNLxHL6P3ICiDM1fkwtCmVskxhcXLc99_mWJI2WMnBmU3TVtFvZhwW-7aOLAaAQmhC4sVWsFkJbhOkEzFiJFdqLi1A4geg8lKjjlWkSP8F-9eSp9LmtUI5nbIyRg6IoNha8E-k1vKlgxoTnqmIkuSsRkCwevYcvy_fJZpDtxtl83VApODg-1KqCe15eZOcjvR6dq7HTLEGsMcYnjolz617_FXg7xw4WzFg4rTPCSBjuHiRukQI2pBvoSJdqTJUHKasSsN6VcnVB-GRLq0PStBW5lPIpfa-1zbLwgYlXf3JuGrxL_7CCKo-pkCnxKMbdPQu9zKxUwvJMZKmraLE7aVeLJFjnLjtnc614ZdAawvxEokX0DPCwpaWZ6EwIXBq&key=AIzaSyB_RPF64RaB3lypfA6VvXil87xSttgcUNY
Columbia Court Park,Unnamed Road,Irvine,CA,92612,33.6514304,-117.8293479,https://maps.googleapis.com/maps/api/place/photo?maxwidth=800&photo_reference=AXQCQNRG2oMmwHY61pL_SJSxy11WkC_mo1ITJIikr0x0UmZpsv_VMPjS1Bs-QZbDKvzvL1IOlwh_8BxS7dpftRFAeuAJLc8jP3dsiDpJCpFDa6rg_DBaVoAlF2sJC-D9mb6tPsYwnsSDc0Mu9X9WPBFPa0I7qX4ng4y23Rnb72jsrnN1tp7O7DdTuMVUcppCq7mgm41znhQyU88jc5PpG6TopPf4QBYvNysD3jfkIq1yaU9uhbgwp8EAOswdAPAbcGimNOSj4PvekFohmYKKN_k255TTmw42OaHmcEICRJRIamsyBVvioyH8U0yLkazrfh0kgDtYwCqmSu8Y6vtrW1SKyl_w_O9hw2UDueaAd71fJbpYJSYSC4ywp6f-bM1mkuxT0ys8LoCkY73YImTThI29Jk77znEk9QuSxQlzhPJQZaRmi93Eww4Qfy-dP0ybbcDPNNY-0FL2Hn_K4mipwt0aV_ewrkx2rNDEjL0p9zk3xTjac_6gC8UuaUecljYQNyA-529pdnxrm6OJyfolDjymMVvADJeKQ3muVsZW5xuVk7zndm8VHzLK3f7sGtw0NmoLpNilbVbVZndK0gn_hnbGoYfTO1iWKe6xH7vrLSggJySnG-39dUo8DYB4VbS0Ve2tvwhsguc0&key=AIzaSyB_RPF64RaB3lypfA6VvXil87xSttgcUNY
Lake Forest Beach and Tennis Club,22921 Ridge Route Drive,Lake Forest,CA,92630,33.6304023,-117.7035018,https://maps.googleapis.com/maps/api/place/photo?maxwidth=800&photo_reference=AXQCQNRMq8MX2wZPfOSH9Emg0wEt-G5g2wWCiBF_PBiebvpYT6UGEN96vmw1MBZaShOBkOjulN9TOmUVI8wYCJ4yx-FAhGYU-pwRpJOhreKkgmv_7GFG8L5l2S5M5HH-zuuNc_j1hhrepGGjXGz8IS4oXiTsyHIUaXjehZ80HKjAF7qX3ClPgIQOU9wB1jzEX3jDwlGqG-NJQ80p8cHzBLL5DztZ2hWAAySRmspDGLztizeKhphz3rYMwLn2oLaGqkzFfDJBmMdxQikC6HadF7FgPz_HE00zrX_CqDFXl87GeY4GxwGn0ReLNPi_PuKXWHigGJi99ObYxLpFL5YRmsLPtLEqMwxpqfWd95__p4IDUNmJkWRK-CnpdA15NgwEHuQqC7DD2f8095sO0Y8uBipgbcscw-FwN_CrNUJTeUaPUa_8ByUg3cwUIV24kHOIfxnaHxDhD-nrFWNVdU21DUZFmnKWSe_MYlD956DFVYWxa1gk4qRIAb4ioTrrOwBQfZNcXDxOv3Inm1-KPAWnYLukIEedNVYRVUYlwjDmJ883lgY0mP9eS5BODCXAXSqMRIh1iHxq0B4LWZC5Co8mn8I8tntTy1awLlGVSucGdlUeCMgTwhC68rajOsWFAWtMqr5rEqI9-g&key=AIzaSyB_RPF64RaB3lypfA6VvXil87xSttgcUNY
Hoop Legends Basketball & Pickleball,22600 Lambert Street,Lake Forest,CA,92630,33.6349142,-117.7159594,https://maps.googleapis.com/maps/api/place/photo?maxwidth=800&photo_reference=AXQCQNSxURxoNR5xfz0QRsAaNIs65G_J2ad0v9oiJPna0KTy0GlOqqZtn7Ftln51ONgBjrClN5d76f40RDENDjq1eZw2gNbKou1NVw7mxu7lUR-mo9yNdKdnSTW1hrbiop8MZblqDvq41JK0A83OUk8g4pp8ix6VTayUer3WxuROeLIK5sGBnXqEkKauWbMUmiz4-vO9eRIdidRnQBPSMtd57m1_uQseXtNqp6zS8_M2ugS103g5Na_S4fjhxm1eVMj9z4EfWKiVAQ6sFPuWjjOJUMts53utVPaZRvIPIo-m_9r2_GzekZhK4hCTmghfSnV0NPzBCX73Wdo&key=AIzaSyB_RPF64RaB3lypfA6VvXil87xSttgcUNY
Laguna Woods Village Pickleball & Paddle Tennis Courts,24122 Moulton Parkway,Laguna Woods,CA,92637,33.612109,-117.727916,https://maps.googleapis.com/maps/api/place/photo?maxwidth=800&photo_reference=AXQCQNROKuj-n9gq4n2otp4jh2xRQqLO0eRaO54JOvP3PeZkixGrMqQwcp1ciQSQkUKh3nUCLc32qatZDSaKeZcRjTFJ3i8EXbBYGj9j0TuReWCX0Yo5btMTUJuPCkAdF4InEVzdcvgqxcL09QAV-D-PUYKOvrh__jL8ahlZH4GLctVQQ2XfKUhjvC4fpI-GQpSYoeouPsAJI9OesUhnc5b6bXiS-yAPPRVRYVMXzXZsR3sDTO9F24lOWm2p4GWv0OSdFKfqYf_VvYV12Mf1-DlzCNKPx-SFZP2P42E9MQSaaILzx7WA2gH9_opRUfLNi0uTPaCXtZ9D0S9M2SkTWcOzfmsYDiwrzpl2HM_fUoO46rCI_A2fUl-qGwRS68L5g34sqzFilQVg5hLmC_Hs9N2i0EH5MC7YTT7uHKLXlVwvFVhjhnH2_piMrtbjEgCsjS5EvyOvtEFTKWL22wSVkxBNhh0dqa9Lj5V7aiIhMGQzWp3pUGT4gfYd45YFAPJjhJrPm0QdLzr1Wvq-ZQnFz5WhV-cpE3xW56SEiUhWKvXl27NpYzZt5TXbBRPC_JOu7aNyNybLBLkWzo1jX2oepQtHitoswTuZ3esekspnRpGA63daWgg1t7SkJ3SI3MVMj-9upjs3nnzI&key=AIzaSyB_RPF64RaB3lypfA6VvXil87xSttgcUNY
Nellie Gail Ranch Tennis Club,25281 Empty Saddle Drive,Laguna Hills,CA,92653,33.5711459,-117.6887435,https://maps.googleapis.com/maps/api/place/photo?maxwidth=800&photo_reference=AXQCQNSqwVKv37poELyQZD2XaARcNJnL0u-GdBOhJXhe0yzHVwx59bXyAKq5FLTQuW-Oq48spq1pDeCLqxWURJ7wcjDrlqsZCkMTc4GPeLf-iE8asrsyeuL0uI4aL8bVsBqezFz1LbEyjgVh9e6dQh00lEvdgOaN9Gvfj9UIzsljQPB6lyvEPGK4o8CoZLTQ3oQT0hhFzia1IjHFjjWmWrNzkAKm0_wR-hxIHN2a8Lh8UjqNtyDyoF1jtBaoZUIrFrYfXU9M8hQWifK_k1_Vou6nvocqM810jd9zlUGkxzuUdATbdCr7uKMP7NtozLkNfhc3lbcaS_r93peS4klr0rDiV-Vt__5QbKEMkM0pCGBRCVdYeW2_KlmnQcNS-OHv33j35C2h2fH1V262EnYKrWFth_HRi9Mfm4xkhiotXhMXjm58aGQuTY7G0SAsLDduIFypP9u1Rqa70A5qdZdkA0vTFXmFx9yU5QYXI-cWKC3k9eGM9aofQFgDyUqULcT0rLNoWAbhTmCvKBAeZIxCo1K1B3gAvrUt5kRDPCGMTZeXAdVetxEdTq1XFfgTloNE0BU7o401WKk4QuBCIHefbI_TYBJzk_ZmpqGNwryh6K2pDA-4P-MPQF_Pe-VWmof2uyLQe9cgyQ&key=AIzaSyB_RPF64RaB3lypfA6VvXil87xSttgcUNY
Marina Hills Park,24802 Marina Hills Drive,Laguna Niguel,CA,92677,33.5194063,-117.6995818,https://maps.googleapis.com/maps/api/place/photo?maxwidth=800&photo_reference=AXQCQNSJ5HJuCRSSQrcxTVp-wEPe6PXBilB1rqVHhuz5Z3gavgLSbc75VEq8dGYqB3kU9bLU8FLQnsyjzQ4jm8laBzj6GPkUh8UWHqljiwnYBBPXd_JnZQO34sOGwQ9ZZgiSKMu10CvikqduqRfKJib2pBoIbkRjiZKV-uUYa9jvBPD3shWRrqyFB5xogQSrpX8F4IGXWjSD-MajD07PvwLiV-H1M2rrbCTp_wWkp8uMR_C5p3bQ8yaQuh6__l385a9r5hcSfAxALRkTyPc3SHAGLmg6ahZiLCuuWLRrZGgeoXWNb4ic1t2j3DrDKuR9lcFNiDl8t-wNy3ZkKctXXuwskACRc13fAQrMuiIlQWsMeT3-tEaYGZgO351ATGmeTWWnPzodkWDQb_dS70yegIsPVs0V8X-DNYH67Jq-l5vqL0TqsbZbpcqDCk8EXpy8f2qjcUz5MAc2DS7JL5kB94uNhwXM2D391u1UU6ueHJdf54HRBTF_vuMQuPvxt33oj6jK4b4W1R7B27Sj_x0JX23GZuNQz_t74cWaulSdzzacp0tQalo_bMMsff4up3PxBvFBGNcLlSCzIMtUGUzbUy7xR8lMdRtMqcfS26FcM1p_fXTi3sjFWfzc_wwOcuQWgwmRaLPtQg&key=AIzaSyB_RPF64RaB3lypfA6VvXil87xSttgcUNY
Tennis Pickleball Lessons,1302 Service Road,Tustin,CA,92780,33.7245716,-117.8286542,
Heritage Athletic Park,14341 Yale Avenue,Irvine,CA,92604,33.7021898,-117.7773277,https://maps.googleapis.com/maps/api/place/photo?maxwidth=800&photo_reference=AXQCQNS3cMMJMUktcV4xql7o_GWfAj_PfJy5avZcJPKx3Xxitkv5v9eMyEKBv46wMtG1Blj-cWdsRXGtjjDBXw_j5VngiJyfbje5YYr27xIqhAwAccnJkjCmhQfgBhYoyAhjrR0IQELwKgaduzUVPSYQj2hIduEdbtYKZfVnBYXiaAXawGg_GCuBAkiJg7vHGO4dsjkesJcLWXjprYNNJaHM0mxGHzhZ_foKWpHMZdiDLLy5bRP_CrR3GUz5wqvzRerfov8KU7KQbsXT7pePCBoMRdpSk9XMXLVPlwAKIwkqnvxOjMuxzHF1LQJJX222DKBVEJbi8ND3HwVr_m-G4p-1WMLDe_viDgYKwlh435TC3p_ZK6SuW2TCFCKvZgGwylK9DY2oQdml8Ibo6SCCXuj4aFql2hMsA_zOCWc5LXokPIW-KsCHmIBPxgQrrkWVfVtaWP4FJHEknTae5jezK_62pn1_MXq4JV-RJwiXp0bJSAMs_lsKodMAypYcB6bQGUpc_69TeCt5w_BUHzSJI6ocldf9vLChGRfazW0HajZRkx-_mj9r5zQhxfJiKuuKIJsaYLBhGq3c63K3JT5xjdYdr_p6feygU7JXBgtnl2h5kuymunLcog05D_27q8Bx86LwF1K6BsqV&key=AIzaSyB_RPF64RaB3lypfA6VvXil87xSttgcUNY
Los Olivos Basketball Court,,Irvine,CA,92618,33.6469785,-117.7530131,https://maps.googleapis.com/maps/api/place/photo?maxwidth=800&photo_reference=AXQCQNRVOjH4JDh3wQJNHA1KaKlzA-aOpKYxHd_ys89zI44QJkammKL_ZE7BJpB57yIZv9Zo4-iHP6C1r0qL4scvej2zl5VImlApS_UEYgKtw0ATXMQMreoEsNEPRWgG1tTDtO3x1mBGRZgdzQZ5YoWS1m4HFv7Xnqf6pxrivxfwi5QYLfkCewiGx-1QatVOO4ZmXu-OymNtLXpJm-cghrezawepm3WHa-YfdE5HzssPVvx2H6UyxXF555niN9Yd_5sMhvRYD60ZATt7nPoqJHt3uWG1gl7ftRsfoz0ytuduKSexvgI-BDSksEgY23zsC1z9LOzlkVicVn4oTjLSvlAxob69UCQWDe4z_MwEV2iTWntF7KF37qeIwbTszBIrjJTniI-iWoGdkDjUUgyTWQXNXavU7U5AakdP9XhhA2HrYn_t1cfncryNUF7tjENKu0EYulKJ442eQm4PmHevQu5PcQK7_AfqodYgWjIos6LNeZAtolondXSvjc3CYVj6Y7gilfZ15i_qLB6uFqRr5Bv5J3t8511gP5EfswF2FkvGwOOEhMX8N42Lw6lN2kythbldtw5m34De76u_8RnsMJ1SLUlwMzEnmBfXpJjnSlR4mOLcDLVKA1loaaedh7sdrxLI1577EBAN&key=AIzaSyB_RPF64RaB3lypfA6VvXil87xSttgcUNY
Felipe Tennis & Recreation Center,27161 Nogal,Mission Viejo,CA,92692,33.5724189,-117.656315,https://maps.googleapis.com/maps/api/place/photo?maxwidth=800&photo_reference=AXQCQNSU3-7113DijOXGVXDSZEUGiRvTui9ZZXZ22itdPdSpiS44XuHAK0q-AEuBjBuNHsuZU_mJbESaBKbYYlXbaAvvfB3IlAbpojFf5vNm9c4l3863cMRz6yV5fGJ85ZxtMAST2tOp1_9Jv1WVKln7mDal1PG_zeHD3cf-EWm5aS9JH5lFNjvIbfJkXqg1K9FlYf4sdxHhD7mQ5glv2sJgEM-oJXjR7tUToxSC5TnwGfMxgOfHecJpqBE1nB_a_26doFCJDGH8XU2gJ8eICLzu7uDeildsSfdX0O61gBgkxI0AckGuT7MgmgFvsqQ0IitcgT7E_-MhXiqu_2PSWJdbTQLSWEoR8InV5pHY4dmADngqx34dpvLvPXvVrv6LPNBPMmJTaH8jcReUwqpvnVuescLlwJWkWvw2yBDq0coVlOznRUUHL80BFAj0s2HKo1GiHJUpHtJCnhL81xP0v9pehQZcEr7OXvhxEqt_Uc2aVd7T9B3fK3lyQwoOfK12lYQAJ4GwuS-XBB01LhczMtNxmjPMPEt2-cFoeY35q6XWXI3UnceoBdyswFVYFG9UmEjuYoY9YQqPg1Gjuwxf0dOxcPjJzyrY7wmSU9-guF_aQCpVXYj0LYZTuvO7YXIG6Uaab77TPQ&key=AIzaSyB_RPF64RaB3lypfA6VvXil87xSttgcUNY
Altisima Pickleball Courts,Altisima,Rancho Santa Margarita,CA,92688,33.6596259,-117.6185009,https://maps.googleapis.com/maps/api/place/photo?maxwidth=800&photo_reference=AXQCQNRRhNrx6YgacgHT757aFQgAPAeu4tCO2Zs76TfVvMIPHuqRM7L-CHWVrDD32tV9mPFOMKTeZ7or60qKXbR95kZcOPsZRmt5sOS6E4Ly9XeMsdTLsMhksVmSACwhZda_ZnYAqZd840YS_sX2Eikvx6zjeSaFJSc2fLb54_p8kJH_90pYdZ3mrWO2mV_fWjqoQvuZprDiKj1oa_tyWv-k-TnSOAu5VEYSCLHiA4qAaj4ah2uYXztfSp0dZmrlLgU0o-iUDemeJFYGJbw0RniYVPQpM-f9BzRiwFrK-8Ujja6YhB8i2hmVC-XCAwkOYPqqRcuUwHOOcpck7sxbrGBQI4pUX9N28AFJ_iTUrPr3zvxsY1FELu54-dndcQLZcnt7CX8wz6yq6Hxwg3H1s-ZZoFzoA7kCeU5MYPR4HHaBWjN7jZcCvbC_OgT2jR3QO9WM_R-mrtmreRfy6I2aiAch-eosmj1OxzSI6Yp1DpamR-gbW8wU1fsbDQ6SENrG3E8Tg-NfQqT_BPmFS-_NYYMStWAnFvu378iu9lGP6nPRNC_tRYFamsG1rA0bMwvf7oGnw-aHpXkQaDrW7VKL27Vc9bn5kAcRR7pfzNmVT8DzkTzT5_guj7EMNPYAZzSvthPvslOwQ-Ra&key=AIzaSyB_RPF64RaB3lypfA6VvXil87xSttgcUNY
Marguerite Tennis Pavilion,27474 Casta Del Sol,Mission Viejo,CA,92692,33.616129,-117.651054,https://maps.googleapis.com/maps/api/place/photo?maxwidth=800&photo_reference=AXQCQNQFyGnAlaqwv5N79yiI44R0l4YD0wwoxfFy2MvQUWp853Al23s5NJ7d9Fdg-7AGlVllnyPs8K4LpzKNAe7XR_alI0tKrzKPQXPwjCJNy4lY2CJewM5jHSWqAvLaRWVXcd9wrxQQLXsVjuby2GpSTrZHdBMPI1SkakxfMJCTDo5TcfKux_8gp9pLrQzHMabrL_5cEv2GuvrA72Wnmq0M1nc9tjZWgan46egTpHTm2sjBmOJL5LxKLgohUsIlYQCuiLS-6AcK1dUfIzPSq-6lUr4pys9iOIKJVo06FJqCqedWtNAoEhPpe0G8OzNUWsU23SSSEl10A4_OmFAJEtOouw9yhL0nRqElHGpwHZ7WTvUqRILwyKAbMp9lyEIxgGIvFpqOQHXsvA7WZYVQIL-3pWx4pL6PUan9y8P7QabQM_ddxcIz0AnRqrCfGRfcllcrzG5qeED1BCP5DFQs5Cbg4NLbbqOlg_dLaD5TuxV7-AZR5BT9yYHbgyx1S13B18_DHu27e-5gpa55hTi16T_OaTaDx_hEg4gZRS-allMJaJfSK5PKdIG2QkOJWQe4Q_tbenoSwqfLa3Qdmq8Fp11_iLeIkUCd0VzIludH0M5iafhRdRo4cxy5n0njmtI8GHwOzrpT8bxa&key=AIzaSyB_RPF64RaB3lypfA6VvXil87xSttgcUNY
Esencia Sports Park,31 Esencia Drive,Mission Viejo,CA,92694,33.548121,-117.602785,https://maps.googleapis.com/maps/api/place/photo?maxwidth=800&photo_reference=AXQCQNQASuLHVvewSC5_Hk8KCip8XCD19cCpkq25v7Se389kf7DWPrVFTpy5a6KBUod9e39VFbkBMbln7ud8gpyJWkT7BbBOQn0fMMJItJFfPyNc-iOhoLhzaDRnY-0xI-ZLGvGhZWjzX8awp9PlFuWLVmsoiowf_lODpUvuKLcjeTQqR5Q3ndKZc6vFPVkWw34J8uihyLhDqgq5MqHgkpzZo2FO6Swfhl5hn0z1Qn20_o6BJ0SSx4TiXaRJK_YGhEK1p1F5oqBapHKvToZ8LPXWG7FEEw3xDig9xtQHQlLqrZjHtfNaYRfE48fcnPu_5rIxrT8Z1EVjNaaCMjn5xo7DwJ7L3gkmSQT6rMyQ7Kvvp2BAkgxCVJ1JfqgXTN8Ui80R3YpRe_a1yWisusoLCsRiLQz5DaeKqmRzw4YGjFLjCpIJA2JHratojiNADoje26y9013jjV0_Avk1jKHh7fJ6vY-TLd0IpKpothLRMU_HJds0S4CTrLv6DzgbaOMToWbzefIHZfwARDP3lHATlSP8Pcch__3oiaI5xv4EdXMoV_PbCdUU3SoB2R8GCgFVU3glVbPc4yHlWnhIO6aWRqA0dlPCCAKaOX2hNLw0tIe0zzHJ8SmvOC_YCU3uHlQiaAybN7BsnA&key=AIzaSyB_RPF64RaB3lypfA6VvXil87xSttgcUNY
San Luis Rey Park,109 San Luis Rey,San Clemente,CA,92672,33.4063611,-117.5968111,https://maps.googleapis.com/maps/api/place/photo?maxwidth=800&photo_reference=AXQCQNTTJtRtRyYDW43Og46cTq8l1PVnI_MCiNgKbdfVejutWFkFhU9zz4fu5HsDGhbQrjZwVS-ncKY6UVVVGMHA6b33RcttEOq1TD4Xzelm_smTEIHVcIBTxXuFMMQYbQ68xxDOe7IPoGO1b4hqqHITqD2gz3ZqK1JU6rl4r4BMsSGMXmBkrrlUFWys5Jo1PhqVRaXHApL-VAdDYj41nmpAUAEo1FB8Qw2I60TJ1vufm5RuRuzegkXDCnjASD1SRnbbwR7CY9cXMeGEVy7Tq7D2QQtnRsflxNH-0kQk0DJXDj8HYPgptAzXi_lXuRKfPu_x-n7JXytrrJml1-zuBqH0QyRjWpeAYs3F_tDj2a3zufzpVVRC3QcLIQv1FBm-Jx8kdr0gjmNp7NXlpd_GNavDfK5v3iOoe4gl16aw8mAWEIW0xSNI3XYRxhnFXhlHHPmuMeLZV6QcdZEpydLxOBasLIX_6uO70-43-DZQ3J5lk_XFjdGatDBUtHY4CKrCP4X70nhLV3dgP70N9Pzfe9OsXl2YDqIDBKu_Xizg1_s3iL0joMzyDvnY4EjhtC9bqay5W-zWKHE9e5vA3CgIej9CfihboBoa3ntwpJDQ-yCbUHGATXGp9HR08JXrhAmcZ753ILIFuGAb&key=AIzaSyB_RPF64RaB3lypfA6VvXil87xSttgcUNY
San Gorgonio Park,2916 Via San Gorgonio,San Clemente,CA,92672,33.4501414,-117.6427119,https://maps.googleapis.com/maps/api/place/photo?maxwidth=800&photo_reference=AXQCQNQ82_UzG26IThRNIy3JUhcS-CkyE05atjlZEx3E8So8bmvDar3fu3RCNmL-EFH1TXKgzxC04llA0GWWgrsESrvRUvN56M23Dxww3A7xbFMBGoxIoqbJpdNC9RfCjVuTWz4XaL5M32ApYi453lc8rbxbFak_OIDrY5VNXz6UCzc_WWmJhLU7nkSCMKzJj12IHhzIeq-zuqF6LcNz-IZpKpo7cdQ6z6uTI-ArrbIG0k4D0F_yHeDY6NohWV47qhPViiUBY9PYs4K5udK4UtNRjokCF2RaEHquT2fT6nUW_VR7DbdSAnLW1vBniFSDEVMO99XlJYKXazLYNMoYj_vsfzFLxYnBQvYCNx6nQN7u31agR-8lNNqk-LHHYouvpHS4vBS74gU0BO7xjdi7H1bfcKPv0OUVhe9sIg9Aj9vt1pivsCAmfm0sxhwOHJm1monsKldl4fnwAhkNwCoeo64X_PwUGcTRSkBMNTtjfRF2XKnO4DA_FmAviZ2PIDPtdYM-eNjR7tuMpvqbs73F6Gvh6qyg10PTQWn2ScnV53OHpe0KWYNwOzWg_8EFrxDUU0GxcQvUAkr6jl_89T28UYvnFLStaF_WVKZJjY-YZNhhXkAj7PLqRS2rIl-ru-Q4bcMDrzjCNFKv&key=AIzaSyB_RPF64RaB3lypfA6VvXil87xSttgcUNY
San Juan Capistrano Pickleball & Tennis Courts,31480 Camino Capistrano,San Juan Capistrano,CA,92675,33.5051953,-117.6644774,https://maps.googleapis.com/maps/api/place/photo?maxwidth=800&photo_reference=AXQCQNTxHt3DIuFL8rL5uAxvCIW-N0BdUXChUm_nn-vxpg3KJJSzXXwbssvCRM1ELRbQyU1CgPkNklPHs2CIy12Hw7OYyr6TJpzYiEEHi3fmWB04WWztRzAEdjI0GbeqHKrYKxAIKLN_XXInPJn9vA4_D7WW4OnAvAhdTIGRl2fT2X9K8fgB20ACZl_xzHuDAt0tzNMGUHePLRqhp3n90a_mezIkwRbkyz25Us_6guzWXo4lg4_xmuPSmRnEddwpyrIHBFtt-QN8EtcPaUzq02iLvtV8FcMPNJ9QaHWi2cQr-bwhwyez_ZthwQUU4vlCEmjBCgk9KrWnAJzuIm1A3oa9y1r6pg6mQ6w6n78Fc6iciMptzQ4_YfVusbOeGV99UQ9NqeGLqjsrU_EumpK9-CwtwRvSFwLMgnsTMXwGyl3GfpNlayjk6E3ct2JX1kSfJ0DeQDwSkcsqUCV9itMSoUIZbJLN9CTOKEIFl8YbDQ3aQzYl80op3W2yLkscFO1l_LoC-o_0axaQJbIpT_pIKRuq0lDmB7jArTyb6kRfabQLKQHA39rYQsrwNLbwSfXIfR7_xjRkjLXJ09o3FhUsdc58rgS_2HMY4dTGOG0Q7NyvqTRqGx5bHgXy3vO1qGNM8kwUO00gBQ&key=AIzaSyB_RPF64RaB3lypfA6VvXil87xSttgcUNY
Sendero Field,29201 Ortega Highway,Mission Viejo,CA,92675,33.5204982,-117.6217902,https://maps.googleapis.com/maps/api/place/photo?maxwidth=800&photo_reference=AXQCQNS49kvLvHbr4nBodd4pk3jqFAn8FKGmaGvudg4MO9QDb5vQ6WZBmoPWU3bZ8t_drlDHxH91HBpwAxcb_gnIaOxXCi0f4gaUoIlNHrkFvhKCe03Pd2PXBnxA8yV4oV_Zmoocf3eunG3LXQhbpkjCquYT2i9enoldqqD5lmHMb08_NX1Qdw_8vz8zfN1HMuItylxX-hGlH4wieqEIXmZdhCJd_OwWv3IH4-UusQRHqhRKZcHvHD1rde5Dw4DDmxg_5wWfgbZ-cvGdTZirkbln76eCbBIOvy8QY-5eDetwir59xaR-pLlWrH62LPo2cZSoduSp6TCdTdhbYeIc8ArXvhIbNWw33Uv2ekGJdplmU4FqrHaAiQfJ2UurpzLwsUneYfN60gAfrasoDq4wbLKgexeC19qsvurjv-orB3sFuXjBGOrPuEyBqFr28ImDL4-NxLDwoCT_I8K1qeb7uD_oHaJnhzaruwjoTyhEYjWMZUceCBEmiSwcAf2nobJydFsoeFnI1IZLWyTa1sYHXEqzhTuUpqPYVt6ZEpN3E-JDhF-eLcJkWDNssikq9qdojbEa23ePVNhJ19PQwolFNWHSCQObiNtVZcQybkDdfPTYM9F9tgU3TciaWJ2sTa9YvcOES9gLAj_A&key=AIzaSyB_RPF64RaB3lypfA6VvXil87xSttgcUNY
Marblehead Inland Park,2400 Via Turqueza,San Clemente,CA,92673,33.4516232,-117.6219583,https://maps.googleapis.com/maps/api/place/photo?maxwidth=800&photo_reference=AXQCQNQi-g_RQKAObne2G9VgVUZtLhN_svNcpxHV6JtJrBFAfwD1GLQOIa5E_aDsStbZYX1b2an_P_eLAMSfDznXQIgONUCEov9CHSJBnLVBqUR_Fry_JddwtpDPDHnXoyhnemgl6AJR2GLnG3hp--7be5m4NqqEr5GZWOB9WwBADrjVUM0tA_m0oYYKGC-O4a4Jw8UyxwbibbsH8xNiWHAhbZzd04oTrQ-4iaSgjrbhfQekX2HjWcWH5U-q2ba8FUsMKJdWbhZlUH_SWEthO6ZI-ZxHmEXUxM82VcKrfQc4Wap_Nix25y-tMYwJvHP-AfAEoKlaKhr0VyzIGSfmygGcFjo8OLBt6EwMHXcP3U9MD0aWiB-Xxx09I7bdevGacgmJHanTm_iN8rT6gzOWIYv5HHh-vLybc_6dK_YKmYUMsYSkqMVPPPUeHNmC4VKTIgepHpU4i97cSSXR5TeDAlRYRv0Fbvwugnt73GSkluEMn3swhTEqmXCuf-PH8Pf7Fkib7N9H3v6aAqUAfr_Sgo20qjc1vJJvIsdGzvo6trLqUQZBW6LE3XbZs0NIIZb9YSyDi1XnWHPMoRuBE0wnZilooik7ixR8LXONeF4b2VWay1yJjw04uNvHW-J7TDgpAFsxNsclLsUM&key=AIzaSyB_RPF64RaB3lypfA6VvXil87xSttgcUNY
Foothill Ranch Community Park,19422 Rue De Valore,Lake Forest,CA,92630,33.6793131,-117.651664,https://maps.googleapis.com/maps/api/place/photo?maxwidth=800&photo_reference=AXQCQNQpCmNLtSf1YgvLlFU5yONFnHNEBgn3Nx6_jTlqfkPWk3IJIgo9b7P0uk91st2ndE1ETh3mnWlDDwU026b4LyxtYZeLlUS9g-zQj4XOKwIAyzY3lM9z2M3ogoYaiCJUA7UenyKarDDwPhx2VI9cQJLYn9bZReRpdAu25DkJrQhRtdsadkAShzUmSN0klBYZIJ5n2lQk4ibdfibeHkO97v4SXyF2OaW8UchkBEaplBlAhmqU2UtEYPEBeJPteVVFfshthTWjCcIFwX8VpM7-Tfz3eH8cxmsCW51rUTl6D6lhmljjyX0igcnJvKzzzqOp6Ag0vvQTQyh4bI6Gw8mMmBNAc8AegOMkakUC_8VDYdj0FIcRU6GNKFwYbWBAi1xeuVQlBYDAEalNBPHLo65z0ZD_jlcXW4h0pYB9DzBkxoSZicozRoLZ4t8-81UioT6gO2m9U_bMHjZhHvsMUocJbo4ZgLNNoDvuURyJCNhd8KT8UzS0DOwg8s9ir_6LeES3skNLRXQ8VlDNl68teB-XlIDmKIdLOqQKLpLafeDKTsALpcoBBos_sTq5MfakTjd-XugISKewCgxrldaOst8d9PDO3Mu34iE8DzTegU9M_qQLbYUpL4MC5FGCO0Jh8MKl-9AsKA&key=AIzaSyB_RPF64RaB3lypfA6VvXil87xSttgcUNY
Northwood Community Center,4531 Bryan Avenue,Irvine,CA,92620,33.7115087,-117.7684431,https://maps.googleapis.com/maps/api/place/photo?maxwidth=800&photo_reference=AXQCQNQSjagy6l-R_3YIT4n5xGslPwG6Zw4jWZJEmn4Byi-FZr0famIeLFkVzWDnzURGOa0DmNusBu99xi_RjETBIJ2ZO2D5W0lvzYj0xSJobh95QJqvzV8oH0xprKCn0e5IPDE9s_HA9V4q3ae28x4csg6xmKmjKFDSUOzuckWdhVDynCKkqJva_QRjsLNmh4r4Pbv4UZB8OC7I5PFnzE2g1OONo31S6LVcVQa9VUVB30beUCufOtkMBGZ9sGdfLUka-pwWcGecWU4xNJHlp7N23_VPn00IFaLxgJpbV8pr4pvm2Q5I9M5QNx2LjpW-MObcoNExizjJPRTLmF23QG-uWe4hQwaxTqiI9SRkohp9w68QkOOUa8s4Qc98zX0N7tZM2wVpzqaQBOIRZ84fmmMuOFHxtq2dm8SKsl-urg7iTNi8R-LlTBypwOmpFgDRb6v81IYufK0Fu_6AG_iF6SUWA_3vJbZumz_1gZ-O1dtH-wA2V6BD66t0B1XzaBOHsi0bLnduBinTQ49t2tGgK_UVyssDG8K1lWwrkJtNRGZlI7aT9rqqUa8NBoA_EhrLoSgsyG7p56Oa824tpRPwAhMkARjbDuMRlT4Usaw5WATO99VDcNoCC_RyuX0F8JRzUjnc5ciEptjq&key=AIzaSyB_RPF64RaB3lypfA6VvXil87xSttgcUNY
Melba Bishop Pickleball Courts,5306 North River Road,Oceanside,CA,92057,33.2565097,-117.2921102,https://maps.googleapis.com/maps/api/place/photo?maxwidth=800&photo_reference=AXQCQNRtZ48ddyKn_jAbgWDygAge-At82d6pia7p-ytpqdfXdkoG9sVwcjyComz0f1FsU3WteimFrjBITIixL_cKrDvCwSnO5aCPQ5ttCLRwsxdUIbFvIvOSEFaTI9JOPU6FXbvN2pSpQ63_owYUKpyLugFkOtjj1xj-Wv7dt6imay4LUXoFC0e99Lu9T1NzW-gygz-xBRZqQBoOUaiZAEccTESUJAWGBOz6aXQsyVN5RLebafv3kEhiEtRneHD-tM6yDM9tMzAAg1YyVxqc5dJrqP5EXfTASih_KbBT-R2J1LCcb1JD9pUXhtLj70faRkYPd-O_gI_GgotZzzsaCbvyczF6n9Dr-HAahmTUIDMPDPuUVXjp6iMFKjR18qTBa6lYsS1F3kwcBic4HcxzEiNPnPBshoQvu0F4eua6RU9wjDi_bfMTBXucA2QDy7fwOycfHJ5IC0DyMl54csVghFxZiAuD_Vfr_UyGXRYpY0CNKPf96mtD032mttXVyzrQ_8vQ-YuCExVKXKp5wZ3RjiS84IzDIRtm8qNDLdTReEfAT5X2Qn3zNEMZGcaQO6On_cTI3VBPRK71r11Oa6u9JSt6aqx0UbLoQGXrmUbvdQhoTCZMqY8Eg0ZYtfesnUXq_UUtWzyZkq7b&key=AIzaSyB_RPF64RaB3lypfA6VvXil87xSttgcUNY
Serrano Summit Pickleball Courts,501 Serrano Summit Drive,Lake Forest,CA,92630,33.6610639,-117.6835134,
Pickleball Chalet,18283 Pasadena Street,Lake Elsinore,CA,92530,33.6879776,-117.3453789,https://maps.googleapis.com/maps/api/place/photo?maxwidth=800&photo_reference=AXQCQNSk2kr1ueSEXuI_MJS8esOuyKmDH01mmrunGphyZyYwJb4GXZ4uFMUJbAYiu3i6kMbKedMniaHryxA5mvqAkOi_Hud9ENCfpowzTQqAPlnShi2PQSvqQYd3D9JRS5hnO48Z6HXV9jtt9MlRAoCpyRV4RPw3AJJ_7WUiOXkhCXZeHfTi0M3KK0H7yw3hq2w7XcL_i1Vn9nRKIb8hhRbXtLE_MPGAqr-L3Y04MUYVtnsRey28PxJ3Np6uKjm1yxG64uGIGWHOJLN1ckGUhBe_Zes7Ft_TgR85tadT_w8dGPi4h8XQ0tgnf7YXBUCiDlaX93dGxQ52bRg&key=AIzaSyB_RPF64RaB3lypfA6VvXil87xSttgcUNY
Bonito Canyon Park,1304 Calle Valle,San Clemente,CA,92672,33.4330394,-117.6227644,https://maps.googleapis.com/maps/api/place/photo?maxwidth=800&photo_reference=AXQCQNRnIllLESYm3uDd4GKcIlwhFY8HfHX3ciu6QHLFh5SZuUwRDxbv_jB5LLoGyd5EgvIjdXSFSi3rM8fhkLuuZpQbmg7D5rS6jWZVR-hNyy5IADWf05qWaYWsXHl7c968fUKhPjbbjgiEH7gqu4XD0ECuGypbCoUyvqb4d5FRFwvM6ZxZFT20_Xnagnb1yiu5hw8VvXXur8d3Mw0hDycRFj1ht6eH_ae3-mL4bRvfJTh_mePDOKdpG3-XP5W3DHZ50FzV4R5lN5H-4CqLHEtbEMb7R5wVq3zcVl21xew8CVePAVvslVaDacaNpXpSChpCV9hQjKcnxYr-j1Hcw_hvrxx7rw-mXzikiIOBXFAhbeWkdgdwuJi28eYU7LNdz6isOT64BnLk_SLdnCqV9qNT93eBy55DMKVL8oXcL-yhASn--8ZvGPEyLAUaVQOaJRLLuIsYT0O6HbQSrz0UhpG-eOottO9Hnri-4b4BaYg7VJzsOnFmGLE71gU0FRsk-lp2q9JdAO-AdFJzYObPgYjV41vgn9KZaLadxd7FkD39-s75EuI-q-b5XtClVrP-1_khx3F6YMpy9jVXLB8KvTlSdPo2sxsBgZbyJgUiu5dEt8WeW-7_V-NAuU_3TrcXZOAo0yW8IJNb&key=AIzaSyB_RPF64RaB3lypfA6VvXil87xSttgcUNY
Liberty Park,390 Calle Saluda,San Clemente,CA,92673,33.4712334,-117.5991078,https://maps.googleapis.com/maps/api/place/photo?maxwidth=800&photo_reference=AXQCQNSkkPUj39nPkEBdhBGwfVGkchmSPqKULcusPKKduM93H1T_oj5PRyqMUl8N1egq56Sn1WphWtohSIs6vUbxDdQPDTR9qi-fP-8SNfpc1T4rSbfa0lpyEgMclXoO4M-QkdB2wLqfSi-TtGoV_aTTyGr2EP9DbqtWOf9UoJzBsJiztSnDuiM7rfM4RZv3W1DGx6TtDwu8h4ASUCj2qcIw8Xh9GIxgfaChGs1-o6Gr7cDT3082aI5q6cRSLAMWhR_vQGNPm0_5qB4bspgvBmwbY2kwEaLrshvAVetd4qZbTwaGs-4ZoVfVr2nQGFl6PL94P5C_bqod8o9GgeynkjCRU43sUHmOKYn6yLw-iVQtLQ9ONKwnAlOnVGUyDtyYC1Oj1CImyk4UC7_gEe0BnBllAG4qElrEyY8Tii_3h8NArfbQxPC0Aou9hQqljgVqiZCKj9dxSbMnPMc_CMhC3_eDdOdZEnHsbh8OZd5UZLJ1gLmgayI9aa9eASjOZWl9ZvpLy9tDno8oeLuDt8z9P5NtyMTc2YGG2jEQY1iTGKxRshqc3nFE714pXR9vIbV5TjA8z91ZS0UfxHi9GIN5VRSaVj-Cl7iLb3tUhtAtqGB8JDr_FkrmMYdwmbOtAW4gNk8iWWCOI39T&key=AIzaSyB_RPF64RaB3lypfA6VvXil87xSttgcUNY
Walteria Park,3855 West 242nd Street,Torrance,CA,90505,33.8050806,-118.3535476,https://maps.googleapis.com/maps/api/place/photo?maxwidth=800&photo_reference=AXQCQNQVJSzryn8RgPHy2TH3yFQ6hVM75tWioSjrtkAudvJ-kUUBjmFcaEjOb6PL1w8q-zGCHRmer6k5VNcO8eN1aZ212jqQbcUYfMEQEHhUmgP6QmiTS14ZTwulgKXtu8sr9pU8XJeINzQ3YVkBQPx_G6pWyCa2CvGYx5uo37braUtp8i2Zz-kifQarFmpdelnQt8N0hZoA-BSOFK_Aw_17rBlpv3g3kVOYvYzay9mSfZyKc-cQL4vY48Ok4bnu7prRlcwGM342BMUFQTWCbrnckBVbWRPAgTLCZrYuOEH06jqDxysDKOm9kUjjIEJYYWhsiiArcqThtAOHGKkhnnpVxzPoZBMLRsDH8yg7ZXnP6XxY22ZOsCwCk0f7B-Her5sSKPmtcW7gt-MdN_YzvWPLdgPKgDModKWsQ6qAr_ANMCS6eQDzONXu6vF9B5zTiEgNokaUvwfP6tzTxBz1MlnPKGubSO8c4wpREDjwAPaFSBs-ft7bddffGpHqpAzukDAlV1WkRymD1TcRD-bzpjRc5QGhmT_Tk3oLch0kNxxFIuasj20COkePhdWVPmHI9xyln0jyPSYDhHUzs1TtWfswJvoJJD52NT2RDYr5yvQcb_eohoIe9RU3XmX6sN_SIpJpx6YjOw&key=AIzaSyB_RPF64RaB3lypfA6VvXil87xSttgcUNY
Westchester Recreation Center,7000 West Manchester Avenue,Los Angeles,CA,90045,33.9594131,-118.4140147,https://maps.googleapis.com/maps/api/place/photo?maxwidth=800&photo_reference=AXQCQNTtC7LrLdaQMT-1YlV-HZwOsuxhGjsGoju61Sn0PH2iAgL9sK8rAfrqxldOSZnf0sNC2l_VJqYpFWcqC1zuQ74rROoo_CJ-tHRHirdE4-q_mE71TboWKL3wUE-m4lrbLVDiMe9oesTdAlX1Yls1fPQi8rXX7EntMRallx8m-jTDmVQ7wki3CQBnuLd5-MGN2l-IIR0TVgrIcLR0pUd5uptWZQxru1gbLHNUKfUDwwQZJMKHvdta14to1IoABulEvcEFJvJz2w4l3tBFD6xr5bA4CRPh0AS705xbN_dgWCyOWANdCh7XtX79WPMxw60yEWEmjiRYM6vGg_1qLefsFiSi4xk6TlaZ_gnHEF4biCmIjHn09LnoqcP2-vRGljZP8SCSdH9VQwIaAzAJ-8YrldHT7wTzIjBmrxYZjmUVYRCf1vaRQr0ajkrgrw8HyuoUYjFxLLi93hoK9MonApgRfoJXq-CiO8Mdg5f0t739trwweI_Ynh4RViLdZ2hn4-ODypsOiCOdH7A2F_TkPvcJL24kpvH7MLhhW5xNGroer_Kwky6dRGF8Zh0altnFRsEKg2NTmK2KkEexsEf1PZvUncLRwjjAYRsHJKqP_5tIe-b2oLSbPC3Z40tmOBTKRZx4BxVNPA&key=AIzaSyB_RPF64RaB3lypfA6VvXil87xSttgcUNY
PowerPlay Pickleball,19401 Main Street,Carson,CA,90248,33.855058,-118.280783,https://maps.googleapis.com/maps/api/place/photo?maxwidth=800&photo_reference=AXQCQNSkDQ4MUcdVRCUV9WSFPAZ-WonIRlbxGyT47vHFFi0rO3dxAaL7rH8OVBJNpzpgQvICpVQkDtDekpdGwdZxGUFc48CEnc7yXtuQW0zy6e_MBUnsoobzf8kwB2eEc1QjdZCKGiO0_mEgDBHRoa1YJxVJd2KJ1nT4eXqq3t6tN6D9FEUsuOE-9d52hVMHFX0uvwImKapzyZU-jq3OnQEUlZwJFa9VRNg2ttFT1Hk2oTIFYWOhoOOA6LjIEQHZk-NBDkMFbkyEy1BdjngAhoNBhpyE5rSkMy4H7ZMYc1lfXe578Thrfa_l3WoPeo3U6gh-A0d-AUVwGls&key=AIzaSyB_RPF64RaB3lypfA6VvXil87xSttgcUNY
Manhattan Heights Park-Basketball Courts,,Manhattan Beach,CA,90266,33.8870822,-118.3844258,https://maps.googleapis.com/maps/api/place/photo?maxwidth=800&photo_reference=AXQCQNQQ7Ps8_Olv5nPe-YquQaXugBTOYsiXGDtQ-_MrHQQtUWoRdEX4JLrJaHvAVb104ezAzMVmBzb-5ess0Fvvy50h2_mOGycGNQg1MtWEWDG22E9BWfRs7bYQBRgiYVr7FQmD0bYdtq_7J2lC4_EDG8pmTp-cc6uZlectDyQ8HH7f7kk7DNIskwfFqMJ6103R291C6flQvjP9U__vI2C89LBiOQxE3KGCPaK1r-FI4d-Yi5nR6zpealr0WzmMZ7_2OCEpIB4BZvNfTMiBdYlhoH2BfMMkxPqCDPNP52-_ml9WQCyq-o41XpqL4r4UCCr9yeY5f8W8eZ0TB4evOnuSkUchIHlP2BDxeYwtNptZJvLjs5HcfTAI5h0Ko813U178b0cw8HLRk3ZMFTtL5njN9w2eCdbfB-PZX0fr-mEf1KuOXtvNSv7AdunSD8lGTBuoQnAFXkvHjLRebBNEt50zGch-DbqINp5sEnAA9Whr8A_8Erxb34s_PgVKnnwN-Her0vHw-gZdwaTSzG_vJAwTGnSZQdLcuN4gt3AgGsm0fDvOMStQiSoO30EZjIh6R1U4wsvONU59kDNKLebMETBIzngRzwC9g1EyAw23e5d4G658OC6PM5wwF2iRSVkf0TSkih54GA&key=AIzaSyB_RPF64RaB3lypfA6VvXil87xSttgcUNY
St Andrews Recreation Center,8701 South Saint Andrews Place,Los Angeles,CA,90047,33.9582683,-118.3116742,https://maps.googleapis.com/maps/api/place/photo?maxwidth=800&photo_reference=AXQCQNSFvPLZZJHzVQO_gLogD0ESiLRNaOlqoLu5zZRKvXTQt3ytQX0jJrc1FPHIPWLf3kXAPgPcI6-0gCg5OlemPMCqivDdu3eYZt9kClSeKi76aMLi9N01Eq8-MblntFTQ3_udU8A2lYi3wJaEqzqPpSZb4ZNt0bOMXD-X1C_kH2S5sPp7d89yKqxvLYBNHbloUGymDQ4dZGPymS50HrPuVbZ4uJtYMZ-ejbcg5MwlMybJ0U3-oqGczyMPjEPpCQ9A_5xv4l720MxBgtcdLiGnmHtdn13dW5P0jn_iDPqF5uyp4d0JbXpMy-UBtvKm7U8NTKQgZVYhDgTqZo1YDBcMbvZSbnqPIt0oc08TNsvcIYO9HvYTomN5qAIqBo70yQ7FCt3UYCIqg300GKb_Rw5OoK5UDLfPC2GHw9D_C1kWikKkXCmY8jD6aWaxPnRDDe6Itv4GwsuQi3BA6Rv5EZ0p7_Og6sLUmAG1VpmenGqoM3POY3o8CwRlxXUEdqHYDau6M2cmXw9qHKI4F40j9orJ-fg2QLyMzmGjHzw4ktDwOBE-2TDOJZfbpaKkPoBPjQVFTcAeu5-_uUD_s_3wMo-hQ_3-_P8JYyvCqP4HXSLaK3Sys2UQwFjGuW6WDyDuNi9ViZhsqA&key=AIzaSyB_RPF64RaB3lypfA6VvXil87xSttgcUNY
The Sports Park,13196 Bluff Creek Drive,Los Angeles,CA,90094,33.9671522,-118.4263166,https://maps.googleapis.com/maps/api/place/photo?maxwidth=800&photo_reference=AXQCQNQVrnuQ1cg7pYjXJiiyepdT5DQEhQTInHVbxCYluHv0jcb7V2sMB-XDjdGZqBZASTclVAHEL9o88lKQgc6LXcr3CpJ3UqzBo-nS734jHwaboB7N3jw4P6UHzUC680PFIpPcLOIXxVG_okQq51R96pSVV8UuwyB5JfLbmirpuelc5yRw4JcYlkEOCyg-jDFEf-7QHjereJiP2iNnGq69g54ZFnWtubimVYDDkTrSbzbjlBqnKXHSJoAcXPFA-9_Wa7semFD4RdkvsUcZrztq8UHy1FD-SsNv0xLseY_LOSWvnVAy_po4N2hjiOcD8m2LjVjEk5eaifFRQ94Qgr8eCt7bHS7otvc2AbOV4KdvpHbiIrdeqJBizdoCE7q1zl95mioWy6CcyRk5MtTf7hWfF-3pD9tN5S74znhiwxBlCwfcU7IWTYd46HEuuJJPCYPl258f-O9gHe6sDkyqW23l64883djj6XJAgLFNbZt-uYwUwMYhIkVgxrOtTVUBTpBjgk2WxBvDOr-5hA6G3Qq-xBoHXJmbje5j6CdNCXV5mDOsI_hBD7CU_J8wxCncKwMOOO8BdFPcmHoEp4tHX1_HMw7_sHW0yqK390DFuvpcdcUuAgruSPHWLW2GKQevl_YlAGyb9w&key=AIzaSyB_RPF64RaB3lypfA6VvXil87xSttgcUNY
Sur La Brea Park,2006 West 236th Street,Torrance,CA,90501,33.810941,-118.3144307,https://maps.googleapis.com/maps/api/place/photo?maxwidth=800&photo_reference=AXQCQNTmUY3kHvCJwCJrDC_uTaJl6IDJCyBNpAm10gb0XFBMYJDqqtvvv_QS8tL2aUNp5St3ROhnKby1Sp5ZkAzaTgqNHHDFECmy0ZO-_7_-aLyJR6oohRYsx0Uil2u31wxabT9nFHzzPw4yz58Mm0_z5VZchoElvE63I9d6QQ-V0DPrYe8TJiyShy_SHqU0gbSMnaMNGPgaGjC-ORWJViN1VqeHeuGQEy9-5R_WGBQtpuNbBhCxmzjtYD1GDS09kWHFMJwTatg6J4lxOwJ3D03O_n7fzxcvDKbj2mrzd8tVoJ7JOCOtUaGREs_TK8itS0g1MPWPKWIDT6nAnol1rW1NYs3uHFTx6vtV2lz-DtGVbrXPKh-9zC453VixW9mJzBd6o28Iqy5CDfK8cprGiVjfkm_ynmbx2Wx_Ldn-v21J6CtIuBR_xXyjwT9uu8yFa72eEljKQeLhipPOqS64wFGLy_azwM6NPI-EbFhnWA3of4bKeaDpMnPOHIFia5URnqLMp0M2d7PcBjpb8C2Y6V3ZOHqJXYbi9MiAcpbQFP7MxriHDyYajgxkcceiR_mSUQRL2cylzxXQUPCZFgRaFZN9AOeHPfHhuyQDfsXDD2fwlrNEsmNmOgqRIQSqQzg1cpiDLdNyOA&key=AIzaSyB_RPF64RaB3lypfA6VvXil87xSttgcUNY
Kelly Courts,,Hermosa Beach,CA,90254,33.8619571,-118.3949395,https://maps.googleapis.com/maps/api/place/photo?maxwidth=800&photo_reference=AXQCQNQMa1lUF-jtuF30E6dMGADRQMCc5Rna26eh8xmbXcssRJ-IfgSkOLtdPhTPIpQ3DH4zaWssBjCt_wl-nyL_pYrnZZssdBccVz2kdCV7dxSJH8BtOCoOIyR3wcSxVOPHSi0dAVBfSmSnAWFjkw13g9ZEwv3y3gNqVjBn8d5Ga8nLjp2wiQZnk4AODPFnHOTZ91oYt3Yq3buS0rrPq5yIJZ_I-fTYe3418Yuz6xnzVrwQIZFdJ2DszbCavh536H46slTow1JknMFaxcwSrPXWwWKAt3xCl0K_AlOwjPXX3CXfYChv8SPpZUEFWiOpkza5O6hBlqimN5cwrRWTnZ_2upP94FpmJhy0NdIyo23f6zL0ZZA3QwRAm9WeDWKBWJkPJVg85XZrT1u8Tklf89Qxbwl8iXS80ykbdyXy9N1ZYAue1PEpsfBBWLmpodkCz8lpQA7kY-2CjXN_Zu2kAeJm5nsLcZKG9FIqXJXwTcs4RkAWuBW-LnjFstmDD2P-8J_zYzmNQLgZdwlca1_9g30Qx-4p9s1df3G9KGtuSq_g2mEd9tbPnvEkOPE_PBjHe8relEYvEIjMd7DEJDeD5KHsFcFqP-20cxKWbPT4XzBYJLC8VkfetDYkgidFq2GGDPexpaiPG5IX&key=AIzaSyB_RPF64RaB3lypfA6VvXil87xSttgcUNY
Anderson Park,2229 Ernest Avenue,Redondo Beach,CA,90278,33.8828356,-118.3717109,https://maps.googleapis.com/maps/api/place/photo?maxwidth=800&photo_reference=AXQCQNSS1nas7fVZMkPGv-wBvgV_cB9_RcjSUrmOeOxQXlt34TjHnxka5uYaw_qq42mvZ5nKvTXvOb15gmmJHX9toEehkQuxo8tu6wYv7W8xRqG7vYbPKh8lcGzPmiLiZdcYAg22LQNnTUY5O5GsbLlWlOpdM-35xfS-xIriGKb8QEevk9eYeGW7KGbEnsyAYyjM6fvUNSnKidXmeSpwzIyxza1jOSLft2Alh63tH_l_ndKOpndiIOw_lS4jimy6TJWGguAU0w4fCklYAFFHoc1Ob7j4fUMUdmgmPm_wqNWuC-3UYW8u0JbUzstfhXue22UbQgeOXsuKl0AtZSmhrE-w29ZQmVZGj2eyV7mV5HpLX9mcnXCNQAO98FeI09UJU3iA7YfBiCZRCA4yA6N2j5kQIhMog9ew-_OhfpE-Np8EeHYBQn2ERFMH4LPMCDMnwuO8oTOlphaf81yjd_f01CJmQedWv47VO3fZ7RyKZ5VYie9rUcI4J6eE5bVweYep-YoG8GAWINTTct8YTYbqCVQ4LF6Q9QZaT4woy8fjRCrdWXJ3jIEZ-hqShDtfu5ALkPEU5RATaW6OE8LZmEwPrEjXlai5LgNfadiy_lByJyOtdODQxUaFbO9ryqgkGKkarcvd0Cm8Aw&key=AIzaSyB_RPF64RaB3lypfA6VvXil87xSttgcUNY
Ernie Howlett Park - Rolling Hills Tennis,25851 Hawthorne Boulevard,Rolling Hills Estates,CA,90274,33.7933777,-118.3524906,https://maps.googleapis.com/maps/api/place/photo?maxwidth=800&photo_reference=AXQCQNTBN3UGdu5QyVO_1CVZ6HfYHgGmhcOZuTvmsOt_GKWTn3MEVfa_h8hN0hpQsw0zLnH1cFKQET2_e_207ohQYxs38i9HCkfrNoZWNOIjwktFomT4Hsawcqc8NjtOOHQCOzkDIDE24BmPn9JCKtrdEAErr9sXyhpyRjiLTI20TJFuhwbBwLnZfdOlKx14wgXyqHzIYLkVHL07WmWSVWVYvOmuNe0Butng7Ueod-QEihhqt1skte1woHV8dMLVkZXTujJexB-R8sSR-aZWhogOJRhU-_vlcdkYGqdCRMyvY_NoRfMb0yXoKjoncI4tVj_3clAgJCr8LgUUucF9qJIIoPDTNfdgrGDjhH8BFKet8D77tlkJKXivssVlAZlWyHLMwVagskz1DcqraGLR242C5LhY_yKg6G2T0Uj0_2E61eBvic5zAPxBg-_VahOxJ_x4sx1JigABt_8VYdpiZ2-fsNt_jq9C7inVry6ep_epTV5PaMxhzwXf3GS8Z0RsRXXzDfyPJaSWlxuJm7IgSx20PcJD443RogmVleDFZbaoWZBAAe9K6alTExfyTbtlRwv24lbWjgtWED2RoQzAoqJsbmXCnKqgm9vYwuT6P5vf3aDhNJCnQ47AGQfN1-M42l81hQCNxfzjbuO73QBzIeT_7Sa-VHc&key=AIzaSyB_RPF64RaB3lypfA6VvXil87xSttgcUNY
Darby Park,3400 West Arbor Vitae Street,Inglewood,CA,90305,33.9530568,-118.329523,https://maps.googleapis.com/maps/api/place/photo?maxwidth=800&photo_reference=AXQCQNS4ps24Au5LxNKFFCnNu29EmMtRWZmlw5OM_7NFS9JtKBK81oiqwB1ODquDf7igpTuRZ4lN0ZAnxykUEEm8QlaS40j7cvhx4_mt5OzQ0PZC000fhk0NA80GJkA3Pk9esK52DE_vujKIkvV1UWXD_OkOiooDQeo9bu9YHg6DnUH_cO6Uu4g_dqKr6tljOMAHcurXQLux3ObwYEwoFBvBPTJSduYu_1N_5UJWNZg3jrb9o4_yJ0VGlXOYnNCufErZB64hfvBloXVFltMSRdt5vDX-Y92wl3Aym2g-YciYpVvtinYvQJv86PaB16TiYn67dwKC43cuov334cotTRCbSrbwDtzgxXRNqT7YwYwcJJh_ZmoCDQKtC4IpwwVbpVZAZSk5GRDidV6myLNNpi2jMZ7cs1LEsAlkgYb-6JlCXL3KPIGV8WttIzVUZbAIersXtGBXREhsN2DZECJ_PDMMFmlXGEBwRsFSTtoGQo454BZOSzocI4MSq1CoSzabYH8lWc3If9l7f-CTdOVvbJboV2G9meGuBYbTYTQySBmtId1iZ5eyueB1VENT4wbzXI-4kXCRi_93JqtkQ8RDBlW0TYiW7cxV1Lcq9ixOuowjQXCSJphDP1DLrLwaOlPyPYuO&key=AIzaSyB_RPF64RaB3lypfA6VvXil87xSttgcUNY
Perry Park,2301 Grant Avenue,Redondo Beach,CA,90278,33.8695939,-118.3690221,https://maps.googleapis.com/maps/api/place/photo?maxwidth=800&photo_reference=AXQCQNS83zadt1rrRailkQ3plWHVevk3VVsGg0RyA6mfIXU8bKmZg2MFVVLUGawFleVxzK8DRQD0IrJ4Fu6C36rt6LCbfvM5MFk7PejQLG7jIW3SEkPNLbOZBWuR8SEF8rFVBvDDn4yplh-GeNH4MZPwtpJ7e-_aqojxyq8EgoNm_JiorJJ4cxXOrDT5xQL4lRdvvAUWSLbgXkV3C_ZPZXWHUBxLgWN9W7NpBxHJalIiH2ctMBqYx9miVGwMl6hGq3H6Z9zdH_MNCXwcTjzmWW2e8I6xf0dqz33eiS1Zo_CaS0h8oW54HzuEc0JuR_70gnFZC5Vd9-L5qRdjGwPHMI2bG0AnCizM8UnTO_QutN6GPGqCXzvHhaQM7tRo0u302zc3dk23S6CEFPR5J9sGenn-CbeQlHflO4hfwLp67g0STvgQeYr9G8FeSVuTjlNcTqvnnmTgR9m5em-nDHNo8CjimUEyiKKhxRKPgs-3b8M3aqkkAwyKbZu8I3QIjz0H6AwGRncibDkHiYbZ1NmPOFdtWyexOEhC4iluHk1Ru4sdYN823FjkSxw4GmsMvmgE80ZXfnJq5MBzS3KwcnkmXdmfSSBF-ff_6pVd0CWRYhFUZhuV9Xh3QsEWY4Rezntasu_OonQ03PnF&key=AIzaSyB_RPF64RaB3lypfA6VvXil87xSttgcUNY
Hollyglen Park,5255 137th Street,Hawthorne,CA,90250,33.9084184,-118.3718189,https://maps.googleapis.com/maps/api/place/photo?maxwidth=800&photo_reference=AXQCQNR4NdMvE67s93LWBR0Ik21jbnp82vkhdsTiutiAzVxQvpN8fi9ZLB258L2RjcLylWWVkjw9Z971LLJLILOXTMsgLZ9cmNaUq0Kn28W1WIFqAYj5_vz_Xx8jrJwkfQen2SaRKOMlTHQW9iqTflmq_2k4LZ3u_zPPKfhfF8HXqOXC6j02JubIdBJ-hSpf-CpfcuJuadr1cJKPTJRjSDW_8C0y86Lit6J2jZGKs_rIgNHoUqHQAB8e3GxCYZ89_xin-X8-Hr7tWjnRXTKoN7ScBJJk4F7iMqu28eVaFeI9Slmj02X7Jjo3D05S0kDogoQgLIDSsGTQkAVxcN2Gu19rWrUztLPdOJcCm9KHYkQhfytOldSkCh1ygUWleYsDNaXgKQrQyNj7Ek5QtKlbRW4zoiej_wX8ym2F18D0P2JPLBayGuJNLWQGGz_XLPOct7AfcVmMB3DjppCJqp2GIv2hVT83OTULmi8IcAbOt5OD1utlVxoS-hKDIFd5nYeGkXyX5gvHqMq3Xfa-Dkz3NgsztuWiMqRrpdslPSwO5B9U7EIHhEemSbC774Xvoxdkal1phdA_HREVszSnjSUcc88B50fNYj5gzPxWGUx5dDEw1yBFxeqZinbmRX0SuWlFx9uS83_18w&key=AIzaSyB_RPF64RaB3lypfA6VvXil87xSttgcUNY
Franklin Park,807 South Inglewood Avenue,Redondo Beach,CA,90278,33.8611804,-118.3597089,https://maps.googleapis.com/maps/api/place/photo?maxwidth=800&photo_reference=AXQCQNQ1khDWz5MvurgbYN2Ti9q5z4H4w_D7hMqyNBPItEdyh0Ffx597aSSTU975TeH1-BgGAizjw6IjYnqj2Z6qOFPMcC-_JwO9CJNlbDvPpWnRfJPjAGUWHfpGrjz0yhO-rms8N459zjTq3hw-UdXwZSv_xHlTGzqTP77MhuYDCEa8_fhWpBW9DA6L5m3EmtYZ1fbtZaMCWGI7ZM-bOFPIazeHcdfnwUrGHdpzo48oYT264mesxE2FPe6tb5KiIogE3tLhSr-6F2hGtZ-4XBQ5E6MQ6IQjQW8JBF95scuhmVGo997-VFYabkZkKe1gPuQ18_V8eXAn9SIyM-F5vMGTophEdMw62Kki5FpGufm9_R12IP6rkQzbN70dMCkNyGgbuPsOQ9kME5hZi2w8-ukKGOs2vZ-3i80N2GcHXjXrd4HCMbwUWNFIPhLh571BZh7mYEOKuTIDPZ7IxNmRObSUnjxjnx4LgOltryUCFwswNsonbAz15pFF3ywDXc9V83--dTJtnkn3qWrni_ijPuyjA6UbAogYXzrgk59LQD0hDTnPGTXFWbKmAf8UVoRZmo0xUp-zxWSmUeea08INMqsTOA_aM8liVFSCqWlZxY61jXKWxi0qo9D5uexpxdsxakAHyyIUcw&key=AIzaSyB_RPF64RaB3lypfA6VvXil87xSttgcUNY
Alta Vista Tennis Center,715 Julia Avenue,Redondo Beach,CA,90277,33.831322,-118.378968,
El Segundo Pickleball courts,401 Sheldon Street,El Segundo,CA,90245,33.9207955,-118.4118741,https://maps.googleapis.com/maps/api/place/photo?maxwidth=800&photo_reference=AXQCQNRg-wQzuwqYf26cTtDBYCESn7Jv1Agtg5W4wNyBukj-e1vRc09Lfe2ttlC2CdjuxMZomzy_WUL_7EznWUKklh-XsvXiDDArkrGzugomzmOLBa0-3YPymVpw8Xiw1LqOK12mTbNZoYz-SAu2VgEy9btiqmhIfA4z8GVCPX1JhEm9Mq8O6dlpxjGKJQRN32BmHFXTC_vqwzxxqJBGUXNcS_kIdC2gLiYA4ovSrBx1KqR9PCRwHhO7qKPdELkUhhR4H1WGDt5xUNconxOWjAwcDN3qrIATZd_daneaHkPKqIBg2pjVl2ja3lD1QYCo0DnPw-7IUv_7j_c8beRSsB9MlRvCcXu-KC-xyiUBmptOcOwcia4l5KU1jsSXgOW2d8KqT0P9X1IZ927faiCsYMyXWUexHTMIqBDUqgVlGQpKFuNPcIHWno_WrcTFDNMavGlYjjHFj5I1_XtsEmGRrZHL5UWz359KOv2EUe6Wr3tOvF7kl81Ej72ctsUOr6tmVys5fq3ugYB6bf2e_7Vn-SYl7_S-Xp7L6zkey3P7KNbSv1R2-PEfVM-V6YO8Lm-pBvBT4OICWiICge8MJgcZZAXgn5gK07EpE2LHe9ZUBM3v9HNHJbq1mh98V_KG_dJ_VGfyMue61Zn7&key=AIzaSyB_RPF64RaB3lypfA6VvXil87xSttgcUNY
Live Oak Park,1901 North Valley Drive,Manhattan Beach,CA,90266,33.8895588,-118.4104353,https://maps.googleapis.com/maps/api/place/photo?maxwidth=800&photo_reference=AXQCQNQZUmu7JUbAQbRnHnXv7efSrlC1xqPxq5jisjIYAJUPQKVwxW0QviQGKliYGUbHnrR7TsZNHG7vhAv_xyCm-Vwv6UpRKaian1TPTLwN3hFugUIZJ4lysy0IRwStwUUL2x1huiyN1_0fc1EaFnnYLYjp3erILCkHKkkbZeiKvj899LV3cxJgo5LIDT0fArTq8TzVptUh6NEyadnbMjf2L8eu7BNx8H5UBQKPowmuHDlPbzkWnCTFBafoBwwH2ORlLJMXD2faiZQKf9UX_-uVlT1FZY5sJ7p1ljSHlbrG01WW7myERGSPmhSwR4gTrxrYu00suiJtgv19L7tMqbRXaouuIuzuQ3TeC8dNT_RCe7qfRIVb79LQNNxDHDEBIUCFNGBH3djfhezwrM8Wl9WPNCYH0_yVznHnfk4VUTTJKvxkmpc3gY3olB3B08uxTR1Om7jgUUsoy8GOumyZtDLlT6s9SXNVGrq4pAMnpKynUi79MV6FAlyu66cb_5x3z6DrFGAbVzanf81ShqgtSSf7ewN7QNFYXDyscq0luOQ4K6-zSzzr7E94szgu-8XN0fU4Oa1LywHkVbACylhSy1kMU7PDSnEGP_yV0Yb_wru0iJCoxfOGRm1FHDckmH3az_D0chXwxw&key=AIzaSyB_RPF64RaB3lypfA6VvXil87xSttgcUNY
Dale Page Park,2504 Robinson Street,Redondo Beach,CA,90278,33.88073,-118.365826,https://maps.googleapis.com/maps/api/place/photo?maxwidth=800&photo_reference=AXQCQNQSlW-HGsuHWlZ9DM2EofEu7yMP9gbWTw36EZhhjRjrN5pcd-YidcIV6BJfC21vWoYhBJxBiY1StJklkbQC4bDNbm3Rcepgaa7XqTfWhWJDEU1kXOqyPcs5GvVNqv7qQetYaB7tKWMC47lMaQfB2dJfJRPAjTJ6SmQqZHpasey4-9vVVqkQBQU3bN63-mqiQcigkH7XqxmAR1NIUwltHzycooIg1lJ4G5UQ6lefZD332T500ISpmu4MpRtmntfATA8_usYLry0J2m7b-KHrg0TKP8PSYV_1taU6TpPtOfzBOX3vtwoiJtZYJHEjWFocXvvTnSERqLc8X91HGwwVvJ8xhvP9ek6ahgdTIUMSaWKIEnskZwhluMRy1jyflm3KQ9BArWON9lRZaZ1-VJiBmF0pTU9_LIBCgqZMymPlOmU_N7V_ocj7kkKir1mbqyuVF9cXGfE_YnppmHTNs-AptSVTNjILtGJLGXXsZVPrf2xi2BSNicUdvurPbN9GT4YAs7SYn29y7hqmDP_RzfV3hXo9Q50gxYUpA0H2vdeFV0BLww39I-s-IaqCrbwBGNWYrrucsS8_461_8TFXkWLCY0CbmbOtgSFgu65DcWDIuqyWVilYFBlnDBGkIBuszzua&key=AIzaSyB_RPF64RaB3lypfA6VvXil87xSttgcUNY
El Segundo Tennis Courts,339 Sheldon Street,El Segundo,CA,90245,33.9210297,-118.4114492,https://maps.googleapis.com/maps/api/place/photo?maxwidth=800&photo_reference=AXQCQNRxhs1QdxAls5qNHvv16xa950-cjcGXrWmgtXcuG3HZtjlrwVW3fPKVQa_V1aIODFwe31GuJs51aECQwr6YiNWa8_pbYyyOKjlC836jx1FCfxXqtJ-HGlRiENGFDzBivPtFB7YPskIv358XfBsmbxDA6jsC7taEVaYf_yL2JjAUCnVyJ8e7nGlCCGNHBkNu2BhWnqiE5sPV5Nl7sHClOlblK1wLyl3Hu71kFEqewoDgSnK5Kk3P7xKspttAzXYLk1GFYq0UoVrKLWDz0qgJPf2Le_e58bWRWviZkbFEhv4Ms5X87OchfSTMRoQ2I6nOs7FV2UUE-Wo209syOBpWEhU6SKDJifAqlEX79oS_91_MQ85m6UFFbLDQkpAo9w9CX9aeRYOAlwN30VLEqk5rTvyls6Gz8x-3_IQUuQ84GXLerCz7wLL3ncTZOC3fzZJxIIOpVVOzUHWBHP8rjL-yZsJW64rFh022Jivi3n2GRO7cx3D-VrovEmux6eiDdIJl5y6t-QIlJLh8BTiojORvocVeYP4LxxfG4PYuNf5E2J0A17bsU9pOhr5Qset-Ba7pRnyP7yfmTPAnyZiE4vzAVN0e1rbnZn9YQ89mevHco37cjjzhX5pH-aH2GNnNgnKIgSkmoQ&key=AIzaSyB_RPF64RaB3lypfA6VvXil87xSttgcUNY
El Segundo Parks & Recreation,401 Sheldon Street,El Segundo,CA,90245,33.9214352,-118.4120017,https://maps.googleapis.com/maps/api/place/photo?maxwidth=800&photo_reference=AXQCQNSGNzuktZ2m1o2u7qkoG6pd2JryL-kysoRHTJP7NNhTWJIlFAp1K6ftz9UrFqZWsVggpXLY4NggzVtXfPQOyIk9ZtUVrt8t_jn_DvP8WMGNL12ir8SbS0y-RcnUFuSVnRr5pCvIkBNJ6zlxyRriGKA9jXAVq01M-Ki8gQ6VwAIl5KlKhTxaYiOduxu0UPYV1of5JOF5EIoWtLp_SWu94ZrWH_M_wFO7oHqveQ76OE7jXWN8d9E_PhaP1pZ9DdbIHqeSNmprTcCMTh01yCFVoIMbHLsBUgGTQHYsvyYvtgKYGwPEx8nT7evYXYUzFDYXKDeMIWI3vJUId91-eDG3_xqydBHxvIlV4hIt-DdGMAd1nU6_GPJewL_VtDiCAfYBWhBGxbiAYuLSHwA2NROQmUuXoRXZb1oc5v3PX7ihsQ2K8aqKlP8aiDOXyMw9llslks8IhGNPa_rYwfsZJR2sRe4IT8DuG2IJT9db7EZQuOQFODxt1_jvfglxdLj_D-S9eCAYHCUj4SIrFNWYqlR5cKBispzIUSbpQrhI2OOoW56RY7lSydotJivqwwh7eidNP3Q6I0i-JFIR9Ui_-ebEGpa6Eii0sDGM8v8bGsvMJXiMd4cczDU7L7JjMrcNdOS9TjGhwQ&key=AIzaSyB_RPF64RaB3lypfA6VvXil87xSttgcUNY
Ashwood Park,201 South Ash Avenue,Inglewood,CA,90301,33.9587868,-118.3683922,https://maps.googleapis.com/maps/api/place/photo?maxwidth=800&photo_reference=AXQCQNTAxL8Vc4dtwwGiwkCQ6L1Nk63Gm9QsVuBQdb0LvA5nrao0qNYZjyyFJZgiec7U67w8aNxpNEOvrhHwE0DeJa-anstExUnXUgshcA6E2ASkL0RIEjlySMXmVM7-g2EXrClB7kYoWv0SSu44m9FpblB9PQTZZxZsMSnMF0bPyrCARlCOHzOHpVZzpBM-7aLXAIBdgGWlfFONcz4zx8byBfM1lPckC67HU5Vhkq4tM8W-23R1IKzbIK6eLqRAdufmGs9GMPbFl2LaM9C7jDa0Iq98L6zySMdxjnOxf9K_AbiERTf7KBbb7uvXrLgOzB9dyAmfmKAke8_yoJFJ5u8kt0fr2VCBxuW2QBCI6eKXdhAK9WCHC2BHvZtNzaYjUYwSGm59jyp8ChqJ8f1AAoD3NeaY2vE7JVf-ukXnzFO4u2s62vVdk-jCmyuqMVFVsGfAfpozmVUgHIttYEkGrGOiBZNufXwuQLyr4H3PLkIJ8mrHn3B6COg1rdEwjEIBio-FfeeVH6hibrkp-cxf3h-4W7hePsUSxwxxLLkOJMQvq2Nf8QMPSsThRk-GiUTnnVCxKCV3WDHHg1AYSjUQUPBXB4aFJhIaoc1bYzZjOK5rBoxP6PGVkLmVRpBWhXRJ0Xc3s5ogYw&key=AIzaSyB_RPF64RaB3lypfA6VvXil87xSttgcUNY
Pickleball at westdrift Manhattan Beach,1400 Parkview Avenue,Manhattan Beach,CA,90266,33.899922,-118.3876837,https://maps.googleapis.com/maps/api/place/photo?maxwidth=800&photo_reference=AXQCQNSaiyM095ywOV3dGfuJKAST0fa3f4zlTRS8xSUiVtmq55np98LSKPuJ7V3hiUwmNAaBRam3C4a3ilrd3-Y-8z3KDsQGu_zoZ83_T9RJaGkTOJnrWz_sA1Q2MB_Bymr818IEgMraczJh33SOkBfYS5w2HFwxcmTcf0j--J50uRhktYg2BgSXxlMvaPmL5mRH1mfW3LX91udYFBReIjUq5ouWnbRaonlND1hf_frYQnGqCn4xdeDCKWF1g1GFJtMM3gN99ktlYD-D3794VWN0vDIqUi98d-440j4z1fdUrn6MIenAQxpLEMEreh42Qi3rtdH2LH0KL0E&key=AIzaSyB_RPF64RaB3lypfA6VvXil87xSttgcUNY
South Bay Tennis Center,25924 Rolling Hills Road,Torrance,CA,90505,33.7880439,-118.3379135,https://maps.googleapis.com/maps/api/place/photo?maxwidth=800&photo_reference=AXQCQNTnxlDJxZsi1qZqlYxbCcupQB_8gW5GNJS3lKWkXgCOhBe8RO8LdW73oGNt2bw6jR6VGevUAGD7tcjO0QGurucPi4nPmQT7Yz2v0tA_5jY_XCeEGPKZrF562KGQqsJrwfebyFvGCKyaCI4qd3nuo889p6muB_St6q0yl1keoAVDAYwJJJhiay_LjJkQDIMovtf8pGeV4kHvYXaFYI4X-ore4fnRjTKjg4nEkNUdiX1-CJbMgF05Z6lH_f7wyQ4CcJt2vZsgaTislAUWbxKzZ8urhR7-iIPonGyMdE9_EmD93nvA88q3N3kpIIwo2aVNJphpidWrF2Y&key=AIzaSyB_RPF64RaB3lypfA6VvXil87xSttgcUNY
Charles H. Wilson Park,2200 Crenshaw Boulevard,Torrance,CA,90501,33.82601,-118.3257683,https://maps.googleapis.com/maps/api/place/photo?maxwidth=800&photo_reference=AXQCQNT4RynFvPcGTvMJG9-OUIbZJM-MP0e8g_FE8Auy0XP2xriZMKeUpPDyLrDLT71hC8H2OFs64SQrbMgswaKJeAwj7nsQKa-_55G40rB1A57qO_ThKBN5dLYd2kFjgg6NqUWyGrIl8c9VLHMsWyi1sj0-xGdKJ4AXQtGGeHcM2IoGltU0dD5xGnpnpdDA-gmyQFYfdpVYHeFNRKN4Zw0kx7NaGdxgaLeo4UzSz5tBjDq5eHy6Fsc318S3j_bWYI-cnsKBfeqZCfhyF0eCFcswtWNd-3JGLM2miopqVpbS52PpKBbZhuHC_Xs7owa1RlayaPsFEJu0Wu5ZSoAHmW9BknkQHyMVwnY4lAmUnNfLcgfc9s1qLtaz7ottzCA-4dxU1-6mlFFdgZbJwBncbJ4EFFvhaRDw0YE3qR0NTeYX1mmga9QQGyMatsdodLm-YxfmosWzVIgUjJwLhzyVpSfJxKO9yKUiAoAJy-SQrqF8P2VgVgETptFkCs484onDfYozZEQHJ6hxIzSaSou9ZqZRcWbxp8U4PkUbezYyFh1tQSKUzgyNkM74QEGc3quCXApzFq4eR8mxjNnvj-zOuKgQ28uI1bUCQsh6HsE26EKBQT2Uo6_dWmBxQNVExrl2cTA6&key=AIzaSyB_RPF64RaB3lypfA6VvXil87xSttgcUNY
Delthorne Park Basketball Court,3401 Spencer Street,Torrance,CA,90503,33.8472479,-118.3458873,https://maps.googleapis.com/maps/api/place/photo?maxwidth=800&photo_reference=AXQCQNRRWFXSYRssdKp903axoDOSoHWueiIvkqgalHf8aaAjwv_JX65UZzEQZhmH7n4VOyf6opMSx8xcY33uTFGRo54YC4chaY4D5Ivfwk9ogJkJwmRn3ezSMunWWTo-AvL3urxT-gF7BYQ-xFvIcxfgNbxP3gYcy8VBDluKL4a6cKAk05RgUgyho39DYV2vTwcjK6-MSDgR3um7GsFAmzjjkjPDHf1EaEFMq4ZBCepTJMkMcGsVBuKg-w7PpBv-vgW7M7owSHTbadyqPPdPPWYN5PIolsWi94rBkOXZ3fpobYFsX038reles2TyI361mxs8eEm31-1kM_fRwp-yOP2LKWFf6_1egEzlVtJ45FVUy4hXzXCF2pG7UAMuvbSNv1A7NktlW9_TEAa8_sUDeXTutA7fATukifEsYbC1BNRY8BMB2cw312CcV9RT9C5bPmSMyGn2p7M_ixb0HowcnZ3jLaJ91OiALbyQZ8p0dM2j9MaU4z5pYaXM4WIwV8gja4J0pxlGiW3zy1wh4nnFigcFOdpYD5qRAphr7rj3pr6avwtyZTUHTxjCuy1A6uWTuc05GMrnSOFeA3G2fW7qUOlsXnPln-KKYvRt3Zj-eNpurYuJMS4ZD_Bl0QB1RFoPyDRgAyc8_K_1&key=AIzaSyB_RPF64RaB3lypfA6VvXil87xSttgcUNY
South End Racquet & Health Club,2800 Skypark Drive,Torrance,CA,90505,33.8055898,-118.3385043,https://maps.googleapis.com/maps/api/place/photo?maxwidth=800&photo_reference=AXQCQNQbSasRWvqUOrJd_Fnm0R41V3sIl2-Ey1cK32tmfm984pSxX088LkE6CU1kZyiSvyMEPWLVb6Po8t2k9go38ojXI3j08WxQKH6oyDi6PzvZirckO9GoZkQTNx2e27M2a0c4CVFeHnr6ZjkLl5jG2dJneUxbNivvQMgAJcFETfP9hsH0e7GDi96JiSiAOXhfc2B5wpAdvAJ6qMNMQWQEQEYQN4HZPnuXCP2BdngIkqKbcoQfs9RX1X2Btxq2ZpGIsBq73qu9PHQDUaIlQmWRrqE5WItynB2TceI3dGr2QukprRRvneARXXNFGhVR16wQQnYVPu-s&key=AIzaSyB_RPF64RaB3lypfA6VvXil87xSttgcUNY
Del Aire Park,12601 South Isis Avenue,Hawthorne,CA,90250,33.917812,-118.375488,https://maps.googleapis.com/maps/api/place/photo?maxwidth=800&photo_reference=AXQCQNQQoTOCkEcy6Mt0gRDVZLP1XIADyNlwMAIgwjlHOycLd0pupr6rs2S7pxXGqtC9HYFPjVCgByTDr6kCZzGGVtFGQE3egsOT_mm5MtY_rakUo96V6CQdRJs7wsNrmEJIEyV74n47aQM9ofsmpHyQEy2VIZIk-aSMaLlyhPgXrCddJoBDba_Ev7mS6SaCslIzAe3G05hY_03gBx2ygQZkUZMNmMXVqVKLFrel_4u79j6Zm2y3z-rXoMaqiNam2NzxLDoHBI2rvZLuOo7gmSBNQumkgGFgFkAJgmxDNhQpNAoExhjOW6AJZwaQ3pQ3a-1NbrA_-imf9wkykI9e6uVnPXQuj8K5GW6hrpfkPYz2Te-aJ7HuSsP0ruiIoKQoh4YZ0TMyEE6YR1yvq43ekeHOUASQCHDs4zUXvYHPufkfizufi2ddFLQKOOLLvHivb8cLwbfpjLn5fBVLIjnGYKI6l8HMtldcUz7q_HY7HAd17jyfxSeDCbRBS5hU5pOw387X0TByXfavlaUxnpaVkyegGxZ_2fWfEg2gYlsFJuLgdVzA0GO4VIujFf7r5ZlJEk-9cW__86k1lLmkhB2pP-LNRB4lEilFljRImp_26ViB2ury3b-fEAKF2E32mU5PeVfMRpHsZ4_t&key=AIzaSyB_RPF64RaB3lypfA6VvXil87xSttgcUNY
Tennis Courts | Charles H. Wilson Park,2300 Washington Avenue,Torrance,CA,90501,33.8268784,-118.3234808,https://maps.googleapis.com/maps/api/place/photo?maxwidth=800&photo_reference=AXQCQNRzRyrYw1vAlRZ7P4sT41Qy1U1ILJCjD7iOxMxsgcX_Mcs8i3hsL6E0fpBoGsRK2Gc8eXSiCMyybG1mmyy0nzU-o9gD4eLbk87bkHpfwIQ66GcmYJ1ELnrZ4Kn_7gzbeo9t1c1csHgw8poNlWIhwP4F-ynJYE7w6TbeGhZYZIglmiULCcFbYEOan0YBWQ4pbUtiUkpcnKzGAm3npLg5evqD59T3b0J9V_EeEnrI7W234PtzeufhLHU2_4Sk-yDu1da4Rfl1DqY2jnyMfoD2tnRBsVgsvjGZdDU5m1_S9bTaw3fRb3yNE30wzOdta_OpiIez_oBbdQ5dA4duAPvCPE4P20v5h2X9cYI-nTibm1EBZ2RgMGtnhlt1ABK0z3vzz7QqKR4GTfjD_FLU1JSg8Zg0cByw4TvY_pUwP7M773TkzPCP9uhtcOvNVM4wYGixAeXhjnlFSyw_sBQMJPBP7flUaM4_p8cPbAEwLgU3mfQlr1-STSTplSUAy0VkHrqG47gRqg0n1XowgcmyRpinokv_iPPArRyl8XlmjnSE7eKQmmDNGAnh_5bqe7YQcciwPTG_3QuGFcBNWOxL8t4Op5oMj3Hl7TMRv_7aV5VvJyYCDgwYx3sLtTeVUZjkPgsFjIepCQ&key=AIzaSyB_RPF64RaB3lypfA6VvXil87xSttgcUNY
Manhattan Country Club,1330 Parkview Avenue,Manhattan Beach,CA,90266,33.9000754,-118.3900792,https://maps.googleapis.com/maps/api/place/photo?maxwidth=800&photo_reference=AXQCQNRl26M6hGOAJu3YYyBaeToizC4QeSNBnvDEiAinpx3vZSlCG6sb9oBoTQAVFhcnu6ZpHK8NYv3QHNPvOHhIaasg8KQ0EYIF9k18gFAC-nxTK8oZYIFFcVuOj-usMBZqX0OkzBaDGHfzdwEdq358NQwILvAF1XtPoegQisMFXpCM0hgXVo8Jau357-CkMzc_A4f_3vWNBLzRe_flB5lMlXcej-MeOzZX26rGCThKVyb-ZBWtm3llyH6x3Bk9opI5iES2lCJQV-a-mwAtq6-ZRm7WucibbMdlFHzAx6RspbD1RICg88115LXMIv-lwiicJQutBQdGpvmTTT9JCYp9iOdBMQ5122qp9w7DQA2HlsJieLyfuplFasg9T7FIidWuEbsh-uMuhXwIGZlZAoweBOwBl5Z0GrJo2_vv2W2VAgUbkRrlJ1eD3pJtkRYnub0KQaSVbXaihkybZF-UV6N9jtoujVoxKsc7f3bK5WiyIqQzy_VuSTvdhkojR6BIKTDp4N3JZB3lEkI77r1LkOl-92x9P92o7vGcygCW0FLb0_UXFkoYYdJQ-0VnDsdq8PmIXvuTHJiRvT1HWkQ-kBRqoLUt7kCUuoOT9QDq9ZpqURAVPUycYLJjRsxBrv_MwseZh9gA0iqm&key=AIzaSyB_RPF64RaB3lypfA6VvXil87xSttgcUNY
West Coast Tennis,1401 Artesia Boulevard,Manhattan Beach,CA,90266,33.8734874,-118.390585,
Palos Verdes Tennis Club,3303 Vía Campesina,Palos Verdes Estates,CA,90274,33.7967529,-118.3710556,https://maps.googleapis.com/maps/api/place/photo?maxwidth=800&photo_reference=AXQCQNR_Uut-LyZ0mpwrL2wOPFubmXgRfXqBhLOZ3lZSg8Mi6c40G6WQ6k3cQmL6J8oM9VftKyKhSU11cP3bYmiLSeTOnOELljpK9mnLPyM4lI_EX_JhXXuh3JoIpv84kHxP0OEEYX1H2B1ARhtENg5eR6POyai5kfsztmgbHVm0SUvEX-XlCaPkoydBG6Qd45GIiIsd4Wh1nl6X2R4jTg35qnqIXXArXdE6sGlNT_1sEppoFcwBGnUtLB1BctUl8f72_BoO4QSd0Z6FMmjkM2o90aqhbpphaGxTtYbag-nvQ-3kbdN3j6sh07kLN2jF4Oxyh3BVEKr3EYM&key=AIzaSyB_RPF64RaB3lypfA6VvXil87xSttgcUNY
Oberrieder Park Paddle Tennis Courts,,Los Angeles,CA,90094,33.9716195,-118.4210414,
La Romeria Park,19501 South Inglewood Avenue,Torrance,CA,90503,33.8535112,-118.3610954,https://maps.googleapis.com/maps/api/place/photo?maxwidth=800&photo_reference=AXQCQNQHXPn9RjuOFicPSuQ2rA0UA3XqRRV_o1l0Z_IsaxJFe1UK1Zae6xvHwcVATFmdxpG0UrmzyrvVl-cw5HuP2V8zSNYsT553oC_PLNu6nLyZPbhJF8ULGACLuhaaqEuJRNCBg8-QKj9CcnFBqguoLiBQJa1d3Ye15yGSSZ0bz6KtCUuOxXmjhPusvXHv80BXyKdNB_Q3e8vV3dirwJtkpGNhk38Iof1tfsHeM7w8QRho-9wPkm8cNTXhnvGl81owg6SH4kcR1HVZuZoPxUAVwOcpT0NBR4nO1ijQa6H9PtBYdftsp-TkQ0MM6iCz9gL65Nd_iPxGOK7WuMC5YPVkqR0I9YIa5H4pX7bIstiSxPtTowzATpuEtA8niOnW6TZxE7apBw96wnD26jtQeE10JgBJvHtP-FtD6JS2l2O5jU8DZjtRzMkwd8VtO2fEzXXHshIConnNWjlumPfwBZnJlXqwI5gIuFh2NJKo3cOVnQziBGt13WrPwQNiWvxfGzlKFNRWyHEvgOMZUO3ofBHYXczsmGt8vHfg6ur0YSwJ1lC2gK01GdphXAdE1gyyub2ThFlxsSFlbK-IUmQ6I8UJqN3FRDU1Ll5B8y-0x2sXCzFLm3L3jTVsyTFNo5DPeNOx&key=AIzaSyB_RPF64RaB3lypfA6VvXil87xSttgcUNY
SBTC pickleball,25924 Rolling Hills Road,Torrance,CA,90505,33.7886623,-118.337474,https://maps.googleapis.com/maps/api/place/photo?maxwidth=800&photo_reference=AXQCQNSDsgjKQRC9CsTf5CeCGa_DxduRwmOzgDd-VssLeRWbMuTuGdY20xwCwWi75OauTF3EVUtI9DIIjnPmw0Epuj_6zoxeMl8NLU1ACtgALhPIps8KBdn3idhYvtou0Vn0ajQZJIT_xeNoHmaDDZ_qVM58BgtfnmyV6KdgrWblddMPH0Wg4EsP6dlWc4D0SDAGoyYv1__W0ePFVlUO6Ai8yKH-mg-ACsSN1kwA1IeK2kZa_Z7Mi5zM_5vM49GTtDrPI5ISnq2GJkmgS3PJ39cBPk3hYBol4zFYo79Aa1KqDV9jv5Ax_hEfVlCwUjJ9JpQyIRh3YOuwmiY&key=AIzaSyB_RPF64RaB3lypfA6VvXil87xSttgcUNY
Westchester Basketball Court,,Los Angeles,CA,90045,33.9589333,-118.4165796,https://maps.googleapis.com/maps/api/place/photo?maxwidth=800&photo_reference=AXQCQNRMKt9IC0RVMa6B3MkOsENeVwvZ0KnpjzcIyhZ0eP0u8piXFC3LeOmL4HfswTda0TqzdZ9QzOI5jkYbY7M9Sx1ttbg3Gug01jJcsTdQjXPjTb5Z75bocG9UeokcVgO4kWI2uWBAfv-Nxx2Ns6nozGab6bGpBMkIurUMORbggpO9ympSS4LK2dHUIrnmxPYDQJOdkGIid3yY6_-hFndBJ2b1ZdMGfP_BDG2Oh5k8yX3NpvuUnxsq-noHovQNCs9YS9XPQoZD8BO_BO21QExdkHR0UneZrSvLpj9bHFuGZLC_lGmDAsC6k0IrE9cUEZ_ZQm_W6pyD3dhEb-gkPyuy17XtKHpZ90_l-X6NBSJnNrTXt2z9IhwlD8Vz6jc4iI0NCwoxIcRY1vx8hrQAdm6BDckAvr_WEOedbq94l5QeDFpbA35IqNL0Lgf14Jjy63Vaz2O7f8nmElJ2HUDwRgQJPNmfTe3MAG2vnVJtGPmlT-LYHI2JCyxm5EunLP-3YFij-LGYgtjz5kf-A6i-9rvyIQDY1tUaQBob1cH-n3AFdW9_qN-eESglDYNGLpNO4yj0jEkGvPbRnMIUdolH46QbL4CgIte5pJI8Q8KlUOV0U6tFUOUPphn8uiwvdkksON6McicqioWu&key=AIzaSyB_RPF64RaB3lypfA6VvXil87xSttgcUNY
LMU Tennis Center,,Los Angeles,CA,90045,33.96809,-118.4143937,https://maps.googleapis.com/maps/api/place/photo?maxwidth=800&photo_reference=AXQCQNTX24A0fyKeKxKBGq39OHJlT0dsND2eQvXR8dVloUbijTtdDcxEKwtArs0ah-l-kQFGAAcrCw5cIhd8pzOp30qBcohTTsPz4Lx0P82IbaRg-VellCaXBjJpsakE4jz9tYDDnwAkiFiv3Ogk92DswW_us6HI7u3vSTHpanBpYI-qz-j76H_ZfsJzKBRKtq-mdCe6II4moftJahVsxTC2zihZVdv7QoxHyglTfdEXAvcLCppCCJ5P1ALMI9GWEzRNfgHIOcsBCdmgobq5QYv2h1I9Loh_LU5iliJ65V-nSPqflkyGUZFaAljZCB2ucy6E1r_TIq0aBJB94RmFf4-KPgcPDBMy5jYw-zI_Ffalo3cIQPwt-k_y6Vf-mawsX0XgWqIvMpAz-YKZ_qOeaJNkJENUxgDT3XgZgdTH_lX1tu5xUUpsqriMfVXzHem1fBZjrOtZnVXjgNOSysuRS7gfNjTVBNzMoHzogR9rklMUHNQJMEEmRoeuBslKgdoR12Aweh5IHG_ftSsvYQi0nT1H-YgLzB-Zinblum6P-bKbrImvcc7mTegO8Wm87navbZ4siBgEZxD9Avekx1WrcrEA4eTWdZUVuwT8D_o-VpA9-aeHvGo3EduLfMyKpNFFLpFUNxbAPQ&key=AIzaSyB_RPF64RaB3lypfA6VvXil87xSttgcUNY
Carriage Crest Park,23800 South Figueroa Street,Carson,CA,90745,33.8089584,-118.2840657,https://maps.googleapis.com/maps/api/place/photo?maxwidth=800&photo_reference=AXQCQNS3TUGc99nq0qTOKl0Zd7TUADA9-iwwOHsHDcmg8QPRa5BeSqgoALSVkggYkY7JccagEIX-xsusvoKSufhxxCmJQUNqZhu6kkaD1gE-sJzEECHdSomiH2y3DjLKhE1sZ3rIzYhOSOaysQfzBs5BrLaRgounTllrWTkUdJQresq8CmmYwuds1bd3P6sRPl2yQSnRpmoaCg4-T7lXY7P_0rH5T7gueu0BAglOp0t2cKyc4H74ZUsEahl1Jqer538t8C1oAsUqVm5c3MphAd7w6DiaRFnk8l5iELiUKnDXYE27XwbRmpEhDhyG_38HzmnE_DXUnucSHaMnF-Z9n4-Ij3DmAyb-HyKKeD6Q2XtFaOQ6KcB_vlmlVMaDug9Rv1bTsRHeChtytpZBfXhrnQzH51X2moxlg1cQhUu9JPN8qPxhgNOHci35rzevwcL8b_-alfIwaCmF_Q2ncGJi6BJnr7WQn0t9CWYwQOuH1hMh_4jzjkyjcIl98jchrno8NMARsM1TSS8nwQrgXFOGZACSOYYUyucgIXbNV3h8Vj2RpUdx1OlvMimSDv4KUNLheT2nDf8lqM1VS7Xey5L3-2wEdfE_U1hHEUg2qbI4vGCACDJ0bs7qV8HG1Oa3joN-Ek1F&key=AIzaSyB_RPF64RaB3lypfA6VvXil87xSttgcUNY
Clark Field,861 Valley Drive,Hermosa Beach,CA,90254,33.8613844,-118.3956552,https://maps.googleapis.com/maps/api/place/photo?maxwidth=800&photo_reference=AXQCQNTWwAgD2kAItsgogZTAeW76xFeurGn9_kIw6VYpa-pbc6adGfeI2c6kxAy6npkqjH3RTVXkNYE_DOSlSVbDH0BVJyh3DuX1EdGbEHEQ7zbtMvJyVXai1nz3AR7Yl_oxHB2g4oWuNeiTyhARcY9xI_XEE2uaQb-LpjRSMXVceNcVpJnJnkpGbPuc-Db3QDJvlB2U92Rd-L3PQXQ6WxsyTSOPamTNcako_VQXk78Vn_J1EKNpFJ7JDulReL13mWSkdgZkDc6wIc9Dypsc53Vr3LlCwhd3jpk5_3RMkwxjRsvbh_anRfXRPKXxc2t5TlOo3fSN017CuvU6gOv6cIJ-WE8dGx8jgI3fG0abdxGStgkpxQMb6DcD4Dxp8EObBVnn4MTKXtqENFmW19zEpth8niXIzqrzKVoFUyD0NXJ0UeTPOw7kkPDVwBZKBIlmKVkBi6h8-m1U1iEx73bn6uSd0lkaDP20joh0hWG8r5UT059cGIBnqbxdgNKIgs8qz7Rqq5L413oyF4n_aCNT_lQmCxdojOUC2AIGFrEG_D2ZhACbdgWKMPbYLiohmMcuLhPsgVqr0A7BIDNjgo7yJaRR0N31xSKHSuGde_IDCQKGJJvnXuooCdts2mlC7kKOVrno8hEpbQ&key=AIzaSyB_RPF64RaB3lypfA6VvXil87xSttgcUNY
Oberrieder Basketball Court,12334 Bluff Creek Drive,Los Angeles,CA,90094,33.9715372,-118.4212329,https://maps.googleapis.com/maps/api/place/photo?maxwidth=800&photo_reference=AXQCQNTNsouAn9qKcGuXU1rJ-iWhuVH-hXtSq_3RfluJXyrO0GjUgUMe5gT11Y51MfmicddU5JUXkq8ILWxCEJUCRc0S598rsPPjJ6U-5X3-UeA13BlmFSwKfDH4wucFqRJ5WFalrlpkeNwVTF-ehhhsCB8DhcpxFcLX3moxnfKvSRnPEx-PA5CG2o2l7RLDP8x3q9u3oFc7J4whoThI4gYEkDjXZhcW7AJoXDBx4IWV3vGbtX1pvmYTlQFixfbVa1Wq28O1z693l5JQWsnIzS411BCVSaZlI1J6Dd4U94PAlpVFO-uByxU1S6RWac-iN_h7urYhyGsAhi7X04Tfj8gw4qEElt2L_1FlL5ate_O0gP_79iRGP7qXplyordIFE8Seb4_QkU-ruhIqXYi1Ly7_yKesbjS-5BNkW2LtW_yvmXlrwhc936Zl6diwCm0vhumG3X_qe903aPwbe66OSwimFY2DKEssoAYviyx1pTvwlELZzHCcptvGvNAlCPS0gdx75NFAEgCw87dpXBKKj9s_8gHwBJQ1h12JPkE6-d7S5ZYm3PilBBQ4BUnhsU-WoSB7QVkCgaxdPMl9hH92PQwn1ukMjux465nG-K-j8IDSOJOL0x1TMrIjl_oxis4HLuHWDHEdYQ&key=AIzaSyB_RPF64RaB3lypfA6VvXil87xSttgcUNY
Valley Park,2521 Valley Drive,Hermosa Beach,CA,90254,33.8740674,-118.4009608,https://maps.googleapis.com/maps/api/place/photo?maxwidth=800&photo_reference=AXQCQNTuog--0ry0_0n7QDMkt9LmBKcwhQJF0iLy2tje8YJoy-TrP-sSLwzr8OJhPhJ67NBsD2tKwsE7aXM1qXfcVLlyIqDrPRS5SXjIXrmcunv9zlkzeCibyobZQz8xSa4QMT-XqfClVhgPy-DddWphJVf4HwA16bnQ9M3q16ZdiD9-iOoeuKzjP1LBan5U7dmgTLpHIhgxq6Oqc1-D4-6cHwS7zg3mLjlGPlVU3F4524uJPwFSH3dK2KkhZ0JctctGDHQtM2zWag_ZpRAv_RUliJEnYGxK5jhwDoQmc6pAbkk9hu3AP_CZRinbCjggmUla-YKbRVx96eXa8QY56Zfny3yVOFYXYYIttPCxxkMRJOcEUVs0rupNtwJ1q1viE2tGddd7Inw-DH27wsG1zVF_VjjynmyCHsTmQaRTyCPT1wC-ZeGxPlBpEP1Cf3DbGBlhDxmtdFpZmqBw51syju_sXknsPFFQFiCuKgx6tEKLeN6iXQLCoGsLu4EV1RvjOwE107MMFmcouTvCP7zAQ90cwi67MlFVpGdbhhhD6kltjMDmJcAkTfhgUT2IYAfuEfNvhwI9qaPIZkMd4dUlO0Wn-x9ra4xl9bb8WhaDKguinQ_MwJoYa21kIcAinm6m7MZV&key=AIzaSyB_RPF64RaB3lypfA6VvXil87xSttgcUNY
Rowley Park Tennis Courts,13220 Van Ness Avenue,Gardena,CA,90249,33.912292,-118.316122,
Wishing Tree Park,20400 Budlong Avenue,Torrance,CA,90502,33.845872,-118.293178,https://maps.googleapis.com/maps/api/place/photo?maxwidth=800&photo_reference=AXQCQNRXVnrdtq6m-zPvvZJiBJQxTscvfBqzlrV3-ctI6_PBZDtgXjPPT2QyV5TbXmulBYcR47VoZx2SdB-EmSsA9_vb9FQd6amijxN5lTPRjRf0GtOuEfC8A5yRoN5zJYSpbmJLFQEDuOfMBDHZYFt_k88WdvuGwTzTSmwa_V1P-_hAejz_zBNhT0mzBPq4cF-WmG8pMG1hDsqjFH-4RD4pOAWQ8oKY7A-5Q3A74z_sAPBmKFPUFYu61TD8qoGZKQfJ0WnNISyjvf76LQeFAGABw9jvLgY-aLXerUtr0pNBVU08PAJvYvsT7_rdy6Y6gsk_FD7Ry1xeqfwIWxBfgCC_CAoZ7UzK-3aoS4qcIWPHVNJl4OPQPQsBcK4Ewre4DzSsPgQLIifq5tAUpoPS1OaEUZyGD3o2uaB0L2-kvlJQfksdBZv-y7N11APqSkBUYAaBTRTrqWGV9r6dsCP-zg9tfbmQGwywaiHqjltaT1tLp8WFdagvp7dJehqVxXRVj-aDzMvKM9vqVBhZd5XloeodpkKMIZonp0ith07WO8hLvC2l1biog9Jd-hDVXzAjrNmVUs2c9UF06U3MFSpEcZ_XsFqdEcWpGIqmuYUlUoq5Dvsqo2a7kDJhm2jnJkWaU0671t_Ho0Fv_WfVRLN-EMRiEmOZ7lA&key=AIzaSyB_RPF64RaB3lypfA6VvXil87xSttgcUNY
Hermosa Tennis Courts,710 Pier Avenue,Hermosa Beach,CA,90254,33.8633889,-118.3942952,https://maps.googleapis.com/maps/api/place/photo?maxwidth=800&photo_reference=AXQCQNTogLjFrb5L_tMyw5DpQwCgHFri6rCf92V9X6bHSHYbuUR6heRpb9jPc5RkFrv5sfQOD71IsWpFnop18bC8djvBx4cIT9-kxQer2Tf94pxy9y23woKSsPvuJAVuxSN7_GPkPy8mysWDco5L7MAf-8h5aVtf_mkffzVaTvloHQgVjfivBPUIlmcC_ihpsAgnmKmhOGsaCOmSLG4gAkwLQzxTA5EOi_Nv9gsMSh-RMsqSRkQPNlK39kd3K-Ci91_zGfm7W3Cp3JIfTeUiWUj7xKlsO-sAH8wQIIw4hZKgtLRWFnkfofUojrbgxcfxSKeoinhoTqAS1QmlU5-5GXFIRygZQJFOf2lc7Mh-x30IaRWC0Rq5mSl_stzNkTYFk0ZtPtPty0bQSd_vjAkQ0e3kXJROlj2tBKSlHCoTl8z44ngUlCWYxhHDw0AYgTO5wxK7L2zFOqPM8LdFRZN84cs7jcDfmayD3K9N4Q2mApNPj5HSZDmiJXBoyMIqDgSGkALn0oZuVsEb2vhfb5q7nQg9fgvLMldSkhaHBxUu2jV2IyhVQAH8O09uFmd6d7YEJ6_pmV1dMKm0-Kw33AH_ZxB1I8621X1uW0bX0m7vItqBAA4b2jc088QLt2WPg_sXKYkQJhAY8A1U&key=AIzaSyB_RPF64RaB3lypfA6VvXil87xSttgcUNY
Gardena High School Tennis Court,,Gardena,CA,90248,33.8694286,-118.2972483,
Carson Park,21411 Orrick Avenue,Carson,CA,90745,33.8342387,-118.2746707,https://maps.googleapis.com/maps/api/place/photo?maxwidth=800&photo_reference=AXQCQNRAaBdt-o_1mSIC5xkLDJ5sFWFioba7v1PWGBpyOlQVkDz5ZrKNCwztSTT1Wyjsuii2N2CsnnjF_vq0FLNuJe_HvH5A3tnza6wNgJrMVrb_xmRxOqLbibwykilYD2RJi55OhtOffKTUBUTFR42Bu8JMcUM4POpd2qayyry830ruOp3NIIYDnrge9ACXQWCdVgxarXDTRVqbg4048Rz6lXdBagA4taoCOi0DJ0kpyFSyDoYnTBxy5-PwIUsk6K_2-xJ5LT0TMMlGxufLTM-hIEtFy5Ybu-ZjoKDLELedo8uYr9av6tEY64Gkhl7Di764n76AKKnBiFanNm54fb38UKgs62q6PTT9lpm6dXqoTBOuBOY7jgCVbM00g27TwQYNsGs44b745aCe_1lKNfBLVObKLkP9ktlAauRhwsyyXJ39VnEC6W-nKzeIirA9MTnfC5-sSJyITB71-tUMEljrd2pjQ7cZ-Y7NZnYN47g1BPP3HhzL9FYEufOXkHWoJEaN7toRN2qo29twFsrC9yOyFpKEWtd-2VuRa0XAexy296rK2qvfYC7l32Pi0ad7Iwj7vM_Z94TuP_36STA3nfhsnW7VjG7X4PK2v-3TKze-scqunVd01TNAL0_7VEuVfMe6N20KaA&key=AIzaSyB_RPF64RaB3lypfA6VvXil87xSttgcUNY
Bay Club El Segundo,2250 Park Place,El Segundo,CA,90245,33.9045268,-118.3841633,https://maps.googleapis.com/maps/api/place/photo?maxwidth=800&photo_reference=AXQCQNTw0cLXRZWgpt8z2iqC8LKzkEgFBIelTTg3veJrBIsGIZ3Bb5a2BBQiawchGiPXE7txNzASmNP32ccKfXtNPKkI0i5Y8GGK9u-jJRnGh1P5eJs0ljtzMpTceVrG_FAcMVxCadeOmGh2GKiAsSNs8JhSxUpQG4sRDTMHS-1U9zqmPQI7C_h4eoljmlg4nEXjJUIaE0iZNcj5y3K6h4LRP9B8ImWB1-L2feoGideNVirDsbfVJV2qqKpPJrkAHyv1ts9s2_TKUY7hq-rOTCj5Irk6bzm-LuWmWmTxCnUfyGAsrKXhdySm1YJuonYCg91ehiskWdKAnO4&key=AIzaSyB_RPF64RaB3lypfA6VvXil87xSttgcUNY
Playa Vista John H. Henschel Field,Bluff Creek Drive,Los Angeles,CA,90094,33.9676632,-118.4254769,https://maps.googleapis.com/maps/api/place/photo?maxwidth=800&photo_reference=AXQCQNQIvaqEGVBNlR83bt4y_-ZrH3qxonpxDDewprXGPRp5dS1cb9OUMQL6vA23q_mE65vicoEVToBgyMu6Tz6gz4z855ERuDVGye26478zGD_8HHQw8qRttpYBkSJwxGxkqN0N1Tlv1DYWxKKjX5KaSlNo8Wc0xZglmn4QZxCxzaUCzfDowr6wvyCvcn78YR1-oSK-YGPP0ZNucXHlwlfXHejdsaHFUm6G8ZBMYU21uy76klamPBM8KicQOT775RfgbYguCfyTUTbW9CjT7Uixdn9heJcM8IO7kbFeG3afsoMpiX-6-HD9Y3bxmcriulUmxi7OaInzL5KFRJPzpeKvjJfpA410h8h-rAiqCNLNhhwKKzt9AQMPDFgapthC8JOdnOuDkg4WimPqNz1GcAEhxl2oqw0sazzMMbjY06CKnPV-kHeg8xhM_S8dHaBBzPqqfeH4n5dXmlaZPaKOIfstP-W1YmtaQ03ROXiyXBD1BEk6uDs6Sl-NGRDYbKYg13TNLwpFhvpZVcAJoIIauGcAzJQLhkEzCXlyL4RflZUtSndiJ2YYyFoGYZg4Z3tbRVtFRJenQxD0nUI119thRI6beUuJjvw8iLiqyzPQQaS-MLHdYleYPUrKCIMV6MgQ4XmrH5mUrg&key=AIzaSyB_RPF64RaB3lypfA6VvXil87xSttgcUNY
Liberty Park and Fitness Center,19211 Studebaker Road,Cerritos,CA,90703,33.8554639,-118.1001694,https://maps.googleapis.com/maps/api/place/photo?maxwidth=800&photo_reference=AXQCQNSd7hSqqfXj4-rg3g6QkEUHhoE5pXeMIEAIEe8UpXWjvBOX2P8pJ0YgBWfBg_kkv2BgLxPLOH5wuGVpZB6X_r5wZxG5YWrE4Lp4AZuANeTq1YJJhgUTdM1ZLN48sWtKViZJOst1wCuR7tEO3BCKoEZjWIYYM2C-Cs0RRfJeaH2zOqnYabW5kNUh7IcuCbZ7Q_mtupzfQWiEIusx4EiGJT2B2QdhPOokvkZZdLRl_qOA9hjzM5IaUy5vX3sDiwwvUi5_5W_ZZ3ZBDe_Z7Fso-c137zTLI9Pn33OGVTNtBgoRhPR784y5j8l8DL3Z55c-wYqoCyuPq05BV_-vVZU9skaYMsgdEItUdmja6upmtez0QMmmDVTCJp1-SSxoQ1fVk7N_RL-nG-k7yoK7RC_6hA0qtQrcIXN6M10X7Z2JI-qHmzB8zv4idG9Q9MpgC_Hs616r8gQq8FDaJ8ne5p9FB3s6UV4Vcru9R14vsDWm7ex1jpkk_hyUTrEW_9QV4vgCp2YcuO2gtthXChgF6FJjMWCo9f4rWk5QUnsp2usr63eE95R3sNQXNlcBr1XeDmGe1y2uF7oPmi9kPCLZclRhJS5R8iApAhT9gtECZpRd3KZca9knuA3bdMDG_OLmQTS-OyLCyw&key=AIzaSyB_RPF64RaB3lypfA6VvXil87xSttgcUNY
Independence Park,12334 Bellflower Boulevard,Downey,CA,90242,33.9193007,-118.1230418,https://maps.googleapis.com/maps/api/place/photo?maxwidth=800&photo_reference=AXQCQNTzhrNISiaavjbuDOcoZWGU4L0fec9KlcHOXe2sbDDZHMgbSRsfl0XiwBz-oggV-S2CldR9zDRau1uAOzVkmhrge3hrN4XAIxBKQMnTJcats3l0MKvRO67jePDiwsqUgbo9X-RzxOyLxMM4LrWbv1GMktAGed_Q_To9HdRQyNMK3fAtfsmb2W4OqrFq__o5bKSBi6gudS8sOv5iElzsFdyY5R1sd7zUT_1TEhnguBqnViSLvUF748pVV2ScbRAAv_MjGOCmqtU3KLQy95ZroSkqnisCQ-oonQ17gEFVlXuXRIJjPEUPsqVhdlanjNoe3r_vCmqLZtPuGgwWBXEATkJgHHeMynOcm7butWX9ec1e0b1-DuKNNsTpAvkemeNC5DgPuespDq_oHlvnHUPtfazNkvcgUDVirhahff_V2wRzWYcxfRXOKHrx7bWuafdx7G0WrFogQT76HTdv94oWRIHQJdH0_An0Y36Hug1O-U4EnjyfcMSwQmyUy4yfXo13T_7xlACcxWEir5TX260UPPNnhf3W2r1VGKLnuP-1eh895dvgjATKS_BHbEix8WOjZYifonuPnmg4UDhag_H_aTqCclJm7FSUMNwjrt26xqujsSJ3EDQ8xLx8sju5gvFYz9PleA&key=AIzaSyB_RPF64RaB3lypfA6VvXil87xSttgcUNY
Billie Jean King Tennis Center,1040 Park Avenue,Long Beach,CA,90804,33.7795665,-118.1387758,https://maps.googleapis.com/maps/api/place/photo?maxwidth=800&photo_reference=AXQCQNTwoXCk2jFczuDW-9nL-0KWOwMUw0s92TwrECxRLTUio2gVOlLuoqs9KcF7oQ6Y7uX4xesQ0dpuwxWEQmX_RYI0rJxmnK4RmYC_OwsEKxi5dRNNDfs1hzTFsQiXiRyoAcor5VKE6blWALPWtviUDEzwJXDzEf0XwJl26gL8PZ4TR-3Bp1QIDutjlZ4H9OEjsczaldq-CMqsongjkx_iosZnQYpw3-7CrCfhhyHNSRqyA1oyIZ-t20CmWMSN7watIvoAc58d3QRwAV8inDuyYyc-Tkt1U29HHYIpvMGMdPHFWF4CIHUd595I62XTY37DtBo3YKCBovaN7MoOBjZv_r6HvnwGRJsV-q6yX4yj5ix8N8LoSquMdXeDocYD2PcmOaEs4v-2FVV5BpRT3N1bKA5vamaiXUvtB_zfRN2rkv-1SjTLPemJ4AkqQbbzaDOZ2b8MN5TSRw2S-Tm3pJtOaQnWNfoVEypY4Na8BPoradKJ9PleqRgt9DqC57btI4sLWZl-C1VoOF-NAzB8WDZAb029C5sXW5RUfXMtm8YzImITxfmOX81oTwxb4NioWeXHA1C7dKImNK6PrIfPpnTjpzzfsTQEiSpL6SyTm4rtyph3y4a4F8-qWGLeqO_TtLUUV4S7fSwz&key=AIzaSyB_RPF64RaB3lypfA6VvXil87xSttgcUNY
Somerset Park,1500 East Carson Street,Long Beach,CA,90807,33.8318997,-118.1730736,https://maps.googleapis.com/maps/api/place/photo?maxwidth=800&photo_reference=AXQCQNQICR9qzIob7wEZKBDu92f2t5N4xO_V3JgPmhr5KU-QIhGa1vbNEAvM41NXIs7ddm00b379-HYqMJSSXuKQH3ZqXdiycVYskNZKoWDDtFmjNq42mtltGXOccXFbBCf01Mvhx6FcNual1pvTVIVlk0CNk1qXPf7dOIiiAX9eLIKN2VZDdUtreFq250tsAcfquAfH0NTiD2vUjP7NxJqBbjU5_I8J9W9S02Li6CljOUpQijWnT56u6k6uqMCtuHSnWO-LWqGn5vFh4LDHEyi_jPbO3KVlmXWG_UI4RjuquI90EdfcgToAxSkEVPWqw5gHuaXE98Uhw-XysoI_0V7rfoJBSK_vJIVsU4o-faVyq89fiP6D_RA8v_D1shpQrup6t4qDJiR0ms5s3SE8m8qNjH-JFXoKxPJBg2SH7FsAtEnK6pPC0XTb4aFcEdoY3clb4EripVW1r2FUT1YpdYhWE9xf7LgoiXMdTfypMxm2Yo_XrHB015LA02rGZBQXCc-5zA6FLfip05jLpU5YfIuN9rP3lf8Vc47hRt6Zmynx0UoOH4sCCrSEs-fia-rI-0pu3-NjlH3r5tnT6WMjHC5SI_G0Z0ZMHGV0vjJm8ppKCZz87oRspHoDYr8y7uwcd05qPWeXeA&key=AIzaSyB_RPF64RaB3lypfA6VvXil87xSttgcUNY
Hemingway Park,700 East Gardena Boulevard,Carson,CA,90746,33.8816065,-118.2623182,https://maps.googleapis.com/maps/api/place/photo?maxwidth=800&photo_reference=AXQCQNS6W53KW3Z5vfcOIAZWpdRRjKSv9JJdlWlvtT2ZT1gi6ZDie79oEF7LvX4uIfFhC-sUUupPRYFvOwzLasv_oG4au9xdigjsX954SBbnXlyYmFjXI5oMxxwuI-hQvju6akUkEjOlSXEYj7uIB0B_mvl0s4dPPifjf0MNG2FaIsv3X61Uh6S2j8F1ltjLIAqxwZdtlFzef07N3ECPvA9BBYhUu0w5uWmm5YHd5PpEEjeaj-b51D2rU2wVNOXZGPddfwRAOo42-tKwDyFIbN8X2-DdTMp65P9olu8lnUbd-xQpA_GJqLbPMVs-aBCVuR-jCx4XQAvrQ6pbegA50Z3Hq7_uDPNXTEqUgzrX4FHKH2OLlC8CLmrudXHlnWSOeJaRfPco9aIcCAH-ckMsoFBES6Z6tzkTlfsMd3tiK3gjQ-fj6eMR8vQbZYCztMM7oCy9UJph9B29x0dBcDLAEegfpE77pwvyf64l2X_N6SkRfIsLNWAiwNmUGuEKBN57mFVjLZ8IGB2P_Y9DZwW6v2FbdB0XuCSlhDNKsoN797bLnQBQeOQlp70ewQYS9x2FQuXqU7bLSjbWTUJcxP3-yraxLqKhIKzsiMURDAeqpIN2DrDccyMDoRPmrveMoRSiOtCeq6BJgub_&key=AIzaSyB_RPF64RaB3lypfA6VvXil87xSttgcUNY
El Dorado Tennis & Pickleball Center,2800 North Studebaker Road,Long Beach,CA,90815,33.8081625,-118.0971235,https://maps.googleapis.com/maps/api/place/photo?maxwidth=800&photo_reference=AXQCQNS63FLzNleR9tD7uccXnDgx4Y4MRdXmA5V935HtpYoVefsSZmy7-ed12CTn-A0Gzxioe0qS4e5GXfkdUm5WCn8ttx5JKPVeCTPu83izzpg2yh7gR7e4wS8rKRRM107fAahYOOHJrTSHYjCU-_XVe__wNKvzHj86T0P0X6UgpTK54WUvpJHmT0bxx9dkxMPwJkjdACr3qSXUOoClhHhHXJ2qaZ9gqPdjX80A8ti2N8YJk0e9OtSNjeZeq5bmyUK6Y6lLySJKTl2rxJdFsr1tOw7JOoB-i2psgm_NdJ_juHd6cfgFXlpqXoLcXksr9bw3d0YVgqkQaeFwLo4g_qQyJ8e9SHoQzaHD40ptgoekEqlrmCEm97jrDk62n5dFLDgMUTbEkVzkYnvnFmp2tsHKkqXrwd8qxqs4Xdi2BZIOCBPRUD9uh-wWvJn1mHzEUTdOJVLbUcyK7mdOjDdbotbkLND_zGmiqHOWqhnL0K0sXkWseJcjjkvW51xCynvbr-2zjChrzMMQElrg1OcUuwEQJICWkUEC2KO3y-A49neX21pT19IKpdOYdmTQbW3-hLl0N4zho7BZrvyriD_m4-7ljATBRHcsUK8Se38uP_vqh7imNS-KbkLyvJyHX3g4Rz8MllmQhQ&key=AIzaSyB_RPF64RaB3lypfA6VvXil87xSttgcUNY
DeForest Park Pickleball Courts,6255 De Forest Avenue,Long Beach,CA,90805,33.8670608,-118.1926848,https://maps.googleapis.com/maps/api/place/photo?maxwidth=800&photo_reference=AXQCQNTlVktbiDKMyUV7rL-_Nxr0vyHm2YWn0Jw7o92TIjNj_xAhzLnv2o5JpUGEZWazDjp6K4pvzC7SdBo9W0WmxiCWm5soiQ1Wk4tVleog0VULBuNs4zjUnK0YTXtdWFn7PS44W1tPnOA5xOL0SyPOj9AxeJieXB_ytJiMJagtHOj2XZKI_yzXm2uQDb_9BwLyCzXMvu-iAcEJseXCqpwK1lPGg-G0UYEzZWBamMCfcvYa53uEA3_dsxp5Hb0iwbbe_yQ4P624Zu6WqIA6sDBKNtcrvS0mjdX2vf4opAd957S_FqKT7RoZNKJCOeWqy49954DMMQFtSS9hfXQJsaFuyfUKPfljsbXKVS6W8g4eONJZggfdUKSzhMnPJIT5lJBesh9pt0JVPyu3iR0_8MsGixcpa7MchvLViOUwZ7TK-d9DvmW2NUCvjr5vfIvq3dAU_nUBZX3NxlWpwOqVlF7z1lzRkHH1Vo7dF4JOiBW5ohCnkFR0gWUh-L3cj_g_ELn45zZs3PCYnGTl-BM8uFr9iI4JX_B9oGKtMYzyfaX_4mjfr7kvpwf63n0BTKZrQ3lSVLDLI-rpKCL3PEbUZTsnieZkhFMwifc-CdjV1_I_cpL_LoR-IIg1LaA3ZGEsBuP2&key=AIzaSyB_RPF64RaB3lypfA6VvXil87xSttgcUNY
Scherer Park,4600 Long Beach Boulevard,Long Beach,CA,90805,33.8426568,-118.1884698,https://maps.googleapis.com/maps/api/place/photo?maxwidth=800&photo_reference=AXQCQNSIL3AG8VYZtIuFUd41nE7uglGuxteOXrrJfsgUQUK4FDlgdA4Xrt7WVGxCt3hRlR6n7Lpr8OBggXgVlGt_9LOUTf8bHDQ827BgUMT6V1s7nlL1hyuLPFi7nb1CstKpjQk-vplx24LoQ_-4oyKmk5-w8Pk-IkB0qeQgc07Mf0TwCmGdkW8S7vOLNBmQ49MYsFleSJsDdLrWgV5fvGa5QFESlg33wsCFA63pn6r6mJxSdF3fZB9ArDKSwuKLDrOSQvE95SKJUz8Kbv_QH2rIhMse9u9d_x6Zv537su_bWOr_-zBsLliRjb67kPL9eA2QpPPKUdqBIAZFLKPzRAxjWJNtjlxI7c7cWoi1bLGLY2gPG3KFKz7Qwzjk4QWlzlWouq2xhTxMfPeF_S8o_UoWOfTVWsBsHJ5fe6yIzn8iq7jcUvtOnQUk_k1TrmHB5Tgky2KSzW0J4Xi9sZ_FbdGiWVs5hRbyN0MB1mcl0Thv2xMDeLkQGEH7Y0StjXlcmNl3DAS_oiXXxRVu9t6rTCRsbEZyrlE3gzYZwr7wkWwBIyJPvmHW801qcHFuFZjXV0kfN7ijRAjiv0D_b2kABTNpWvz3FEh_Ig_v0jOv-pSid615Bb38HeoOGvkoKBhE5-hvnbqc4Q&key=AIzaSyB_RPF64RaB3lypfA6VvXil87xSttgcUNY
Drake Park,951 Maine Avenue,Long Beach,CA,90813,33.7782199,-118.2013841,https://maps.googleapis.com/maps/api/place/photo?maxwidth=800&photo_reference=AXQCQNRpV4zfKMY3mGrenUWsol3b1jJqTSVOBFRBZZ5Syj6Hh3SE537uXqrqBblVXLJWGS32dK6Ze05ZRiXDw2WSTwEFP7jHbWzKlYoivQZ9AAIpN0g8TamrpKSRjOdb5oCFiBf-fQLcyQc-Fu3JV4KRPJtTNp_y9ixgOxvLXGHFTKxpwRcFro-7gGqCQHt-2PJ5lk0f2AgKJh9fJvLTM4cKn_DVAdVAThYVt_bvVjKH9OvWqlqRZZgtm59oWe9occxwqCuwskjzD2_Es1ePx1eYIX4DIUDxKk9uB2VwXmIFuhpEmNqfvXYlbn-dml7h_JQCaITPafjeP2PAYJyBRHeCePdP1pZudSvEDj3256aZHqNl0mCI-ihdyzFwc4dF6DwMGl_CdE1R6TQuvprzXukr0FSh5VBTawSp3MgSvDK-81LHY7xqB3grTeN-dqSJEmDUfTa7n9229deWXB0FpgRhpNlxa3EZQjnxQehXM83QVH2ayTtdKDiLuNjULMw7HOVSCgBdboLxtIR5e6usrYouoc3WblrFgLHFCJG-4vM-tdFggaFPpqTBT4CR7_HKoaIQJ4XBhEcWQ5EXqsvJkuMNiNdA_FnIOfO0Ya8U0VWn1tCxjkQP86uSznFdtgX746uHLkuVLA&key=AIzaSyB_RPF64RaB3lypfA6VvXil87xSttgcUNY
Pickleball Badminton Center,3699 Industry Avenue,Lakewood,CA,90712,33.824365,-118.1657256,https://maps.googleapis.com/maps/api/place/photo?maxwidth=800&photo_reference=AXQCQNR-M32pIxZw7jD38P23ZXMxWSD1Nfn00a3Ewpjayljz_Z29cOmqo8UugfJ8_L7MiF743ToTn9Wczdr8csC_IKsPkE78aPFmH5pqkYIsp3UVuZUoVJmZVJD1E-T7mcVamWvJTWYS4MFp-haktAAt6_seXt86xsHFfr74dWwkOBy9jP1eVCVQozqC96dBOv5C5hcXQKa1eiPfDd9B6TvTA4xl4e6o6TB50LZ7PqNJ3k_JBRc1MomTaiQDpRUIx_txGgC3oJyWo9z01yoF2nwfzoTpT8_bnwb9PXKifNRZFK7kaEzKHiHEqChhnbS-xdYaaZtZ18OZ7hk&key=AIzaSyB_RPF64RaB3lypfA6VvXil87xSttgcUNY
Los Cerritos Park,3750 Del Mar Avenue,Long Beach,CA,90807,33.8264931,-118.1992577,https://maps.googleapis.com/maps/api/place/photo?maxwidth=800&photo_reference=AXQCQNQSpoPc2KnH6gU9IhFmKDef9nEnqJVGcQhzN-VyGF3NSLAWXgPnzINYIpSGNI6cfU4KgiqQwgVNId5RCog38MRSWJVc19TSfX5R-Symx51IYLi-3UVQTRyELtxWWmTd0SSeQ2-P4JWWrqHTspSwKfwxlqorEkjOZtpdd9NRsY7epAbAOdGw3aFT0D4CDOIO5775XVqsb1Kw4AIsr8us4ptqAv63GmMxRJLGkTihLWIouchEQTyLwbYZWKmC4a3U8bsmKkBLngHegqauT20yOosjHlxTbiovy90r1IMsUm0NuryJ_jfahCoRoRFSxYoVxp4n2LwAtuHhAYZ5PtDcrTB-ZwsDQEGlqNB__lRQYE_8mMxoUnWvET7UmxkLEHgK7HlgJaqiIDzNYiUzevHYA0XoPPZmWkQ0kwY_gbtGNFjqa1W3rt3iM2K20hizRWBECkpCZIosf103jRf0ZdMGXQKr4HZAzlGrq7qvILvWrNxYUeoT0Rmua8tqkZofT7xDFHiJorEedUjuQId09TwmHHcz3RzS_Sv5IX58Mz4KTFWM6xXkq7MjLkWtsjC_Rdl3og5IAviIq740qDfH4xCZrRvTjcH6b0B1fBerenFyBzURtldvsHn6mVQPZLwU7-6V_KedAA&key=AIzaSyB_RPF64RaB3lypfA6VvXil87xSttgcUNY
Calbrisas Park,2451 California Avenue,Signal Hill,CA,90755,33.8014349,-118.1809255,https://maps.googleapis.com/maps/api/place/photo?maxwidth=800&photo_reference=AXQCQNSuSL5JKdDVMipGFhy50S9FNZQ8OeBfybfitfGN6lTM3j7PxLmGDi1oFUg2f13vmCcwlhMLptwMRwDv_-fd7vf-ZpdzHS5k1b1MkSk3ndzEHNSL8-zuEkYx4SzBTravMk9xkIIUCn6PI0402sg6V_qM2tzpSnDNVX5yomjNT4-AdJKTdYsuf9pW0ihEqvv4CNPIjqKMDaUOk7whABMxHLxO3ehmT6UqroNxW3_Mx_51raiUmUktEoHjyEedSWgKgbIK0rdAvFTxSUT6ZWOJznAAexgp-sc19QyXU_TsM3IILihij3cXbMvH38V0Zsq1tyjUZN9B84CnkB9k-rNP1Me-QrOJRuOmXqcT6R_X5eelqRYpZeDjCPNOspXuP21IOlttPMdHfihkmBOOqjzGYrjS8Mhr_9WGy_4HDz4ETiTAQFiFkLkMPDkBYfH4kwMr98S1HDCAiPG0CmsCR9WjeuZmwYcuM020wdIGflk7h2B50I0Kjdgi2ibk3ow2wUPTMrMo9a9SQT1N0sn7skMCCbTTitFMNl9ePDJ-AMfcGyJYlK60IVZlzJDdpwqfZxEFqhuNNHEouvWR7Jfz-YoZYtzofsfoBfPn4K_roKwTxshJtsl5yiBEV038m1tbS-Bu&key=AIzaSyB_RPF64RaB3lypfA6VvXil87xSttgcUNY
Pickleball Courts | Liberty Park,,Cerritos,CA,90703,33.8549577,-118.100956,https://maps.googleapis.com/maps/api/place/photo?maxwidth=800&photo_reference=AXQCQNQZwOfrIN-9n7ce1rfUiiMRwbf_a1kGTJpZm8tH1Dw76C9i5sLATiSPJe2OmMVg-xE8OnerM5i8uMFSze38cKyH6hdD2pWylncPhqGPNP06lRYjL9Bp4wht2q_x7nzNSBd9f01wrdnZmRpRL8qc4PrQz3K5vts97zSxIq5MPusA-CC2MAgNlR-yu6yv8DqlizDsgABOoXv7rBTwqgrB1E3j4lTVwomoZcLEoWvf9w7vUqQQnUVZLBTvECe6LehQydgymFHg_DDCXyQVjCylyzlnB5_Dbg885GuzhQZ6Wd9DtN8qshzn5grn1UEbi6Cp9W-DgfQkV0d-n8LMGxdZmc7hULA6sG0sDZhaKEvR992hjEYBs_C9PtqmGtp9X37TSHs66tL4XmQaUEeFLjZmE-IAemrPnS6eb9og4yVoBpjOZeZZkJ_PXXh7VFK5MqMnk6XSEnMmTPAu2pj-G1rTTpUw466wJabBzBrpA9oYAkXw7fBz44QPdDY7q_TmC3Qteh8nMZBS5RcG5RV6wl4reVRZYbxTtpYGaTSLjkIbQlYCVM7qQqRe6PRlndZQ34bF8VJz-hDh1g_l0HJzUjYWx8UZzGBdJdna1yaJ2Jny5HhRQx3Mf6EnXzfXWrwPBxugJOmHTvU7&key=AIzaSyB_RPF64RaB3lypfA6VvXil87xSttgcUNY
Discovery Well Park,2200 Temple Avenue,Signal Hill,CA,90755,33.7977196,-118.1579817,https://maps.googleapis.com/maps/api/place/photo?maxwidth=800&photo_reference=AXQCQNRKxNZEREfLmWHn8B7PxIapOMhg6XW-OeHI1xPQFhtEiGlgIby4hExNhHm2teOdhPsHlHMFgXI0uYN1YYiQgVRKStq8DT86W_CQChs2d7AecIhaqMTFEiECU_68mKffxAOPljwf8Fio22dvOBuAfOz2wZTddFiQJnMai_bGbRkqOKneO3UC-9fBQrEdcNZDZTmBrF0Gx3ebrqJj6D8wlZXKxr11V1sfEwENVv339rgAy-QBVmZQk_xTF3U3D3dACZCX_j_bVt4siExu0-6f5Cjcl8NUtyFadRwZf_xF89cVdR86klhUGK_qhfhCzXGyfQCx1LXXxlRv86BdYl8MwyDJNXrNMXZXbh0mAHrQHk5RmwKEsM05vIuAbnX4ElwYg128WxXOBxkGps63673J7UvoKLAQDQP2pWqxSPK8QapUp6S-sRAiS0zT6UwOVA-GrvH51xuh9xHe9gXhiO-RcPTvroR2WviJi2_htMq6b_bBRRJUAP0VhQfU6PVRe5CtZlym_dKZ504Wby7maq6qvzhIXJvL4wbwoTT3glsTVS_TNsslnpGasjOJ_03ng-q814zN3qFzxF3Nvahys1EUvwkNoXjBwf8nibSr5npsbIPotg9Mmpmjks7yKbK840Xpn62MlFiI&key=AIzaSyB_RPF64RaB3lypfA6VvXil87xSttgcUNY
South Gate Park Tennis Courts,9358-9474 Hildreth Avenue,South Gate,CA,90280,33.9473428,-118.1864464,
Stevenson Park,17400 Lysander Drive,Carson,CA,90746,33.8725499,-118.2584415,https://maps.googleapis.com/maps/api/place/photo?maxwidth=800&photo_reference=AXQCQNT8KlNAfyZmO5EW8F1SWhmpFZ8KEXXVsrLw3dmn9ydjSdtBHuzUE6r8Q685YxS-ooUQbCIi-72qrhY6I43RgeA764tSaZvUkwincQL940N8177dRlgqOuFbhfEVCmQydoABdnfYyLWiNdPR0FgDfPM6QV-NMK1-XWIBIa9ijKhuTVn3CFsA6vdsIwODvCF5gy2hU3QMBYYs-iZomPHTcS-E2PMlqnC2vJ4zb8E_3YAMZC_VewtipNVKY1rI9fQAfPBpOMdu7t1PcGVRy_ZqGGnDRRs_poRHOf6wc8TFq9HtobVXb6085y3PUw9g5pyiADJnnirBU_1NSAYGkSX43UDKOckKyMP3XJuYQMxDsmw6BC9b2NpHBDFWACFM6ZNpgkipOPCiONRq0Q-tga1AOVoVswkFgggXD0fw4UTolQTuVsRI_-LRjdC7_NpsHV1_dNby_L4HwHhhRE622gS0kawKaqkMINa_-6Zf0wl1qBGI2YpY9x21FlWmdSZe41jzUpQrk8A_P2lmy6SfUADtahmRloxGsRt3eXsns0l_ZSSWL1QUm-mxtlqB9YHf9gaVcJBxPXfHSAjsJ4sQkCpuhqaMqr4-xgDRFYUQzPMhtvzMuxBO38TEaKVV6o4WW_K-10MuLw&key=AIzaSyB_RPF64RaB3lypfA6VvXil87xSttgcUNY
Tennis/Pickle ball Courts - Rossmoor Park,3232 Hedwig Road,Los Alamitos,CA,90720,33.7994904,-118.0768317,
Veterans Park Pickleball Courts LB,101 East 28th Street,Long Beach,CA,90806,33.8110936,-118.1922675,https://maps.googleapis.com/maps/api/place/photo?maxwidth=800&photo_reference=AXQCQNQCGir5ol3CbIj9awU6r6unI43tnUK7sKovPJbzD649XZf7f7opUNImB0mmCmullWaYQgFsJXMx4w5JE6O8oWPKpelqoiIw4vUX8lNSUaKQT6jGWmK8_g2D_kX42C2lbsCBOB6cfYnDPCKkL7NJgMiFbTYZxofoyDCSqAiErKNMNi7VWrz1jkgREC6-YR-t-LVXPq6oqWg4iOV-9XNYR_5eQPLrgJoZVK_Ba91plHijvbfLuQyG9_67Sg85C0fH63j56a_ex8RpihjgkbJy9uDpOx4fkux5KLXaMWW7YHn4YRu6JJBRas-60Et_ZI_QPcVvckpHW0CpAl1boGCvskR1FS8-Bse-y7J_yVaTUbUPq7st5vf2mH0saWbf2EVThE3IneFqjPoNo3XnCyMeWyXcPHU7RvY4MIahAeLscVklnjFtWyB6s0lRY15I_f-4e1IqmaN_NUfNTW30JrVTC39Y5gMMmz6Kjp84k7Zmt5E_R4lmUvY6SeL4gpZSKbVFoJXSSZXWlLKNmxMzQoC5I-RN7V-YqDU5ojhEX7fC2Yq-tZqc1tUNBPn43Ms6Tz-GpYQrsOqowsIZvRyXcuLyYQqP_P3tAzKGhe7PiHg7uxZecUzjT_LQ-V6aEU9s1fjyf_kkng&key=AIzaSyB_RPF64RaB3lypfA6VvXil87xSttgcUNY
Gumbiner Park,628-662 Martin Luther King Junior Avenue,Long Beach,CA,90813,33.7746951,-118.180684,https://maps.googleapis.com/maps/api/place/photo?maxwidth=800&photo_reference=AXQCQNRwtdYOhY3HPwtrX_BWKYso9G7B0YJnljjoOhu68pSJpApQgmtsN9CurJv4Auev3qMFKbKwR4H_-_ooosgGlv0XAL9fhQT5hdIgzX62VwY6lCeWwPtXbYsPw8p0lioexaIMhUXn8PfyeTfsUQ5SA7uJjQi-jDZJ8kv3YRgXiBiz_gTaly6cL2I12kCDm7ESSz24JSD96p7HjdXQaeK7fW4NwZynkTsgbV6cQm4dIFshufywD1VthTjDUkcUzNpzjlMWapjVjmY4FipTKynJTctNT_UpEBz63J0v6zaYdBv5NaLW37K6kfFpS-IpeQI24maKfln4Gm7ARIV4LHZMart8r5mWQuVdMXKcCOtU3Q2dbVMtBRCZvxkRDWTnuKGXa5OCACH3AiG7oXP36lUECyc_4CwlDykfJyPvTd88QHn0c__Yx-ONaYXxAT5mZJFE7FitpiMgcqC7DtaYX14c3I9ivj5SIEK555kAPcn99EH5D_eZRJedR8fKBwS4R5PPUdzvn9xWQA5wyIRQat8cSuD6E2uCVqb9A8JNxe9skp75oaw-pFKg2q0pjQV4L4cLFl2SkS4WsixflaMHReV8qRYuM3MrxChO_QNO2qu47h1BEPdIrhTyeokFZY7feO5uWKmj8w&key=AIzaSyB_RPF64RaB3lypfA6VvXil87xSttgcUNY
Tennis Courts at Drake Park,1030 North Loma Vista Drive,Long Beach,CA,90813,33.7795139,-118.2017651,https://maps.googleapis.com/maps/api/place/photo?maxwidth=800&photo_reference=AXQCQNR9aBvr_5nv93rG743uJxAmqDCEAz26F44uPZz6aV9-YXuLQAy5uwrw8P6Y8HdHQ-WKaPvi-G0qdT5I7NWXG0YbXImKDGpp82cdGlnghYHoDYZh8W77lW6AZvS5Ge0PmkL4VpwiHR5Av7p1DBgWAYF2s13qHgoos5xdnGRJXaVwmBRV0JtIjC5zILOltShxOnQUmnLg83pDNvPi_PvpJ4iIYw3IxH-QQi87OQXMbH_wv-Nta8Ra1T9d-bSTnIyGyOyN0fHfCVICJu3fWEjoEP0s3Ab_G3nJl98-wl1MXDNQ2ryVFoaK_45AbLByqHTr3ciBYpPgPP5yEcUK8nm31YUXM-vDC4cnMmQEI_pTlUJoGJsn9newr9XAfgckMKYngCKnZCjBkYRVJFI8WQKo_JRXs2vgSkvjIhrtFsAeZSlo0TEZxTJSZJRdwfxppHP1YuIFTZ1MbXZfe-bvQeQg5sMmn8rbuUlC8YcqW8eLDa0FVSU0BY9tmdwQCtay0EErAyp7jmkQ7hNvn3ETeOuQ4n_aVnQ2l_5nECVuPyx4apoFiY3TeOdMzmc3r_0nspYe3L2t5lf7jbVAEy55AZVki1G5ceHucDIdpO5DuTmAA4XW8i7EJ64XAs-VboOzsNCHUWcR4Q&key=AIzaSyB_RPF64RaB3lypfA6VvXil87xSttgcUNY
Hemingway Pickleball courts,700 East Gardena Boulevard,Carson,CA,90746,33.8812856,-118.2626124,https://maps.googleapis.com/maps/api/place/photo?maxwidth=800&photo_reference=AXQCQNQz2Kbk6y8snPQ8PqvyncCS1lsZI5YkjzG1R6DRgrzLlA271L_DxOiFRyXDhplLZkQabvy8bdA8oRZVn12sNOa9drwKzhiKVh9c20uVb9yiZli05nVbgVGJRJyV4LpHihbzdHUEIQwi9Vck1ZF7z_3ar9pzI2t_vj3bR_-WIm8KZB1BrzwN-4QKmWraAsrrwNIa9uYgkb2eFydlYi7AKeCdaYg7Xnwcn-5MHIrTV2bpZ84F1TczLIjtMuedqgHXlci4MUtrDE7F1FAG-TxOqhzvhUp--PRDj9MHiBTnvLSrGWg82OtA-HxP6V1bs_XHJxQEuN941jZ0ZXX7l88p5yMj62PmXuDke7ECR_QNfFJIz979mz8-YzlFniDqCCSp9_HFtQPIl8Lr-Fp0nz1rMKniYfhNew8yjkbf34Es9mEgSGwMAVeaxVrqgUVgItOGlB-GLismiDgWrDT_c_O04uMM8aq_tgxyJPYS67w72X0h5ckqREjtTq28Oc6TZTIqcJ4liTIw9ueTu1KH0zU3MxGQWfEYIiU7K93WII2TwcxkIG3PSWKLpvplsilgNKQGq6UCn7XNSaSRrft2wHwxKhtUgQjQk-spjuEBj3a8hFQ3KH_rnraetcLH54yh6RzbBE4-4g&key=AIzaSyB_RPF64RaB3lypfA6VvXil87xSttgcUNY
DeForest Park,6255 De Forest Avenue,Long Beach,CA,90805,33.867904,-118.191797,https://maps.googleapis.com/maps/api/place/photo?maxwidth=800&photo_reference=AXQCQNTVRGsblzIPzAA2w38a8dy_Lw9rSQeUKAatebSuGPaUtIrj96rowl5MVZSqG_leWNx9Yp1wbCrcs6Hjqc2Cm3ZvLVIs7MfeqYTO42TD0EX7NXZBColW0HAz2Skx0cSIKkzF6Fsa8dCGkRQNxlOyHzGUOGayuLF-pVHhiVOngY0e8ge5FfRH--aA5-vM_HrLulR9_iu_tKsBp1FI08k7gjpi2k2lsoWsnjZeDE_urMYGxtPfYLH28OWAsKjX1JLLUNnGW-JJ0TAlgUIsFw9ssf8xe9-LdJX_qm2cKoLFgQz5aAIAYtkSrmamvhCPiTNDeqp_CznZGQHyTxTqEyTYvXfUDxs7Z28vjMRu7-RU8m9ptmtp2QzCRQZDDVFr5Cl-qX0sIR-x64ghlfScZK2Cr6dcJ2mMORB8l0RbdI2FFXTeEbyNoq6E036TexFtz8Ibx6VqgLWysIl_R3CtADwHceWo5GQdG7F54xYzMRUQr1xnf07jh4VY7sMnjMVxyw-HUKBblkfGYSpTp1T88BiCCLSYXL1a_tKnHAJKf6kVinvx9dFlIDn-O5HnQu-fqoGavOolQEluPdd1TzXBSMFJUMMIjeofZH3Piueg6zAJIUW0DiBiSz6W1oGcyUM4eE6wNN-Jaw&key=AIzaSyB_RPF64RaB3lypfA6VvXil87xSttgcUNY
Rossmoor Park,3232 Hedwig Road,Rossmoor,CA,90720,33.7988039,-118.076306,https://maps.googleapis.com/maps/api/place/photo?maxwidth=800&photo_reference=AXQCQNRTMY1n5uAMSO0s3tFvRYwKi9IukJyMJfYXxukkVXmbYwIlKTh8yz_IvRiO6ntJILPAswZiljHOwMiCNNsKnmACtIT7iBG3xKCJtDPyvB4gmOZSKUuS7HnrXFN5tsvACpBaERHfUhqW0EuJ6knOvGbF6pc-x_GvZctgVwnfjtaKv4HGxNnlgrreBQU9I_AcueX0SpnMu4T3CdzIDriHVGZMYZ_eRJIz_RsBagAJ6Z7X-KkBhTEvmVQ8DObc2bkgxOVESbvm-blMPwUlD43mAfMTHdN_w4uOg9fPzqaUqQ_2ibc2-9VbsAF3b0yKPlFCuwfxstCfq_B5gBaR7Yfkf2SL6jsRsVHPW1P4wYNd9XVO0Fn6nGvfGS7ZQ8tM-g9eDQhRoLWceHfvPNPaSbg9MZbYjs1z82XnY-PDLJQ6aWyqrr_GelgMR4nxGCaMq1-lE3r_EkyH61ESZiQUx4iWxcxYjpM6pqbzG_Dq9KjUNlui3jsrAqlyA05slJW08w7yoBZjon53OPpVmsVlG3wRXPJf4LLxjv-ykWKWevJZBT-PCRVjV_At9Q4xmGhqGPExQnp4wTg8ODfKLO4NNl15PxmLLYQQ1ra-0moyrkT6EKzKVV2iOhpJBtyQEMjbfUyiQ0mfaw&key=AIzaSyB_RPF64RaB3lypfA6VvXil87xSttgcUNY
College Estates Park,808 Stevely Avenue,Long Beach,CA,90815,33.7765255,-118.0986953,https://maps.googleapis.com/maps/api/place/photo?maxwidth=800&photo_reference=AXQCQNQSR5TmsoQJVKQgLqFq5nL79zc49GMRCv0gqKsZ0AaIzWmKokUgvan9DkGYWsP9qNiGnZc3kBZ4I4JngbDzIbRfTaW7DruWHkX8n6uDNwqXF_AzuAL87P0azs65gH2XgrXZx69uPjnfaNS7-t62IF_SI_H4B_fwRbOUeoKaYqYgF95IAQIlu8rSWS-JhV4QsQz19ipgBa_qAN1aWq6Ew9U633AcMHwtH1OP8x0ziFd9pbG0ZQtxu8kJaEz01IC2gGMu7z3Wi4ygd78wmHLtenhULAm1RbmL3Su1G-NVsSEOlK7PJQo8jUmWHPvtXUQzGzgRYSuY2rmzWewiVVKH4ECr1RKSXhiAKrwAgDWtnLBHty87-niNFVNYefjF0g_PyrLCb--nEzUS5jXbiNet2eBxQtNQcQ3EN6GkK_t5nq41yBaLwezwAjUSxg3Uvr9ig_vIbNzf0ajhd2i50JAzHdxEyrTl3cIBvDoWHWy8S6_jz_U1ITzQ5k5pUDLST1mP01l7_aZLZ2Kbe574IiL48sqo7Du4__04izQmNRp_zYn69jiSJ-OglLqeRRXp5PrRTaloO12YqO4ijry0w4legMvjHC_HGCeTXzdpGAb2kokN57BhApCrGHtD1M3pJpzM-A2enyDV&key=AIzaSyB_RPF64RaB3lypfA6VvXil87xSttgcUNY
Scherer Park Tennis Courts,430 East 49th Street,Long Beach,CA,90805,33.8445092,-118.1868894,
Twila Reid Park,3100 West Orange Avenue,Anaheim,CA,92804,33.8240143,-117.9984232,https://maps.googleapis.com/maps/api/place/photo?maxwidth=800&photo_reference=AXQCQNQhOeqft0HYQndAK3L9kaDy-eZ7kfqeB65s7CK3YkwnAfWFovmFKfwuuH1XAmmmN96CuQLllALtQJKNf3qIfrKz9yn8t4tozG1LKUZXIBQmdqMepGHZckZArob8eUu9PU7H_-_iZUROps-6XFEC9Ld3UUFyExL4QrBbJ-2S1qYzkp4xgHUPo_uVik7uVdrRSIv64pH53IV_zkE2i_GPbjUOjLmX7dhJ5tOtEuIHiCroXxoi0_6LoIOcS85BqdX1LghtIAO_BZ5uuKZWPPm7H2ZigAfysYLJTY1XtvmbBzQU7RaW8UZeHb66fLz0JwEsShmexPkgyQGkYExDuGRcftBTZZGooSSjottBJJLlB3M_gCcJiU15G_KavMtrHk-s6gbKm6q4mvO23UOkTZ_2Q6kMz9cfKALp8v5fXuK-bk9gkEZLLQftkYvdO-Vr-Q0-OWDo23UscJQQSdnvjX1ccR8q22qGJVoqLWNDyiy1ozPLh-zeHcBbmXLA5WmUxKQOEfQ-5uYop5Fa4pssNv7jI0gzO1Evlpu2qrocjrhWSRcCeJcciWJGOSEJWJ1erZTta87y-hWEbbZsKSSszz3n9bRHTv5vziL6b1KHGHKurwUQGwftxe1PBPivCzuB7SnF&key=AIzaSyB_RPF64RaB3lypfA6VvXil87xSttgcUNY
Arnold Cypress Park,8611 Watson Street,Cypress,CA,90630,33.8377218,-118.0401987,https://maps.googleapis.com/maps/api/place/photo?maxwidth=800&photo_reference=AXQCQNTDjR1QkpjxH1aVp3tGWGcQCFp6EiFCtTdFyXTNc7Y8HDzV-Qv0rH5mQ1t-8U8NYKLo82inc7TAfG5PXoadv8-R3gM_Efc179zkZV4LEKVFhPFe281VFuAI96Qv5WNeu66R56YH5SUX2lAxT-RsTdlvAUR_tQO0KACYbfTEaKM59TgIEDe_J_poFxORhA6HzPm0Ql0tJWSZVannv37BDuw9YW2D0JW7BHT0eZu9mLf7mrhgYpjFt65jzDM3w5CmiikGfYyVf4MUepDvTnzmJF4HFKf7ExCJ0ZwB0pxENbKq1UXViceldyflaQnueqw1X3UxGtkuYZumqntVnS2pzNspTZS6K9H2w9pjB4u73YVvto4KtJ7oQ3SbFfC-vHGu-UxoNn_ktvA0mblirpL892PAZ3HAMoo1Rop3ApWNOXMO_eCPDBokHBngQ8nkfZFLXsYzxAPk3vufWse2pejJXUFew3iwcY63VCny_hk68liVlNT9J5FcCnj34HAiZYxhDqGxmQiAubm-QZAx9F7gicBEhe4bAw8Z2VhmfHzIuPliWjKXuA8o9gFJtyaMo4IJRmfMzk6IhzBXzfDDXVlHxQ2zY3deHbi1Fz9CnvAfx84cRGCFxsns13wPu1p8C_ge&key=AIzaSyB_RPF64RaB3lypfA6VvXil87xSttgcUNY
Anaheim Tennis and Pickleball Center,975 South State College Boulevard,Anaheim,CA,92806,33.8248867,-117.889633,https://maps.googleapis.com/maps/api/place/photo?maxwidth=800&photo_reference=AXQCQNQD7aVGJuUjGhCkRoQChVVoGSYF27y7nJGvuMNrvOuN63PWRUtycdu3RivAqlnIzPqJ-UnmDj1_BmlAjRFQbHFOczt7gvFWg46VLvnwl_-hPs17VgV5RM3oUI-JZkKhzC2bye_W7ulSz6_ZDJqGQ8pabf7Rz2LXq1mAcFHv6PblDn3g8zfBinShu6E_VG3SR0fNwBfyoQHc0wkAlk8MRb007zvnt0wiUb3tR5qbQ9ASYa0IOtFeinU5MmdzQm9wCb8FPCOgB6XcWGX_0GK4ra_4tRF5dphDWZWOMDgwz7NfAPy9HB8dKAPHqR5e6PV69sNitWsikpOVEhYwIEXvHOfAU603csfWCiOMbO5U0Gh6ivT_NMgJ4FZ6dK0vjH1b_DzDTq7yyEIN9l8WuO6UtpbTW5nrL1ovGSRYTpT1TZcE7qAi4KM72rXASe2QMlAxMBHQPBXRyDkQuumVkaNzTVLS5VjCGBH_LVQudylsqWoRlsfO1BKGixeifKr7ZzkkajKUFFX8LyAuaHQvkfEEFro9usMNHp7Kncav6OZleC0tuGc4R7qtt8S3i66izydD9k1w7w37QxzD_zFos_5VRKQqehDE4JDq5KsX2KnMDeyez2zpmVsSV_eq2xcpP1T9&key=AIzaSyB_RPF64RaB3lypfA6VvXil87xSttgcUNY
Laurel Park,10862 Bloomfield Street,Los Alamitos,CA,90720,33.8036975,-118.0624134,https://maps.googleapis.com/maps/api/place/photo?maxwidth=800&photo_reference=AXQCQNS_OwmbglO3usn3ytNFZfM-WboYHEFtMnlLe4jrwZW83m3LEQD3KYWMobetz9sYqM6RNhHjn7QK6UTYRTaS8eWXTdHOXFuI-jV3SPB1-60wAnxVc3KIvFodpDboPp0eWcynN4CgjX_Bb7vSKCloHW5Td6-8deS1jal913HrXZX1pwfILb40YbT_Ajbp6bAmd9lwo6Y6QVhkIAlwwL4v7Y71J_OmVZ3pJl0jdnlbhWCUbBopNTREsECMuA6jV_0u-Qvmf7JaLeHckWFmnRDW4i0SjKWOuYFncVGTJOE94wnjffq0uLl9TNnR75RMk2KPeCnKhJNvrwMl4vXeJNa3jfa26XR669of7pqQOeT3RpvCTEnta4XMEmpDlMTPWwJQik7auq8LUgLocsl_32kdQXoY0Rhc7iGPl96Z8HY0eJ2xYbROTxYiH6x68oGC5slS1CJfHP1qW2Er3o2UaGwmu6Y2QonXd7_q6J2Fnym8bMW0hXlHQviNyeeGag_oslpAgYv2cTi2JwTfv42qfXypUUXP6Na3BlWFGOFOsq99Up9foQ247GBLe_E8d86aIU8RcLM41K9BR5KVxKekOmSNvD9SkcXM3sv5ndK3NTYjX6Ufe8NpQk5A_daLBkVGMOXvOZf0IQ&key=AIzaSyB_RPF64RaB3lypfA6VvXil87xSttgcUNY
iTennis Cerritos,19700 Bloomfield Avenue,Cerritos,CA,90703,33.8488727,-118.0584945,https://maps.googleapis.com/maps/api/place/photo?maxwidth=800&photo_reference=AXQCQNSrLKomydFGMwuN-bkiDTuRHOU1KAEgZzwOFAuGF6WVc9zscVXSynN7SgFfWu0z-0gDwOBjVNC_dm0x_xJRg9WQbI4iwLKq9IiuZ5_q-nUQFcaFrWif5iJFsoxlVAlKsCk_Um1jPQC3a5TdWCQkJDmCbj6twBReLg5tbGPRCaUO3c08vV7vw9GuUwh_OUHTlDt6ZFFDv-upBgaAYseqmbymmiYjU4o_SFhVVbPVPVACKRgurAvT4Z5NIyNn0ueUZnzzeQbDpU4U0mI5gBiaW2iLwPeeghWlEKZQ-rGq_hcKs8RbeGAn8dDIXG4JNLfPak4VE_BPt7Q4K5GRxrtRE4RmijF43DzKVkf02rDl9wQBpBzjpnOZkwQABQctz7paXKIqAGqc-zk1LPS41XqtLTUMHgiF1wynMyXm_L00vSlWjqbaCr2PSM0Cnge4vOAIQgq9b_FA6tmiBT2fWg01ryLoDTdfwXv_ZG1qgIKAFZVcFHYPSjMqzAxIZ85nosFnaEIAykqpips7MpUh0I40JtBNT5lx0sRtgpkktkxHznCLyV4Vq-PdT2sSv0BS6yh08dzn5E7vI8atThQDbPABX9pEwr253NACgDDaiD-chUbDHx83LYEIh6fVcsQ8p4lnEwjvtg&key=AIzaSyB_RPF64RaB3lypfA6VvXil87xSttgcUNY
Magnolia Park,11402 Magnolia Street,Garden Grove,CA,92841,33.7967915,-117.9747962,https://maps.googleapis.com/maps/api/place/photo?maxwidth=800&photo_reference=AXQCQNRZN1IM85flS8Kt-Dyrt7pXyCPjJbHL69FpZaBlv999f62zI2APQiTTv-UOt0WA23bRFPecPxB1J81m8eD9M39rOkpuAAc0OCxwJrQO8CtxRoW0urLYuOdlmkUB7zdi3ZNpEAkYGEdLbiNyN_3t5Ow6uVSgkeydNNM9GKN9votu5EFy7QmCZUP-XRFADDBd7h1flrUxXzvcmq5ePd-RiOqn_JUtlH8fUDc6hDhRuj7mWGKZGUsdua2YSkFiVVEDTRTI-t5yjUytB3EL6veseyqvg7gX1fVufyQ2KcJoqqB0v0lNLI_TJCHKp8gq4osdIfpnuI-5euG5826jL3UbmRZyLLGBroQmdpmg1OF--pWHljbux5ZpLzyFzVP5FgPnMRRj1leCyvXC7ZDbV7Ye_nsQKkqGvDEB-NlqbM5flqM7zhzVl2F9XaeY0MVG6zYa_LOxtFW95BdPImBa0c8KzHcVBdDzY-XVSryStgeZlHY_9P4fphHzJY6A-02ybDcYoVdRCM4dfs0WtIHKh4O7HCISmp-2w73j1C7Y1ZWLWFEa4roPpgaq_6syQuOOetT62SVqJmWFL03q8r2jGM9XABOjITetyTOYpH1ZWHxe1ndAUBlDl1Jw5KEUuQG-A7oWgEiZedgg&key=AIzaSyB_RPF64RaB3lypfA6VvXil87xSttgcUNY
Leffingwell Ranch Park,10537 Santa Gertrudes Avenue,Whittier,CA,90603,33.9395895,-117.99513,
Brenner Park,7401-7413 Ridgeway Drive,Buena Park,CA,90620,33.8553979,-118.0245794,https://maps.googleapis.com/maps/api/place/photo?maxwidth=800&photo_reference=AXQCQNSXY2L0nR0lFrC4TEWgsNuY9NogK24qdy6-6sEKNiFytPEIjU599Y8X1ovYJdRnkNmmFvj6JlCxc9d8WHCh8_pCYb6s5PQM8Ip6MXIu7xBM-xByW94JYEdLNBMbqXU0L2H1-5VRdz7nLsvzu1O85kNBQP56QDKTFm7OGZPKy0_CrX5dbo8P9KMp_lapa2ajrbzBvcGdjPC6Bz_7HeN0VHHE_AH0oPYM0evwMMnrWJ9QmbaR9YF3dx2rH8jF23IMGhsvSw7pILNmfDHxvYjJq2YG4q8MlBVhyEXPOuleBgDuFKjT97PWpmmYtEZDJfMTXCGwto8va_t5Twk_9PuFEScmfaxQ8m0vqGkQIWgE22vE9VWOxDuPHtliEM3VuGPSluCtbph2-vPGOJ7cNgqo1BN4CVoKw5CYmdJehr30uQxRS6RYo0PJ4ErUDt_ywL2gvN-LT1CJ9ENRDC9Iy5ERwzxSZMxyuNPgneQDne8s8gblTiFLlRuqKhK6ImuxgnETAG3Nm-fQy4luitPuDCisgWUSK2IVVe7HN4d9V306orUyTt9cERkEsu8-JipMQEwIUiMkDIxWLUOU-RpFRGllC24FM29zwH1e6mBeWOK-uGuQur3Qc_jGFCQQXc5QDViE0PXD_fvC&key=AIzaSyB_RPF64RaB3lypfA6VvXil87xSttgcUNY
La Mirada Pickleball,13701 Adelfa Drive,La Mirada,CA,90638,33.9062441,-118.0067806,https://maps.googleapis.com/maps/api/place/photo?maxwidth=800&photo_reference=AXQCQNSjwhdKryFjK7x1RodzHeKQ--HoQJD4V_5cthmxaLc6qwZEL4_WpZUuosSz-usM_jjKT6JKUC7nYKWHA94YRq5su2qLBtdBH7Vsd0S-eBBPaqEjsttQFTqiBhCk6Du6-O-OrNe5IvdrZ2eCbK6Kr7ExTQWG3BnuPHB_Uzn2AjPDLdtjVWLxXqHz8_gL-kueEZDqYyg8q2d_4yOrrEuGp793-dEa1HVATRK4cuIZ6lj9UKOLDyrJ_y_dMpWAIf70WAfU6XnJlkkeQxADlhG03MjZe-ZDVLavqFfmMYFmQkLWmpGHL6xEE4ZSmyYwv-Kp5sefR6ZRW8RzioFf2r0TYb5-5CDJtS9Z9LZA_k_9amXNpjQu3IYmcMkncrB01OtGvpsACec8yNno4U_7nHg7kn7vaWesPJbnj6tKyGfjLR5s1VVPJ0-whYsIhryRovqsLthDrgy_31aFaqXwB19opFR0ZBHJqtA467e8TIss-tm4H4S6tsVln6LNmj5sJOCidzN-T2D0MouYmGiPuOMhE5qRPicghlxxDY9UzCGDfqFluyTUbh0NrkzUfwWmG__EFianYY1MOW_ymejCRhIjzmbkdFEa3Mic1ARW42vxx7RDx7rm68f8CXnFpib_MaiJ&key=AIzaSyB_RPF64RaB3lypfA6VvXil87xSttgcUNY
iTennis La Habra,351 South Euclid Street,La Habra,CA,90631,33.928993,-117.9474471,https://maps.googleapis.com/maps/api/place/photo?maxwidth=800&photo_reference=AXQCQNTpRSoN4fLcUzJFzbeX_tM_sGhnW-asVPOgVkaMU4Sf1LB16X1zVEVkIq3P_8jc2VzzUYmXcEJe76bTA8v3MwvBNvjRnQMXEv7aUHljNlUOIt1AsXoxgj5kJN7E1TtQQ4dFElGBT8PsP63n5fkYOuteV1UzVX1_zflZ0HV-3hGvdHaRnah8cN0PNpqWbZDAH8pjPSn-wevusElsb_FPOYTw6txpEIWzvErDsI0iv3fjmeNlNtqOkxTlk-nknLphhiRBqH5oYXW5iJe5HqNHjGBTBLcjZT-8X9VrK-3nbzx1QSqxH8PSH7Lceh1nppBVctOTK4Lnam2Ghpr4C7zvsOtU97MhJmf4JFJcH4nmqc4djz3vf5YdxvSk0YZ1wD9j1jSzLBvsvpLL6F65yUnxTX52g1Oo99eGl7AFy4hVbkbS_lcW5mtWGG573cUqHZhkL5oIfEg49x5089cHAn_lIvqCSaNx_5qIzGQSewEChbYhV2znsa4AHSseCLUAB5q3P5BDBf2cq7tMi5IgZnKKxYlmSd7XQhEEcOQWJ2gG-0E7WUojiVYS2FaavIqLu_K-PEK-Rzclu29bDjkH1v8c2lmbBmu2jyjz6ltZ9pC441xzHTW3czHX64pUqmqL3Fp7Yk0upA&key=AIzaSyB_RPF64RaB3lypfA6VvXil87xSttgcUNY
Lexington Park,4600 West Cerritos Avenue,Cypress,CA,90630,33.8093687,-118.0524057,https://maps.googleapis.com/maps/api/place/photo?maxwidth=800&photo_reference=AXQCQNQQ8XAMKV4-D-Ox41eaC4gf6-DjXDAxYDqWJZFMouHOkZMNMkY4gAg5YHufADuZ9qbiMd79APb7TijkypAFNWFTBFf6NaXu4FkctrdiOml69wYFcNrCtzJFpxk7Lx3QPq3sXOpV8y38rZNB6azX7Bj44-Hxwf8kdeoNBklnYopwRIqUOiaz5BhqHRXinLvMEw6K8AW3VtHCio9LJ2S8xAOAZarLdY3DEPEsU-fq4aFhzY7zGutSm226COZB5tRjUVjx5CC9KctkZQatrwKP0gpr9AsDUW3L-jrTpTaovxtLx3PJ6SignFn97sES5WB5DODwTGOHow7tuWnu8B4wJmcUgKghyvbaqg--AW1yg2GqnvJvuzQBuP4Fr_7r5sdruhyZtVvBIrCNBPVGwvkh-8667cq4s5erQvHUFA9AwCy1mOImiJDOIR3GhcIOcPnTKtPpbRbq2-EBqd0v05th76RyFDo7mz03M_GffWXw4hOdhk-tBCKlxW996fwECNleSFbly0Ex12TT7RK1asxTHWsi3VSdjMHzmIrkk4_ETDIX-I_muEgoILI04hp4rDmqfMKgiRfbRWGRXgdf-putaZzeifj5gzHfPDXNR_MzTd5I9n5fzfTnqjOSstJV5TAGAi9NkCNj&key=AIzaSyB_RPF64RaB3lypfA6VvXil87xSttgcUNY
Seal Beach Tennis & Pickleball Center,3900 Lampson Avenue,Seal Beach,CA,90740,33.775239,-118.063434,https://maps.googleapis.com/maps/api/place/photo?maxwidth=800&photo_reference=AXQCQNSkwuvLPDCWcCEC13Gx6KOUmYEI5x400vcp5eBpqJZImle5p7wa0MEv3YGtf7mADmLvKY0J_3vOJOLMCwPpdaaxJzDE6kPIMwy9vYKoPAOyRK3kpg4qPKEa-zu7cXA2Dw5WgQHZnPJ__HHFHeZtp7wWo8nW6NmFAgBBpH-J4LBUwc-8y5RE4TdZAHJAoUrLdc0sqguOXO82bXtiOv2xEdhuDoBlmJeDsXjE_UHGqZOW8BY3qGYnqQTpGv19699EPJosumQyyUZyEGzS6aiI69AHDMNezYAk4tgRh18gjr6h9gHGOf8AM4vENjnU8qw6AO2_2YUn2gQ&key=AIzaSyB_RPF64RaB3lypfA6VvXil87xSttgcUNY
Pickleball Courts at Twila Reid Park,3100 West Orange Avenue,Anaheim,CA,92804,33.8235452,-117.9983939,
West Coast Pickleball,23061 Savi Ranch Parkway,Yorba Linda,CA,92887,33.8721728,-117.7343135,https://maps.googleapis.com/maps/api/place/photo?maxwidth=800&photo_reference=AXQCQNRfWZKcsXtKmEoFaD4UlH52n4vxBBWefke-yXMoIJJsbRZavKjM_p_1uUZG9qo0lmU_RjIV5mK0MXw4zAWHssZ4ugduvluop5iBlxw4URbfAjbvOAETTLIJYV52BRpCCA2xTx4S_ZnW_rIKPdXe5Vq3hkHr_2HG0JFNbwqkPoyafV-N7t1fCSO3Qx3kL6uw-TFYpvr0pjgnpxFWoWw41xE2ESMVKmLWbGhcR8nSGc752W0hZP3_yIX5HQzpfxeltvvXnl-Dub1IJNytD1ql8Xz5krnifTfQ_GQbMxzmutCGrsss77sSpHeMCnksucmtyCXhV-WKntMPgCq_8OjmnyLTs5Bp_ujAyONyqk31PPTmJo6yrKfWC3REdrCRassW55In5RB43NnczzgYM5kkwHlstcRjvoaBy_o69EFlsgTCki8DqtIShKjv2NSFRs5Zye8QD2loDm8OVOWoCxj6gDDRdwpjU0oGs1pgZT3Az55fex_xxFNnW7io2ZqQQ1M33uaAWpooeQB-vU47-C7aFdJmJZXobBpFNy8qNZtMoZa9viEtwogO2j1PI3MJbxLDHlc8Gu14CorKgv_fJ7RIyITUv0H2hlTZ1lACn3m0OYDDPdpPgoyWz03jDobUAN9b-Ce0xpWJ&key=AIzaSyB_RPF64RaB3lypfA6VvXil87xSttgcUNY
Tennis Las Palomas Park,20550 Paseo De Las Palomas,Yorba Linda,CA,92887,33.8826743,-117.7734361,https://maps.googleapis.com/maps/api/place/photo?maxwidth=800&photo_reference=AXQCQNTrQUC8f3ZTMOMdu1F5ArPt7HHaV8eu1XHT6Js8UFXhTyxIUGfeymqVfw4tguLQmUsQZa8nRgzetXAU48y6-MARxSfILEVF3LkcxqaOSf6wsPGi6VZkqS0n-VspYDHM3uL1wIHWlCkF6ktVcbt7ZzTG8FCgPAo9_mk9MAthpxSthpjyNJopAC9cY6ajSqqTbkNd5djJBHZwH-oFNsRJDC-sIEplQcKiUwkbCljKiU_jdopTZmPP9c24tkW4sH6Iom77Ea4oUzlJSweeKlf4ONTR052TSJbfagyQKerYsoT4pAwB8K01AxM_VPNyYEROaA-JGtuO8qiOw_SR-1j7qyF4t_lAuZwWOUXYFQmUI7dqDBTZVprjN-HtmTtsk0P-uLYdiSC9intGcgQ47lmWyYtUuU9es2thDgTBo-7o3UzoSS08aENUuP2F3CP54zf7ckssW14wsnatlxoSK3lFGXR_vho2cQwWcpeWkXUHTKE8oiUC_vQdGf7J_4IHVkHZGFdezb9d0wqRh456hM9Pb2Ow40Nx67reXOjij_Z2IrmhnSqPU4Mt_k_6uX6ccYohU8zUF66k6wkafro5Txoyv7BCzY_DVSaHWHnTHPRCEj6u-dvhAt_SomydEZ8GHdBc43TE5w&key=AIzaSyB_RPF64RaB3lypfA6VvXil87xSttgcUNY
Vellano Park,16321 Aviano Lane,Chino Hills,CA,91709,33.9559949,-117.7349794,https://maps.googleapis.com/maps/api/place/photo?maxwidth=800&photo_reference=AXQCQNTeyZiOsvDcbEI4txbHELOSu0YF7qHuKOTBlyCOBsZMWmFD1-qMZkvs3i0rZ1Ev7w2mEBNS0X0Rx_v6q9SMuxBxgVamQ3rbACwW2bGJW2haEZnNasld2DzIeBKNqS2a1Gj3Tt6dvrM7O_4cGHxJozJAPEjjZ5PoTGOm0OYAhVcZscZxrsGOZBL7RoBV6fuhBXFDoSiQKh7GYrrnriI_OJn1e290sfI6P3pMqCfZBwUgPZT1idP0p8Axd8rXL_QV--USd1G1_To45FVbMzLxxqY3aN0S5B03x3yaX69dyMB84oexNODUx1Kh_7u-tKOLWzKTa8NQndZECBDJ1oOzGhD-Rk1zChjNc_dJN6rEGB62FBc9-lZhvvchxNI0ZJjdLs01ANJ8c_VkanE7cjwxHbPqufOZG7ibipcCYAkxiRIjh41XNu7ctQq4wLdWflY5svt4h9CXA2nuJdvCaU9SwjEqjKKL0DPCaJGPha9utMTEw2SvgpAIBmBAJecz5AZeBBjrPS8Qgr-fXsBiXgukwHX2lP0Hyeb2H7LD-cZMvsE7p-EzDrTgajIe1jkU8FJzkiL2zKmTOAj5v-_ie2C3aEyoxhQcReKGAIsClFzwIr3nuOIHFuF5K3ZMAh29LX0fGyW_Hw&key=AIzaSyB_RPF64RaB3lypfA6VvXil87xSttgcUNY
Pickleball Courts - Las Palomas Park,20550 Paseo De Las Palomas,Yorba Linda,CA,92887,33.8828663,-117.7734375,https://maps.googleapis.com/maps/api/place/photo?maxwidth=800&photo_reference=AXQCQNQnAPdjhOly4GjHdsCfn8wnsoPlrIh83gPSJDtiDlwLfHMAbwxsveXIsycCDsyEhWqxHwsbqWbmSCR3Ryo56i5zo5bwliFMQeqDUXaFn6iLXs5pq4g2dJZ5uZht7IjPfDP3NCzqu4N736wazKPvt3UkckZgvYRdgaRC05H8RQ4FEXKDL5SlmuCy9D7eqghl8_E3t1BSj65t3t2FiSL6cbq3wcr0Wxfhug3TYEhgPIHyylllXkP_pm9iP8SufdoQYzYy6gGE4K4GN-CSlgjv-Q-HVCmb5z8PkUa0CDaeZAg1k8r0iJ1htTWBzOIV-RKXeTyADwfSh97kISjBvyHgZf2fLQphocPGP-dfFkzz49RyU3_IpvVvp0S0c2Ysgf84zSvBrB9ia-Tg6ZkS11VrhjscPIFuW5SxarF-zXwrQwlp8s2njc5Rf_7eVw1CuDTLOEQ42YuKbsJAgNFMioqnxfo1svU8PFCxAemPakQJQ0eUodbGE9pfyLhpZOjfyiudCXmKPmOZpvNRKN4vdFM0O2k6dQy5T8v31I0bguNJq5t8p9D8ryjM6By7bltk1EcAll8ty_xdj2stsdzvn3CYeTHKZs1gZZFd-RSWl2N5fLP1jKudKJ30RKFvYuVxSwPVjsRymv-7&key=AIzaSyB_RPF64RaB3lypfA6VvXil87xSttgcUNY
Grijalva Park,368 North Prospect Street,Orange,CA,92866,33.7920406,-117.819287,https://maps.googleapis.com/maps/api/place/photo?maxwidth=800&photo_reference=AXQCQNQaI32U9XiYpoRoD7P8X2ZywixSLQaOvgJzusY18_OohmBOYgOOKaiPU15xafSI_JSryxYMsC49sQf-UmXnbDMDMjF1YMLMDKZDxdYLWLTnBG6ISUuYTn1D58WKd95b9CVxgKHCSGHmNR5OWmCk4J3YRcXxt_xSd0C07LfvUt-Ig5jsFnX1D-56BIxv9Q6Hbe44AUa8u-2AjraJ4iDSg3NM_d0VSSj-KIF8fREZkxQZpkT5cgs_wbGPmm7wPYTstbVMWCiEBcZDAVTcb8nnS9CpE8fsdLMFEKh6qKcS-prMRzJveBitB0dfhPME5PB2pIhcUwZebkRbfZo0UBeUNpDM2nVHYLZG5yX-XfJF9v_w4JR5hfonjfwx-22OPHZpNhQM482oGO2pU2ZJKKI4uOgh9SMW6B6_tuj7wGhbpyP_k492Ta1K49WKf8Hst7XlobOaDqSkFy8YXyRjOmCubmHw6Ip1B7WOL4Eb_Z153H0a6kpFHC4IOLTPM_y2ys0dYZnC3YzbKzyYk3Uw_BjDlgPgxFyc-P35g1aikkaY8AVJn4t_vWOwfwG-X_OpusCG9tY-WZYpNPdNM6ArjjfyBUI9SPt7PcfvqPI64V86q-EJI2Lfjrh5EiaDtJyGn2371hfqNEtl&key=AIzaSyB_RPF64RaB3lypfA6VvXil87xSttgcUNY
Brush Canyon Tennis Courts,28282 Brush Canyon Drive,Yorba Linda,CA,92887,33.8784396,-117.701779,
El Camino Real Park,400 North Main Street,Orange,CA,92868,33.7938151,-117.8686113,https://maps.googleapis.com/maps/api/place/photo?maxwidth=800&photo_reference=AXQCQNTy1OQ5KqSJG1yHQoLmgdQMytGhcHruUk61KCDbReZWa2XcfMbspp_otGIhq54hFdGYlxmNJBaEMvS4SLbZTDLfSrA3nuHxMIeRyWoX1a_8V8-PuimFTVKfyGOmOiL-Aim2aB2n_OkuyK1KlF2W5pIOtuvB_Z33yvbDvAWu4afRfEuZqJPybAwjYxZu5BIKsya1kHGSzrCa9jpnJZmAyU6nMgK_s1QBEMG-wwtdSpUQ88edfULQ5lzw9HHKVaBVuKWsmxJ2XS64BhWRPGoX9kizrXrXA92I51QMXU1w1S1hv1TtMAOsmiugCfqXsKgRCv9JdLawKe5pcweECR-btwwz4N-5wu3OITKcR3H0i7pFU0BgnXkQzqt0kNBmpfRQBkypLNt3B2LelrZt8rH40Nfa5EoAz9h-ZzU24AInkPvm3GNlImTkAis3YqHp4b5gwfygpq3U_zid6SytANHh7GbccsJR7G7Qc4xso8sYdfDIwlivFS8onX09Qeyy9x-XeAgRT8vJTRuXAfn9O4ZMHVLteL7VVLuhYrdw5eGhlcxpJx6c0hD5f6snkQrTgukWfjtUSUFhHggtEiNiBNXkG19k1_fgsXPX6eSlVFl-l760pU7Hx8Ek77KK0KfHXAb6jSKBCg&key=AIzaSyB_RPF64RaB3lypfA6VvXil87xSttgcUNY
Husted Park,1200 South Merrill Street,Corona,CA,92882,33.8692382,-117.5723638,https://maps.googleapis.com/maps/api/place/photo?maxwidth=800&photo_reference=AXQCQNQJhLoqxxdWcg8xcRwzI82JpiWsnU5AIPAVE_Fv0rDmVCO6IHBRLmCiMz9HoSCVrsgJa9DBtYBDT_uLExKTdWe7ZT_TiY_ugvefuT9ciaYzHpe6jc5sHz2j6dZq6T6CgQ5ngdbbNUWt0kXlpxsOdzPzTvil0KnRjcvb3Mo4-iUJBLDmfmP3nyXXvtFc9UTnFrh7gZU_mgkxpaTbSmw205VOD_ZdRV4hQ02THe1FW6v7mSIMFLRQTqntTSAgguXj4g9v2Zt86_trcM6-JT-QA_83xwiv-i6-YvOo9btLcDje90kYYkSpL9UbvVHaj8xquU6FxpTPZmPPwuQzx1zSUbEFbbfBHpQvbQodn-sC-HmU71JppKjIY0uxrCTTcnapxg400WRz31-syGL7G7_pFPwQHe6-hMELO52JGsdcgDclQRyc_wxr6Y0pB0eiwSgec4FFQWNjyU8Va6SGVse89YBz5x9uVhCx-8nqMEy1RXiTj0YAVN09Ft7Wo_H3JggJKOqlbMfvcp0jP-T4zCqlHStdyBo4PFd60sFIwM06od9JnJcSZnPswLSJbjqeKKr_qrf47DjXs_6ATCb7bg8xArdK5_ho3vGgQdCbVKi-5hamVpSS2_L72t_F5H9IhZrCukRZC3qB&key=AIzaSyB_RPF64RaB3lypfA6VvXil87xSttgcUNY
Mountain Gate Park,3100 South Main Street,Corona,CA,92882,33.841008,-117.5756318,https://maps.googleapis.com/maps/api/place/photo?maxwidth=800&photo_reference=AXQCQNTIvFcxNKQM5tYAxcZSgW0FiSq5WDPZYT1DIDXUUR5KX827FFAPyxAxDTXTSEFL43b5YEmCWh8QmSVImsJCzjojZBBVMknO4dYAyJLI7jhT6IMXVTrSoCJqvqOMXWT2QhH1NZrcnUsYuOkZYyxN_Bjv_PjCkI_aotD8GSiWvdVE5SAIzB2WoqJrjBK3p9f0DmWZ9n7wpgyFMVy-593ALgUlD4YRHExouU9MriWWt7cu4oZNIf8pCF_l7OXC6bHXPH7cyYR4HLmO1OUUfA4TTVZljbspyQOuqpfk0dLOQkpitkKzSRANgm4N8qnqo9bZNm5X98XFVr_iExXEqAcwdEn3j44vsvDGiL-Rhz_2jfEgKAmU4z144dc_xdG4mqu0zD5lIap-IE5LO32_RIat8tmJ4zP85Mkzk-Clx3QwTomhBRuUBwjcFWD24Qw2LPS_ZzpnNFzczyKrDq0uwEV3zuZsvqnlq-4qzj5DqWcO_h4-53N9VJD1pUEb126TxH2f8a5OIbiZ4fd1epunxg0MFKLb9j91hnwEQXHHZ3Q6f73LHZ4WVsjTm474zkkUhie6of2rhm28zs2eYY1o0QqRh4FVEAvffhPnPel2bXuJfHA56WKpyGu8QjDCcSoJ4qBSURXlyQ&key=AIzaSyB_RPF64RaB3lypfA6VvXil87xSttgcUNY
Arlington Park,3860 Van Buren Boulevard,Riverside,CA,92503,33.9208814,-117.4481138,https://maps.googleapis.com/maps/api/place/photo?maxwidth=800&photo_reference=AXQCQNQVSp_i7Yq4gi06dQyedOqjjBEvnNyZSnICZ6U4bbNRSWNuYyeR0nu0ur3rjv9pg7bLgsF6uj4ysGHnDp4XJDHTVUpJJ4WnJDFZAYzicZThfgdS2xgYblAB8gmL0etZ59RYx-JBqDWeFiPh-m7uziYCJRVEPSmKtkpO1JCJGI4lpgw4QDQt-miYfOGkmRuqRZfoXnE9xg06MfcSiLhNpZVuOBlWSerOjo3704xWfGfTfVWXtEBK-2D6xj3Hih6vvkJjm0e2Qw5nusH8A6PA1a2O1cj48a_ON9AmhWteoVp-E8sI0baMEKZlYEvIDiExTsDsCvC4sXHZ2euklbqZvq3QNJpPhwYiYB0Sed0oBgCo8Msiy37cP8tYZz28fHmbpU9vtqSm210d8rBH4kfyrMx1vtd39QVkemzE7e-vXJW01tjXjfid9PRzRsImG3yuU0n5pxKIvaZQCadB-SmHhqiHBJWWySSG6dGq-a9yRRN0s4toa2xBfZJTqFqApJLQ-LCXybRJE7IuZSnVHRIAJMrwZ7KALjYibRistc2oJ4mlefa2NOa3z5JyHRJBAxLW4MgzwVz4xSwBH3pstAoBXEnRpLPNjRctOBuSc408aiRYUEwU--W05DAKf6PyUW8l&key=AIzaSyB_RPF64RaB3lypfA6VvXil87xSttgcUNY
Butterfield Park,17671 Mystic Canyon Drive,Chino Hills,CA,91709,33.9328795,-117.6728209,https://maps.googleapis.com/maps/api/place/photo?maxwidth=800&photo_reference=AXQCQNSNHpd-z2CScLMj4gom13rS9ziz86bPHHRxKlinPGd9utYDGLa0MvTHefrIoZkUnvvSm2RJk6zg97paFILZjW_3oC41Anf00KhPZKq0CuvE4lFMq3xO3OeUb2zY6fc-yjw3uBI0vbGy5PsTdmwm-NqSJ-WdKYH8CkQy2rSFMzzRAWg3B_qOSC6JXh7Jd5G2nzfZ4Myj0wBzzSlEVXoxsZ4Mw8Mhy6cGXVHOOVYa_xmqMdQ3fvgsUc8F2FACQmUsS4AV63Nhh2Xcx1mjVuhlAJdLey6eYcyHhv3XivsqNpdmOiOvNci9wYbDKtw2KCA1AfyQ1H9hPUOGbqVIZdpUWx5cTjhtVdasCTGAnYbh84M_RETOgCPEXfv9qBN3AUWmIKHQks3chqgTyO3RC1kKtqqihuBaQ2Rrfe_8DiIXuvUGbK1mWUvdmfE9UvEkSUNQBKQPHR5Hw4yua8FF2rXc6No_AJ14A8BxCnmDaeT_nvpQQFXCMRGlctjqT8VkI9VuK3VaQa9yxWBW9DN9Hn2Rg5bQY18O00GfjdFncF3G9fIFEh48Vq9DervpUTX6nhPNPv3SPf3QuwvE1KSDC8Z3rfLULHjDwt3xoXihd-A19yw0VXbZb-4ScL6X7xYvXrsfVjK5L0un&key=AIzaSyB_RPF64RaB3lypfA6VvXil87xSttgcUNY
Promenade Park,615 Richey Street,Corona,CA,92879,33.8946271,-117.5188838,https://maps.googleapis.com/maps/api/place/photo?maxwidth=800&photo_reference=AXQCQNTjUeTngF5PDEXp8F142AkRbsFB33sUa8CK7a-alQ_19wzhCcterlFrn9WUIOuTNA14GbPTNNZXnnOWOHScShVw74V-h69AwWWWyNYdqJQ78SgkxhH_IG6WbU8wsM37K4ddAHAUfYL4r_sP7lifwsnXnL5Xxkci5jRwnz5txFzkE377o9I_DfuOV_gIU9Lj-NqbUZAP2zAeER0GsPOyISozYlUDpaC-SiWmtA3WNZsLKqi_EIeRSbXg-11fpcyyZ_3nR8eiqR60APAARsXQk9VFd5pEWJrNZDNIZmrdqhsxihaQGpZ_9MMdJQREkaUzpytFO69AY6ipYl7LOLcXe-kCRTQs7FnffFgc__t_3o-hPTsH1Qw3LA5qZrIqSdDU_KP1DhnTpJ0V-I0LeDkJBWJYBpJcfgv3xVWxGl01TQkLBy1YpNa4Elu5me14JJefz1j75RLEPQE19Y0zCDLrcl86u2M0aSZKimn-ViAjRvHB0T5WY4O6Taj7PFXq57pMA1Q3_rKu9qk5ArVLQbIkR4VBkdRGvhcADtTBC9xerw5WGpqE20hc87xVsPBA3SDAlBPlVw_EnsTD1n3pF0IHuXHQ-z0DPk-v97silrr1S-GaNt4WyL8cCCMSiiUklsFSt1q5q4r5C7_QkISENI5BTSRjDFY&key=AIzaSyB_RPF64RaB3lypfA6VvXil87xSttgcUNY
Shamel Park,3650 Arlington Avenue,Riverside,CA,92506,33.9455117,-117.3946264,https://maps.googleapis.com/maps/api/place/photo?maxwidth=800&photo_reference=AXQCQNTyLVa1P_L71fuW_JiydzVzAXMkxOx-G0a_L0Cn2JH-qImC9OPnK6ucuCKKEn2GYQAkP_AnIaFksh6MtAmG1xvoOdwmf1to38VhZZoWmKn2YaierIMzDRsVKuNPHUdbiCR1y0GuLlhD6ngU9rHDdJY3EY6tpl8ofxcc5Xr706kkXs1KeZYTO3LLyfSCFwfT2vvxobAACYfrfc6LOrZP6ONPmmm3jsMWcMACy6LgmXtqBUPb1mpoL4G8XmFWyo8buZvht0VzN4prA2StBfvTCmvF3-V9UPZzIVr6p6ZsQbwfAUFmvTmgduLLVxF9d_-_ISczxkRmXZIovKvBgYk9Am5VkO2VHfjm3f89DMC9VNKc9U_oyPkOOUU9iVRE-8sqSIaLPy_beBM_1_m57ghptl8bpfI4P1Ev-b8D2Qo7lWxS_y_nkF3Pv-bGkn45_n-ao4M23jQTdr5nvHeNxo4HrOwyvg4CrgH8Kj8wfKlG-bIhQNb_qWcKt6003iZtuIhXp-fL5ou7Nyv57BdCLtUkcySEPESJnX4C7pWNlaCO4KbuQIqo5DZ5SYLYes36LGDTACf78eFG7pqzVz6oxUZwPLXQB9G2VGJY9DS47oZhEZhYxQe85QBF7HzRW_CuesTl0-uIJA&key=AIzaSyB_RPF64RaB3lypfA6VvXil87xSttgcUNY
Moranda Park Tennis Complex,200 Moranda Parkway,Port Hueneme,CA,93041,34.145754,-119.1928572,https://maps.googleapis.com/maps/api/place/photo?maxwidth=800&photo_reference=AXQCQNR28AtRMzzwaD2tpByRgRRrdSKx2y7_cVf6lJ3kNiW3zdeVt3hQf0L540gUjdQAhH_7yyrgsn_JQz10YfUvz3z_sVvUpdM-_DWc34UkXeaMLhTyE_esdOcGg0OODl13sT5bgsLjHawl38RpYiQXsdsBpVBdwiNZaOFCDzHLnLP8-sRTnMA-g67OgGGJyedRnQy9AAuTyci3Qgx6p7GzYpO3Rkwt25CpPPVFdXrI8yE_ZkLVMDNAbYKWdP8PnYWtumUlpirjS8Ef1FRDVggAeWdjRAlp13sf_7BbyqADtY03Ti0-1iwQQnFlGIpuCvpBFTMi8oHGt8szgr5fiM_zQUY4B-vnMLdBHtcmfmNaTpwTLx21ei8nn5NpnWEunuW6gTvx-laXscMs0m1wXVo8NZqdoNwu7_Sw-piwZ5-0lvAiiIzw-moHSSpusDD0p3un7sJ_Ox2RtMUBEHXTTABKrNC2_9p_XH_10gHO2Y0vjWy2C1rx5hY7Gf40Zp9jWlCKK2drKWvcUWkjhWtMfzz-v0IdNUHyBNn77QW7ZifFPACZ0JJs4wHS5k09kuOv8COk075obaTQwsOiVAeVv2kkA1_PwJDNgt9PKUZC33OeeZeYotJjMy8fOjxxo8JZy2Hh1EKHBhlI&key=AIzaSyB_RPF64RaB3lypfA6VvXil87xSttgcUNY
Westlake Athletic Club,32250 Triunfo Canyon Road,Westlake Village,CA,91361,34.1332565,-118.8239351,https://maps.googleapis.com/maps/api/place/photo?maxwidth=800&photo_reference=AXQCQNTLQEzoJpjJJKIrlGBMrSxTT-3usSEmtyKhBMnerVGWszM5PizeYK6oaaGpvWsVJk3rxyuNVqdNj1PxkX5vPMR0V39tM0_n-353UkXBn1tPpJ3vQIkZ7Z9ZEzSfMVojtt48ybjowC2TeWR1tqPnizrgSfp8Hg3U0xpwi8R7u3-fi68iGl6EFiy9GgTTUJUOiQ26777uWLymGaDwrKzCuA-_1Ip5i9hGhlIMqSqHvvghLyD6R-BxMcDDLG4oUGgBVCu1M5FC7O-MZtFdfFIxHr4QKrSgKyNR2cvOv_UZ6bcpfldvKlHeEYkxRLeVndln6nw5iK-on6s&key=AIzaSyB_RPF64RaB3lypfA6VvXil87xSttgcUNY
Walter B. Moranda Park,536 Santa Cruz Circle,Port Hueneme,CA,93041,34.1462297,-119.1926531,https://maps.googleapis.com/maps/api/place/photo?maxwidth=800&photo_reference=AXQCQNRSUlM6N4VUxToHzT0Jf2r6ET5PTmlCGzPorwOcql2nZxOi4s0QmeNmZjQEcKe4F1tHt-lBYAT2puZV5IGJE_AFzEIxYXpZbpOigUwICcGnPR7oWi1fWVQp0fGg2tER6EPPl-soxUuu2EtyKAvPKP3NmYTd7xgY_DBjPaeebDLhJvK5oCVeEnBXzOqdxHOYJNcEG0Ok8neMqEUdL--heWlwSzIk7QucYjAnF_0b9O2dp0_2i3F-Ja8iExv3m7JkfY_NhoC8XOwigQATf8r9hOOuOdohhC5xCxy91usp_sGEicJoLDkB5NvPLbQxMfxHNLK9MvFKiWFqFquCdS3u67oX8sR8_hT8IIq_us408y7KD4AR5SpX8SxYkmDXB_m3i-dD_TwhLgxxwO-TfgubAkwSQGILiXpzD5ALxXpbOetKn9y-wbBtNF2N9rnAOpfwKENxRBwvFcCK2ZQhtJLZYy16dN0GxJ6N3uH3XhQclJBcrx9wUmjAVpiBNWdiaVmO3TnDg2O5H0FDaLMWvFtxGDIcfX2cXyAcQKqP6miD1K9BbCMP6WCCyzk83Xh-1nScBfAodnHjLu2uxcD0eRD_OkmcAPxeEEV0fcJCQT7XZWwMRcFjf1O5PXBgqIl_ySTKaLBBxQ&key=AIzaSyB_RPF64RaB3lypfA6VvXil87xSttgcUNY
Westlake Village Community Park,31107 Thousand Oaks Boulevard,Westlake Village,CA,91362,34.1582759,-118.8003916,https://maps.googleapis.com/maps/api/place/photo?maxwidth=800&photo_reference=AXQCQNTVsFwfu5d7ZP4hFGvmcvTJraqaXf71fVxq-BjWUgsNeIAbD6JJqV4Y3yGtiDumJXkOSOyPFAVJHlAKZ8ZV5pKfmELEqhqdQ_YUJNlLIdYHXdVFl8pkBEjm8R8_9nWCedr_fFkWxoXm4DleaqRbEba1DpYm5An79Y12A4WtlHicf7OPjrlQ0qt3L_3Ko5EWr19c3YXw5rb9FuTTGjsMyPtS-8erZFw_RIY10pdDN5HYY3OCvD-8o9GbiGkuZBSKhXSzHl5KY-WV8z1sQ1zQwhDH536469Mlaib9UQI9GxXylrhttgeApaUx5OMuXyHCAJeVzOArNFi6ZIQIyMefwvvQwe1UpVKruchWCGeslzzOg99sUfS_LQR1T8xvlv9LdhmxXhQn6Xx3lo7vOPoFzznN_ywrXvrkN-SnpzTUc_Z4DZQX71kdJoJ-7pSOGXkcq0H1F5m2i1dxise19fVvefl--gBReyeM_s1xmlzUK5N_mFx2KaGSeygNejZiqwiwXnzhe3akelcGbJgHs52dm_nOOxqxoB0R5tiEWYn8ynHRiMhJA_aFYK3RresyrjTrgeuK5Cn5VKY-K3oMfU5PYaA40KceNaVfPPfWfxcAhXUj_gRGSGXCvM6BnfbIlwxUZjwIMw&key=AIzaSyB_RPF64RaB3lypfA6VvXil87xSttgcUNY
Calabasas Community Center,27040 Malibu Hills Road,Calabasas,CA,91301,34.1362238,-118.7129955,https://maps.googleapis.com/maps/api/place/photo?maxwidth=800&photo_reference=AXQCQNQTczb6EBUwpvLKgTGvCeieiUHnrwC2-mOweOZRoBF6_38P4xpmvDyIT8DxeeF3lIqUr9Cdd_jDx5m7fDZfxwpMjYQiSOn1sMohfxOZbAA6NON_T-OpyuLdpglizv9dR7qtFq2aGtoJa6QW-pr_naF9C4sQzn7uCgcxk3R_N3PcNl098Kz-ku5BRPhFddWrrkRmHdRr0FCXRsIJKN7y935FPYqueJUMOESxiSIrDjxMK7iocjk9_46OgIVOdxJWduQNCbdu_ItVSAFDG0H_1vrXAXkE3HhE4m5INDnPNkPWjnr2wjA0bcQDJctdHhdwtt4GS2cY&key=AIzaSyB_RPF64RaB3lypfA6VvXil87xSttgcUNY
Del Prado Playfields,402 Calle Del Prado,Thousand Oaks,CA,91320,34.170645,-118.969803,https://maps.googleapis.com/maps/api/place/photo?maxwidth=800&photo_reference=AXQCQNSD6Dh3mEGwiwxplGCCuzcXmZzLnfDd93Ud9B6ghYcZhwoTyy-t_ku49Ia0CbiIMrAfrnGWBzp8q5myavPJ77edA8LkFv7duJxR9Qpq3OGygJH6nlV4RQM0RBVKWS3VdkYGr7fvrLv3f8Ni7jmY00DznYlCZa06qg5VyBi5q0Zwl8tS2zA59IMrZC2Sp_pSfYRiCeoCnnEEM2UJe66wFVgOSMWHVXR2aEWuzQJp1veOo2_ugiTLjHWFb7d6rKIMZuvQsCBmEucA2wLGhFGEg2cG5l74tMMS37qAaha93INAsIftU9i9WOr4wRXU3k4ZJJNDL1zpIQKvJjmB0AFYlmq4TuM_lG8l0wEr_LK6PgUUe8aXBlQIYO5i9o-oyJGJT_U4ygvMTmTs3CjyyqCZHePqR4QPr5JGcib0VnPHZZhfj4kasbwl99nKOn0sr6KmYmzCUzoxsXlpvEDF060HmjRW-OCEoAOG_a6A8h6Tr30uLM0t8EQTk58snzzJoC7Tfu2AGX2t78Zc6eJPfhB0_BmjKxVrJq2Bg45e44I4GQ0CB9FYAom5RT4-iOeQbC23WWkK8OnBkavu1QM0oBwAzFt1suqqgW3pMUK1A9hqFwoIuVF82t19srVdxsP9ikCyykccA7Lc&key=AIzaSyB_RPF64RaB3lypfA6VvXil87xSttgcUNY
Pickleball Court - Moranda,200 Moranda Parkway,Port Hueneme,CA,93041,34.1452845,-119.1925705,
Pickleball Court,402 Calle Del Prado,Thousand Oaks,CA,91320,34.1714848,-118.9702693,
Malibu Racquet Club,23847 Stuart Ranch Road,Malibu,CA,90265,34.0380546,-118.6950224,https://maps.googleapis.com/maps/api/place/photo?maxwidth=800&photo_reference=AXQCQNQ3r-ACD7wrVZhSa6yjztrSs17iMRPhbNU7evn8BWH7nLuiYwGEcUgoL1JLLWju5Kwx2gEZCzQdjdGc4HwAgIGLqPPhDg14DMEAL1Un2kEEvfZFN77JKEaD6ShPo5ofuC3CGETdQwBehhjaGbHynmwwWmhZgGTMib33V0wefEhAoeQixZw2FpNZkFdP7WqDM8LW6GxOiMyeVorZ2Ki5-92JkbSgcKvhKuD-oVSyQAdLgXpUKIFdiSisaosxdgTdlZoM5hgsolOT5T13O8Oyndn6eKwxO6JHP50YI3Z-hRtfrX9UZ9Ke-qOKAug03jMbj8S233VxlbEYKn7MhvfWQ3coCeiMEzbv3HVkWsiXY_NkBPzHQQJeBLB9dgNC2F9rrkxn_CIfGN__5mVr-sRehMeW0rFEin5DroppBzBHCn25eFNwlwzrpdZ0lCfVloKsNHKnd3BSQTFDVqU6dznNDpTF9AOSlGvOeZBehGbHaJRHXk8r9gAbQ7AZswjeceLtFoEuZqJ2WSKK6nB5inUi77qH687Bb-RuqKWb4Zf-4nH039sOPlJsmz9fvmB0-ECGHZXb0wbqwdBMkzWkkOERa-MJzaq8ATcXn9fX0glWF6fbFof5jIdjJrf1KU6MeUmVE6fNIPfH&key=AIzaSyB_RPF64RaB3lypfA6VvXil87xSttgcUNY
Pickleball Courts at Westlake Village Community Park,31107 Thousand Oaks Boulevard,Westlake Village,CA,91362,34.1589243,-118.7986955,https://maps.googleapis.com/maps/api/place/photo?maxwidth=800&photo_reference=AXQCQNQCuwLiAc7dnyq0s5SPI_XizN1T82LBgI6AGcYFK9KTLXx-a2eLDPFpkgZXjXNo8obzCfU4kpVp757Xswanw0kIyq6h71ET2ijBuK3_qaZhfnh5PBZdpZguuhGc8eoD-0NbznJ_oMXgU8cB5oqiCNmBgOqbaijFoGIxfVpPd9ho3nINcRyrYsOCWTmuLmALH_DAtFar_Sd8JSnF78XNdttIgnBcJXJbvIgbJ2Xx64VeUzW_DoYXCnaIVDbe1hqfMlISefJb8fWPwJIWncDxLTWhyYOQUmL7yBjmF7MT2qQOBSqSQkkfErVXHsDT4rbI_ancG1A2gBuP-mFrSEwbq4944bK6xnqfJDPZmNMAiXNsp32hGr2P32tAfAmiWAj-LhFU-Iqb16Y8EwsS7b7owI55WcjqN71KBz9cUW09Xir9se-9cHIFHA8Psh01JKxuVDl9T5XXL0Mn2aoudxyLtiaB2E48KZoJYGXeQwMg-3Ym4_JHHgORztPG8-qjuf3WthAkNoW-4Z3RlboywZF-jykVrrVQ1pLiyy5ZSc0q6vISzqp5eeWCD2a_yaWWGNl8AlXVlOq4Ft8ZzjPHaVd0kxRqnJ0ExTAe3dl1WoqS2JXP7_jasytpv46rvt4qqcqMoNy_5A&key=AIzaSyB_RPF64RaB3lypfA6VvXil87xSttgcUNY
Triunfo Park,980 Aranmoor Avenue,Thousand Oaks,CA,91362,34.1547432,-118.8447512,https://maps.googleapis.com/maps/api/place/photo?maxwidth=800&photo_reference=AXQCQNRF3Wvvl_nLqRXdrm7uLIdd1fWJfOMaDHmm2KHI7oflbHiEE2FOXAieLsDRmYS8F0Zo9Pn5uKEHz-jJVUafVrnzOamRyweCCNbjYEVarUXR78GM7NCsiMayefEi_NnC91YmaLlSnjV4mqlaYJTA0OI4Cz9GwQSwgm_VSkaRgwVbghqfYtk0q5ZrY1bu_tjq2o5dGmJVvEiAGUKQ-81ZCbO2--JeohszudnF3yJJcObxYmxzirQepMC0I4a6O_v8haSK_1zafcvM0eFFnb2_ICfiS7gns8MNdlurNOtOf_p6IflRfW36JZOIO_aEjK_0wQDZK00YJq4HYcRowLLZnxf7tRyjfiFrpSefOGB2-4rilDijbMpEFuMUdZQL2lTF5O1dnQVeWQNgeTPk3QgpBU-Nf8QHhGk_7QBQeZTD90qvkEmvpJhNuD3crf4aLhLUpKwHuP37lXTvWsV8yZ36kmAhdao-D80-ReM0plly_fpPxxxG_gVSGzb1m-bs5w_ixNfVANfF8qnpsUevRHJ_GA-2nG_ECU6sIFc3JBAiEfxSRlbHkUR9azJabsL7vq5qaHeTL7geIfiq1zV2GYMjQdRcLdRPNhbXTsiPThPyGD8Gs-ve5APCTlCRoT9sPsDFxUUHLA&key=AIzaSyB_RPF64RaB3lypfA6VvXil87xSttgcUNY
Mae Boyar Park,130 Kanan Road,Oak Park,CA,91377,34.171977,-118.7578805,https://maps.googleapis.com/maps/api/place/photo?maxwidth=800&photo_reference=AXQCQNQ9sNJhmhDla2f7DY2A8bOTuMGasHmUv4IA6QUGxkboD55x0JNVk76iT7Ag-a9KditUK-s68kM-ltBkHSLgOFnRy1A2f3FMIFkKS40lAXjOeOzKOH00fGzJrXGvCXteXFntlsLeuXz4hFzvf-GovBfd3feha2yj1t_292gsln5qp9O45kIY1q_P8qoIHNC_9EwdRgvfdrPSZZkex8HDxWywjcSTGplzRcYB2m1rDKUlmzOYRECLwUBE1r9cpf_hdqy0Br6yWNS35_SNhWVpD0Doe4zGfPJroQ1N4ECcFgQzyhUsSazRs9FrVMbYdGSvWEdCwzWlD3niIQomceDJ58eIS5fgG9yvtsEeRzcSgPdmwdEKClN7IYwnJ5z3NulUbR4GIBwy6fzWO8N6_lzigWdl1DSpgpfxfIfPCnXwl_I6LiZ_d-6NQf-moLaKZI6EitPOhThKFGqIsQ9H8BSg2_45Y7KWLVMiPUWaCZE9HM-zpXQ9Cfa9zxDGxONBp-Mo9hqpSkTjyO4hYeqnikWjbLzuSOt5nwGCKuB9XvQoomTnnKw0zO-sIxbvfpGnzXAvp3UYjUOlY-HBz7wIkhrm6LaEhEG-Hl85c7PovJa-BfnQuLO4XrKZ8fNXS01kP1SsrzsW2g&key=AIzaSyB_RPF64RaB3lypfA6VvXil87xSttgcUNY
Malibu Bluffs Park,24250 California 1,Malibu,CA,90265,34.034129,-118.7033203,https://maps.googleapis.com/maps/api/place/photo?maxwidth=800&photo_reference=AXQCQNT1QqUBWfr4U2yWrPeU-WlRwIjkUO0bLSkddqBIucqCiSvlkMp7wvo7JJeKGh47WSfJREw7BYWz9q38RLo75v1lvehR-dn3OWSOG3MQomSXajzgWH4_U9sGYaFh73TIAFR7ebxFMDmaIRzheQX0jRaMkuMxu6QC8uX0bH2QXzQr_JNxNEIfFa57_s0akV-5D-X-h9dpnk5L_7xdPWUxuRjpbDBmYWaCyCpw_ptVmzHJ0mZJ_X1oURYp4w54MMJ1PLqWXVm1GaITAhVeZCV-kuXXBcLszehbkeBq7-RMJ1TzGf_St73UcGXfRqWLiFRbE9oEEnO7qheWGFEbRNIObEcXndon-_Ywk5KzZ5Nl2fOuaHhI-U3QlUS0zyKlw5u0ZvbKn6KoLFFrVh8FWz9ec82f4SHArEMXE72GmK_ZnYm57cDcbgkxPL4fYbPqCZAXVPr5OcKlIZPlltIRwEP0ndMpe6i79RZM5zTzm86Zq9N9nd4fQVqyUxHCr15TUbGraLRR_N9aESYS2Su1CtZc4gS0El5xZ8zWPEqXiu21Pye1e6m-HlZXcyDOM21VWdKedM0hluDsGY9jGPQTfd7t8l_ms5qxKofAbR7aIOtwfwRP3DkqqOZLu-kF5J1sGBj-hBpoQw&key=AIzaSyB_RPF64RaB3lypfA6VvXil87xSttgcUNY
Agoura Hills Recreation and Event Center,29900 Ladyface Court,Agoura Hills,CA,91301,34.1431961,-118.7752914,https://maps.googleapis.com/maps/api/place/photo?maxwidth=800&photo_reference=AXQCQNRZ20nHverpkzZx3SQZENMdk1jq6J5UNYQJzEPCMehSv12ua4EPvo4Z04YBe7IxEQpH0OdOTgdYvrer4vEQgDEeLaQv90z7SqqbViU-_sZyatXtFYMJpDIG4tUQiB1kuMRninY0ZhSCtvpmUUWtdCcI-khOhC88igB6wLP8FdN6gpXZLhaS5IHSUUJfYN57lI7jrRb2ihNxPi3WZbjj30ybH2tK3WFqK5aakcSjZIU-w4psF6V_c2cCUFm9wBzw7d9unY-7aUYTERNbzJ-ZltYdY50zQSNBPALUh1K3-ktZFEqPpYJhmeEXAMVgvnDkhJJ8HG43zyM&key=AIzaSyB_RPF64RaB3lypfA6VvXil87xSttgcUNY
Alumni Park,,Malibu,CA,90265,34.0367194,-118.7056119,https://maps.googleapis.com/maps/api/place/photo?maxwidth=800&photo_reference=AXQCQNQM4afTY9UMiTBuYYeTVo--6Qor-ZHPCQ78AgS_HSVDfD3sbVdy4SPw3xX8egTeWd0iA4JdB0xSK7OAuV8ke3GAPhFZavAb3gmUiyo1REqR4eh4aTy0sjMsZHzBGfbBWHQUDbhEz28qRmoxpC4iBt8qA9zaBC3AIdsHH51gg5sbSory2i1C5BqnTAJHjVKYPcJO_lB4g5p-HViJPgywfJvSCR6B5Uq58a_OgXJZzuFhDBULNJ6ZaNdP8z0DUAgmf6fBeYoxhe-SESy3p5seTt-Hs3wL64shy53I9BaC1RIx_1n1dUwfducZOqVyuhxb0-db7vhpOCemFgfrEs9LsZ2o4NUSdRYGiYVHO0juyhzR8R_jqICycrNxjRalaFcx8WTPcTveBS6bAlOzmqRZk7HDbQRXhPtzx6UDcyV5CpHxq8IC5lr9bRNAIAcuFxINpOfjJjF1xsdawq77NPveXmfZwQVAus9edPXF7So5z0ewn0J7ZMOAOAycFtzNQB7sQET_U5qJZx4JAZe6INwKCJbiFjsEhe-de_Labl5mAHKcAJ7a0Si6f3QkWRPuqXHGC1E-8Uie1zi3j7at_m3Pg07vxvCT1CwAO0jS1XqpFp03V0mubgv2OTK6F3tZ-B6goA4eAqCv&key=AIzaSyB_RPF64RaB3lypfA6VvXil87xSttgcUNY
Santa Monica 4th Street Pickleball,1318 4th Street,Santa Monica,CA,90401,34.0171227,-118.4963901,https://maps.googleapis.com/maps/api/place/photo?maxwidth=800&photo_reference=AXQCQNQ_vu9HUMRUJDtwmwVM_-CTJtIYse-Fj9sUBj5YSGRjanKMiI75LaPprinXHLyv4OvZ6_peyeRfZB1DSAGoBU_1k8hzOr666uqDcFjKfShmiLiyV_0D0u8iFDSFKX3H_zYrhtVZ2oSSh2KgqCq-Egb4G7n5fmy-j-0qYteA-BNCqq7mB1-F97-xR6X25IMuZw3CO4tBDBfTpnFVmWJpKIhfYUPV8xys_CaMCkuzzeO0rdOpjszKJNeX1Y_i7YKcv6yufbcTf94GFwULNYh12UJClo-2-zENPnUGihur_BeIMvxvH3EqMmHpfpi4GT9yIdQ0cyiwXyA&key=AIzaSyB_RPF64RaB3lypfA6VvXil87xSttgcUNY
Santa Monica Pickleball Center,2501 Wilshire Boulevard,Santa Monica,CA,90403,34.0355594,-118.4783188,https://maps.googleapis.com/maps/api/place/photo?maxwidth=800&photo_reference=AXQCQNTNscrHZ46ZmCz97uyjWEOUr9loKvztxEBSCFLwYh8GQ8AjA37_tCY7KVJ4gDG-NuQyvJ_y2VcOmJR6a_vzoj5_DuwLdEoWeFcsyLl50vEPuOsI48xDOBYfP1rTLAamJBfNQBe9EMN3aGfDcc4XyP95NNUpYePPFMqABlMCuEF51EcNDvDJEFxHUW4p7CJmUU2W1TMxtP5fSd7rhdyj4jc12pMnL3qHs8vDgxXDFqCHf3KPWPm0e9klkgevIkBybaCcJ4-sHXpN3Xdwr26FsrQ4i-MQ0CI-3mTM_u3gYslKbOFzz1G4r4SXASEV9tcH4_48xy3v8vc&key=AIzaSyB_RPF64RaB3lypfA6VvXil87xSttgcUNY
Calabasas Pickleball Club,5155 Old Scandia Lane,Calabasas,CA,91302,34.157411,-118.653778,https://maps.googleapis.com/maps/api/place/photo?maxwidth=800&photo_reference=AXQCQNS_t4k5QHjCeMN3syEoowW2fTgOqtNYFrepVFLDA-1-sYrB6Oux0c_K_XAGUnv3P2EWuwskTqg0OVsfZ3B12F057T6n-DAbd6yT_99j8tfHKRAmbDGnd_a1FM5poWxklidtlVWpHPSqUO0moebxNEvPcXlpfX9drMhkK5HdOSRzOuo8x6ILIBySpcB_WxUyXTNRyarB6dBEFsZu0Ml-3gL3DeGc0yjFnoJDY-Wi9QrYNoiLVvJurs3XtemtwBGKCvgqdfjbeq7nd_oxabDrl7cLz3cCodlXuBUXk5-VL97IG2wSSBo3FxKookhSrF4GHUH7Fn2QaFJHDoo4VqB1H1ayXeohqF4AdKPYJb0xhg2hSubraWd0m1gh9ePvJUynOTFX6b8Ao5K5vrSj4Ii6gJhNougEoAzMppB2LCSc9mz383ic4dr0QFcemO0NqNN1mvwSCakG4qZEAzpEFk4LwrQxDsWDFyoZ_AeuXhCqlSreISpxcf3cllmtDdoFNpjBmk9w_l0qadLd6TNnOrM2ATAUXRxn5n0O60mIl09QVXbdR207taa-8_qKKryYzpH2Z0PRW5TdrcTe3rmS3hkEfYGxJRrGgXPOE1fdS7Wl4yIEugATEJbGol768HA7pA5htADawQ&key=AIzaSyB_RPF64RaB3lypfA6VvXil87xSttgcUNY
Pickle Pop,1231 3rd Street,Santa Monica,CA,90401,34.0177192,-118.498333,https://maps.googleapis.com/maps/api/place/photo?maxwidth=800&photo_reference=AXQCQNR2_XpVBHeyZPmVUBDpYriDqAqh-el2Yz44p-e9Dq6A95PIFpeXiNukI_NIMAV9FFJKCs64M7Ydv-kmkOwv4pnj6rBit0feXGCxNgszlJ0qn_zdQAJLEAz4jvVQxvkrtS5pZ_ul4hWG-W1h83zRXodXMqGmT-s0W1fMuoCDA4pQ2e0TGe98p6xuqYfjgK9nuxSLElenp9Ip-XD5I1jmJBmsvA-i00GBOI_WjQpzWk0Otzb_u5Op9TbQ9AYdD3h33hHhSSmbHrEKcKMwHuQK7T0Z7yS17rTYXYsUOhFOw4oeivDrmsT62bZyQ6ftJr9z4whslefHmTj-pflQ2er6lfOIyPZ_BR4pxVidjreQO-qGbz9Ca5o5C54RyGpX8dQ-WpA7cDwuv-VgKGU-ny2xKLCMSM7yjKNDGeOlqjFjZP_Th2pYdafebCihHAaNL8Mcf24eEEfGPXpwwkzoy9j8gy0sMQukj62Us6xq58zYmwgqZl4T8I6-QxC0teOtMC1vkLpUIop3o7ZDxJeC1vmbdYHAsqHazEVQ1R5DgR_RrXRi6oceWkFzSNplSe-Y5Pgm15KbrmhnI1htfvNokJ-xT6WFLNqhqicNPqWlk4Dkbud85JLewKroT2Ud2Rdu8aPp&key=AIzaSyB_RPF64RaB3lypfA6VvXil87xSttgcUNY
PICKLETOWNLA,1431 Lincoln Boulevard,Santa Monica,CA,90401,34.018921,-118.4903651,https://maps.googleapis.com/maps/api/place/photo?maxwidth=800&photo_reference=AXQCQNQIrijTfbNAVsSSoBZgg2TKX8as2zEzWuBe28qsvbqcb9I57soJL3kHkfK8wbXDjIvge-VibOl_W2SdJjE8Iod49pmOs57t6YF5noFlwbyzt716MRh91_FutnP1LdlaM_3R0i5P0M7briIhGvFkccBrDL5EBbVk_hA_agYc1udj3SrlEGoR1-p3Cts43bCuSG5RAgmYaFL5GyIOiZWEzQlcVWV2Vgxp-BpOpWiMXjyhlEnF7NgvDE7AcmdXptDUi_b3umjjmRfLVA5AxOXuSp-yxKanEzHgOltMxqi4nPPGz4DEzg3sklpqBDY6mQF6UMbGrEi6335fI_NM1jgc77zh101tyu9NreO2Zgdvsh-zVZ0rjPo_GHPFUBwNuSpWYlOtLN-5-ahfXJYCYHYXwB2KfA1YcndTsWfWcxflTFz12fVnIha6yoOlAFN1-o7E_YfUcUU2HoJQqmlTCRFaJGS-q5nQHyeFGtrHZOn-rsahQdDvPhVvPEQ9pe7zwZIm8xqaZGjLrahCR33lw4-z7ww6QUeLU79jm8dznvgueUth2w5d_CagohbDQhETxZ-Ty2krJyAVRg8PyKXSWvmX4dOORp5AlpwimuCK8UudP9EfFUMLFOmv1ePeABYDWtP86UoNYg&key=AIzaSyB_RPF64RaB3lypfA6VvXil87xSttgcUNY
Encino Park,16953 Ventura Boulevard,Los Angeles,CA,91316,34.1609105,-118.5026818,https://maps.googleapis.com/maps/api/place/photo?maxwidth=800&photo_reference=AXQCQNQ7zsq_cxam5d_x5Z0wyBEgVhDlEEGcLA1gX7Mq5D81dDf7px4SQVslqKsdDaF8BESnMnydlbjpwKIoJXZj9gXBxipkbTfVGAYjVO45Hh_A55HCiRYNANdS8rIqoNVVib2Y1_HdROOJ2gkFLKilMkE0ZSIMZo51EKRiIBMZwRF2NFHjzseTovDQs8Nd8FNvbpUTohN7nlmp8ikGNZTMKWXwA6vwH4h-B8wENGL6ny2RYlQhk78MBh8pwEtgmKLYrxeUsKOOYNqDzF7pM9rfZnglTHCfJjavo52zM-h5vXGz2LMQRstzRk-BtoWvbsTZoEZaiUoreMhG0VXniB_Cv6EMmDcIh0znRL_EODHAHyjwjLd0-RkEGt5aIAzNj20cCE9P0_gCLnKuFte3XGuGeu32Qgo1GNMU9NNgKA_YcYMhfIFTzUiD1cTIAFTvtZ9-_qTEoeH7FO6ikVfi7PGn3KTgDqF92_BG32maaoGal1Kd7reKXd0Ldk2-6AX9jz164MkpaqJONYm6exSIZG91ln0OG-RCvS8FHi0XhW4uRsGGxmKnk1JvT8t4VI-1Hk-awaMU8NROMtN2lhJZlXxak3rQsByrwKu7XKOppFS4UoLyYelJ1V73O_ecGUqKPsM1&key=AIzaSyB_RPF64RaB3lypfA6VvXil87xSttgcUNY
Douglas Park,2439 Wilshire Boulevard,Santa Monica,CA,90403,34.0355644,-118.4792485,https://maps.googleapis.com/maps/api/place/photo?maxwidth=800&photo_reference=AXQCQNS5W2oiTQdG36Q3B0hRGJPicO4WW4INOeSMmdpVC_SVtcvR8ynFnSXYVqsM8daASqevb0Ft1Bf_AKcns9h6lN5vHyvKUA3-uuT16_aQWfcWcAd0n2u47X5Onccy_UYLlzaRa2FaFNdNrfloh6NouxfUbERW7_vcfXABspFfrIhzx1N5Z0eGyP6s_PsBNs8w8DLtjB0DjmUIFq69SKhCwv8sWUmf90ENAHQx3whKimWdqVnH8raP5QrfIpNGt2kYBdy6O_KWD_Wr4Qccld0aUo-X5sSkwFKXyB0oJQT8izTfPLArp6kPZvtQUSCL1-QczjZRDsRTlm5w1e-6H2HMZrzARUBcZXPAcTspTBGlqTwzTb0nYWvAV9BcXynG3wxMTHs1pz1G2scmjtmXEigBrmt4axb8kbjBmto1xNndICS-1ADyf0MRbW6i4Z46wPWCUu5D3vtSgnPGFUiebsJDab55F_FIK9yZ7epWA8psKVkgiaZTHlilmtUzaG3oFeuRw80uUC2SnWSYFAzZjpLrdfXuL80eEpsJTqLFRvnRbIiDh9w-XhwpsObL1yNgzV5M6LIetDcLpgwpFUZmurDmW2bg2bAl2-f-OrMGGsOI4e9CkMHqopVTUU8J3TNw2H_quPunCw&key=AIzaSyB_RPF64RaB3lypfA6VvXil87xSttgcUNY
Memorial Park,1401 Olympic Boulevard,Santa Monica,CA,90404,34.0211866,-118.4804285,https://maps.googleapis.com/maps/api/place/photo?maxwidth=800&photo_reference=AXQCQNS_olixQuPVcbdtSRltnlGKRSG8aeijSgvKw9Xwh2i6OoEKsebRbXk9QeeWhxYYjySxN1WYhm5Rnhov7pMCzG1RwSRTpqh8Bai02HDHL08LX9lBDMxHPJlPKW_6UmdiqIIm0nLWX2bGygqYQoLRylYUhfgGe1ReGJHQB7okyveBgxDHoP-3X1U_YhZqpaVY3XVb_bcQMV9wVEjKkBIH3NVcf5xZuhMBM_EJ6tgSn7Kex0fqZ0JHsJLN2GebMCR2ZRhBpzVjJjT2zPuMTuym6l4KvqAZwR2PZEiPEgtJDn_q2EBOLld8X0IEYy9G7TeRtaJLLdsbu6BsosjxNOFfqP53io7-whH098Kd99wYwdqDWCHJLzC8wNv3iSWEfyFsgzjdkoPj4XkEXGZGYxAXBFBaDZANl74cOrnsFKJzRBxrs_uwLuSqZAGZ0jNa5Ni4awADRoamyrPqyeZmohvQPX50jNLGtzHsh1QaAGImekRyTD9bcVt8IfdBlKy2m0NDg39h6xi9dr-U02ibjgHCOXTsQBJd4uZOQ_JuHS7w7Pf_C-UrHg_k2Xsk2yrxKBL1PPheEF70Kg1JRuqhmxxSqRfxqUEHEpEz_6EBu3lo9MRojTg5khPDyLczzC6mv-y0G7-e7A&key=AIzaSyB_RPF64RaB3lypfA6VvXil87xSttgcUNY
Venice Beach Paddle Tennis Courts,1900 Ocean Front Walk,Los Angeles,CA,90291,33.9850276,-118.472445,https://maps.googleapis.com/maps/api/place/photo?maxwidth=800&photo_reference=AXQCQNRxOXTcvt1RxXlc_TVodXgYN5hkcvZgYtvoZDhJeJN_JL9xY2vmqruUVhQBRJGw3YQirsPqWUQ6Ue4Sd2M1Cq1JJEe5Hl9kNwKvA2QCRMPvCjvwco9psCesU-dj8u9NKMBemkXUN1pWKPr54325ifX6wg1L-pMci1Il_Kq-fW7Q50dKGm_mIAG5TdKaOB3JbAQuR17aFSwedz5CvFMCsekhjmKjc9KHAm_GRPQ-0a1hnWGHt6PiIBq6ATrLTMc8teSIWm6xZhT6xoO-YxQixWUChTmK-OOyOG_rsyzf8dbK5cSyUCZNSWSOXLdK_M3a68MBOTIQ7XE&key=AIzaSyB_RPF64RaB3lypfA6VvXil87xSttgcUNY
Ocean View Park Tennis,2701 Barnard Way,Santa Monica,CA,90405,33.9995971,-118.4839514,https://maps.googleapis.com/maps/api/place/photo?maxwidth=800&photo_reference=AXQCQNT5ZDdMn4GB0Ptd_wnz0xkHsjj0RGP5vOVUiH2AgxKvXDwUy6YeGDzulS1KT15kfxwvhNDw6RFNWismhP7eXZOrisQ1zVM-jRVDkMB26MIWca2L7tEZiwtHGgDbxxLOwK_z__CCc9j2PXDrLX86lJRnznkZOf_vTds-7GNiNfvNIzz0zDwKnpjHEZTAdzJc1KTFXnW8lCwfkQNJqRikaNotn3WStevh-aHdVLev6jkuXtYq8gU0LzuK30CE78Lynpkz4hVtDprIqeVZAWpw8SFHmAihR9hzEqPzhL-XbVh11wamafmws5YB4gNP-qQO8QuKodg0juBTdUV2BgQkgKZ-eRNM1Dhz4mBXdhvbppLNxQZ9RU-fm6yBj89HlcVR8gqLNplUKMux8c7op9xj_GSxsx-N-QRQ5flVFn1iZWArYLW89qB0RmN35ysw3pqCmpfrWefHSFkW80rKpBsQ449vq942jt0OIpdRybQCo3ank-ayZ4KgHsxZ_awtyVOYpBKUjg_VIx3aVDFXVuurIuZujfFArLCS2gKTwevWtwpEiQzlG80G_e-K2aCvE7omkyV-EOj9TO7rhF10Eob8uE0n_Q3AbOe9uth5q4bhovT8CCh9xEBYod-IhlEbzr3_8QNfOfo_&key=AIzaSyB_RPF64RaB3lypfA6VvXil87xSttgcUNY
Calabasas Tennis & Swim Center,23400 Park Sorrento,Calabasas,CA,91302,34.1542095,-118.6387796,https://maps.googleapis.com/maps/api/place/photo?maxwidth=800&photo_reference=AXQCQNSsWXs1n8NjK5cml4XL8FX3fKolyAPn_oOKkw0oVtnKT1rP85IJ0ln9hX0X1BIhx92WnM8Pv9ZQT5D2aSUT_YV0GgaifNiu-j21xy-neyvtB5EUGBlRZ5n9oBQz6g_JHo0B6MXo8Dmp2uWtiufsrxKOY5x_njIxmw-Yex_7e1Zsb-dpeXV9WM3O4xCqfAXLv-cVgcct94RCDQfB7q-n4MpOzEWHwK3vycPPYZioZKewGfPubTrcX8BkXprYBUkrKJya7FV8RE2mqZ9uV1LKEM1Sg3fDeZy32QR0K0HwvWP5PQiFFtwD78P_jxohSij629DJlLgioa7CHANhjSEYQ_5sW7qmRR4JN5mI8OBBrf0rpMvZdT7fYv7auMn2ZFHEw0kJLqYKqiLL9yWByQAw0CxYBX_OBYeT2fLS4BOAQy9E1q7bR_BAfPRxHlGuk_GknGgLeaGrmJVTq3MfIlvPiklLRAaef2NUaaY0x3EvHn1MvNHkJfsQpMJtdYXR2YXC-IbLkQIq9V626reD81yBKzvykACXI7ayPEjZXeMgR8hT4KReoIVCLuLCl3EnzSO4RFlSzUIiFiHY_DRekmFpBTapypn-rh7ZLFBQznVwnc5NVI9cb4K73i_EuO2BGhtL7APXTyTw&key=AIzaSyB_RPF64RaB3lypfA6VvXil87xSttgcUNY
Santa Monica Tennis Center,2505 Wilshire Boulevard,Santa Monica,CA,90403,34.0356512,-118.4782187,https://maps.googleapis.com/maps/api/place/photo?maxwidth=800&photo_reference=AXQCQNREFZG2t3RdeLeOC2-T36rMmMsauO1cfCb_4q4uoBv9asJ4hYJkJpfHKLS_9x3H3_LYgBmnLSEiwOVgjyj_P3NNpxnQlxMPOC5mUnrSbxEuUug1yE2uJkYIK7OIOeWsIZMjSvuudngW4NKxqLjcAW87xLwhdq2ZP0DqjdOk9I0R6JNvqVAas7Po2FnAHJcM09i33PbKNG4YMDvL_IauPMEVlhL864mQ_PU4QoG_yuD_DTbh4H2o7_JLQXLTpdNLQPh_VEYFq0MBcgr-pex0jX_PZN-1v3aC6bOd84yrzUO1bfxu4JmQxiRDAkFBCLzKn-d1h2PizFRV8uoJ6kpuvNoDz-TafiuDOdsfAgoFdx_KDv5PQLIMZfAF-QFvv5olZtYhNKPxSR28cabS9He1YeWH21IeoUVYRDAlBzdBvjVA7LosBuv8vPlJrPQZyTyXCTXAfDWbERs09Qsk-iAs6A6sbkyBID5uDkxyDBskrPUS_9ZMa275jbYSpisE4qwNBrXoWdmdYgJ_relDJDR1wGVwK_nSKW9PBVnN7jFkypaaXHeDVBbgB3kt5nEZbkXQ27-_WltS93C3z1r1ipyOJXpvkSEXFAXvjlXrP7oSqEoAOS9iLgcv5sOgH3d9xuJ_&key=AIzaSyB_RPF64RaB3lypfA6VvXil87xSttgcUNY
Los Amigos Park,500 Hollister Avenue,Santa Monica,CA,90405,34.0063589,-118.4814249,https://maps.googleapis.com/maps/api/place/photo?maxwidth=800&photo_reference=AXQCQNSpV2N2M_6DYHn-uI5jS1G8Tbr4GsaU-7uU6__TifpJweheGGrQpiiCcxfixF1GvqeGT1ysa3hO06xYaUUDa3FH1k2oV8G-S0n5pmHJcKDgM9ngTz5kZn_8eWmaF5jFDdyOtjUxxLlciIXwoj6YURI1qVMQdEVFlEeBQXfm5a6ERMVoJvlBkHTKRb5NXNyw98cWb5ep2ZEftKziL5XoV8N_SyXYl33S3AgYW6ypFeL2Bt2F9CpZ8hhDKTDf1xHReGFN5tX9kWvcXQ66rCa2PJ7tnPAuU0HFiuEpLZE7PtTyLWglZxuKs9t46QEPAp300nK6Ye2vHPlzykYV45D4_n48tNtX1Rd7DGQ5R2vehlA8FG0R4_y3UN1rONzlBE6gezga-qIU0ockFRhmEOU6ACTc2YSR1hIBiqLpXpmpORLUIflFbsFMmyd_l0pao6r-jRPjgbyD-ZqC0uA4k8fypeXyBXXxzzCiFuNpPTeA3T_vP6jqX46AUI8Pw59BSx4rkkiRN28Z8UmZ1Ed3F9xtW6UHcArfSCH9DQj_HcqQrjQNTLQGb6OPCl5D2UPIm3sM4ABZ9J7O0csANj2ETKuC6ZT-pUK_OCRKd3aAbDfUke57nDP-NR0DwatDK0fO-bYAGHivxA&key=AIzaSyB_RPF64RaB3lypfA6VvXil87xSttgcUNY
Colorado Center Park,26th Street,Santa Monica,CA,90404,34.0312162,-118.4727715,https://maps.googleapis.com/maps/api/place/photo?maxwidth=800&photo_reference=AXQCQNT8qP6t_UeZ5r4Dy6e223sDgn4rBEDVRn_oNyzt09XjTjN8rxfE4ynHoDR-EGMWFjhwKcAYwX1uAh-mFmG96Ol-ylTjLTyTshIAxhfCZyrc6UPN8oevxBtTHcRtcZPi-UBlFTh8LB-qfJ62lcMeXNr_tx-dCX-hxL11ROlUXLVd0g21O6IotMmXep6FkEHfAP-_GlyGZORiQhIbyjWArwkGPnuFXgQ1datU7EZ0Zq311Fhn5XDyPDbKu7k-HRJkuSertZwjg6e0GBf2LYE17srnm2odNQcn3BvASnOnOJb0jYE9NHYzXwN2he0mpwy_ZBXu1pLHeq6p-gGeqs7OcIV6qTgNZg0_Dx8pEaizVZVXzdXQ0H4suKX3Lt9RsO0060KygsmvmdGPdaZScOUvvc8jyFVmauiCvSbnZeXu6bGZbK5IbjumQVM1mh2e4V5m3OnGFQ_4Wz_kZRIBB681WZtrcnswzl1Xwe00KZ6Voy0TaG5u2k47e1PqvvUQawFbLOTVZZpDpbRpYW83_Ndng7HCO_5zSv5x9KR5Ecj_4N55YxZC3CsrztGLT7GUp2AosqktKk8LKYyoP-G0qotuwj7RzZoGox6BD5zuKrkzh3-xPHjWqYV4zrdAKHKKv4EikJhENQ&key=AIzaSyB_RPF64RaB3lypfA6VvXil87xSttgcUNY
Encino Community Center,4935 Balboa Boulevard,Los Angeles,CA,91316,34.1603413,-118.5013743,https://maps.googleapis.com/maps/api/place/photo?maxwidth=800&photo_reference=AXQCQNRVpsLDwXhnBSwUavhCh1c6nmaFcqD5vrvpnIZjary11qnDhQid_N5rfiu8I5mli9e6Z12iuCW0WjTsnjPqpNYqt5UZvGRnOkygTmde3IpXcQ1J3ujxmjyfkWTU1OYAMHdX4-1mc31bIE1tUKynMLhDc8_5hx5aoIm7_e75f3zKbADHXrx0QxbDgS9x4LsvFmm6dgnLjWMoQUMBRVJRuk6CZFSVAF3PLZYh8jqvL5nKbemBTHNsc2S_juT5f-ZV4uV2ciMAMcJaEeSxBEyEU1rVIMzWHiZFJoKeFF0JS7Z2kJWMF7iV4fc0nc-QgRJxaI2WcEujvJOmB1GcBtQY-egnuL3SJ17h_YynrR0GctdtaKkQH3WxKPT8_Sef5VZU-z2h7aXvGlHW29UOxI4a-JdxiSvbYAD2Ue-xzTrEppaD1dmWAxHt93u_dYmNaliEJ62R5aQv1SkA6_XBlu-7Pibzvz4amJ3jykbyTkZRXXDSSIWJ0mxY8fR8d-mAz1K7nXyX689dAAegl9skQYMj-vkwAAoHz8JcjOdKMSZb3fMwpJSG2f04WmSkkiO3cK7w_pVcUjZmueHCeFfpBR3GDVrRBNw_SQUIS6KUqtiL5a_bHDmEjOjp0SG3Ybd3oo7C&key=AIzaSyB_RPF64RaB3lypfA6VvXil87xSttgcUNY
Venice Beach Recreation Center,1800 Ocean Front Walk,Los Angeles,CA,90291,33.9856398,-118.4728121,https://maps.googleapis.com/maps/api/place/photo?maxwidth=800&photo_reference=AXQCQNSRbn2XIoDS0m31G6GtIDaTKiKhrPqJFy4QBFiR_V7N8S87Wyx0piudBThVusIzJm31DvW0BP9paKYXS1SggycyM8wBM3DZo8OsJ-gDZEvbgZTtc2RwHlnwdxcmFWUvYl1dt6VEutVZ-eeqC982DcGxo7pquBz1_hviV6JA2Ka_Wo6DMN5-ahKt7pVqgbePHmEoOBOSQ7o0GiLHpoP72-IyIIM-HvUk70IQqJ5DhH7_C4poqH1gUpjGH40WljQSJn72yv2LiG_OOndUaTX7KbOKLvNt2BDFFckzYxHTMimgd3vfGo76pKeapCqgaiUDRxjDvvAYMqxFW0Dc0AkkWajGZ_9EK1WSlUwyTL1zeOZJgDF8pUuPA9aBrTpA-a8OTHclSpbzX3deVSVWX74elqAQvdTuYoRjFCOFz9mnImQvKEIjm7rTG6UP87QznVjlyqlUabLTxvonywOm_IdxwlP-Spa9dpYrkYf39ZHpwpkXrVIYtfebyOq6XbYYSFlngxe93vCBAh3A9oyRKB-gBa__AimrdjdISqkYToGl796OoTMSGFMQxZRZot5zCopC7lCA9LtgGHEUTZiFx0e33-g_GIdeIu0PZnSHdtMowdc27ByvQn0hWlRG5HCOkBp9Tb5OjA&key=AIzaSyB_RPF64RaB3lypfA6VvXil87xSttgcUNY
Christine Emerson Reed Tennis Courts,700 Wilshire Boulevard,Santa Monica,CA,90401,34.0220162,-118.4954697,
Ocean View Park,2701 Barnard Way,Santa Monica,CA,90405,33.9989112,-118.4835517,https://maps.googleapis.com/maps/api/place/photo?maxwidth=800&photo_reference=AXQCQNTs4qHsLe0rvM6qyR1AIWG4iGxwRlDKyg2HevvQlK6Nl8PeHyw0fMwlKEbS8h4K-MrArVNNfj4MeRi79WpPyUsuPzAA33kqyCTQB7uIViJfzqF3yDYOJAEeWC9wfmN-HYl3BfL-TXPRT9FZJsG_V__m9yf-AsZGbsX0QSOONzK7ERAbrgJEJ03gwUYQPxyZ9nM0DjxWsouDh_ZdYh3iroSZy0RIN8SGqxzTQ9W0PWHR1V6cze77tenVgGPp5ae8NuLEKEBc5aeihNuf0RxDjzQAqkGgW6VQWaYAyjkV9V0kdg_OVM9Aykb_ZPv-HjzZX9CUpXUHA3dD1LNHnLSVrOvJLCoQCxj1jYiOMA_bG91VQ_V3pnh-iD4bRL7Z8bYzyO05BaGqFCSygwHmnAVjuw_U6WbAD_r7UI0Q4_YgG2mZ0SXYKpwWk6GH9AzsnYIuuwudBaaW6Y64iXQOTj7cPWYFcOnXxLgZqw68_MBD1hQYagLUkHMp0Z0WCOgKhi_rOQr8uowzNGcFdrg6yL4RsrrGPc9gwFtMtMD7N6nwOcQT0Gl4AgmQ5mz_ZyKBOdzd3SXZi5OsaUEMnLC82XN4cwClS_nCJzykkeSPMZjBDC0E3E457vgMIE4mZ10fUr7w&key=AIzaSyB_RPF64RaB3lypfA6VvXil87xSttgcUNY
Genesta Tennis Park,17000 Addison Street,Los Angeles,CA,91316,34.1615462,-118.5032308,https://maps.googleapis.com/maps/api/place/photo?maxwidth=800&photo_reference=AXQCQNRMKL56kqIXY5gAYcsrpdKXPEISP0pawHHcmFGKvnIa8u9Ho3zRjXTQF5jRgt7VPkAaK2fCSP2mT_5WqAGwKK85XUq2f6yKdNMZfgL7GFupJOx4c5VgGNlKC_jHeVmSj6Nn0FLqH8HJ4t_jr2CHEvwAhhfSlbUR7FomfYZcyJfJaJPU_It49yP4l8-6HS9YHc8ONE3SsZKtTPE0EZAkdM_EXefHoXExzZdygUwpmrq5x2vj-9YuykiUnS5ojDUZ9EqF1poBwhqTlMxPHaFq46C_WJFMFannF89rtXd4PftNbbhps_KbgHcBl0_2yruyqGatWlJyfve-erjgBpW4W1z5UM82D_UhfOhK0d5Xq3d76C9NP4FcJ1y4zyFIwDAWl6pgn0F5j11EnbvtytKei7HX1z8znxk-_FvFkABMhf4RuxkApRrKGF6n7oh_oYpWT7IZgIRKWu_-Ttl8zwhkxGoCYzoQom3FVi3nktzWmiRxTWOKW-lg55OMKM_6a3jxIChRHntAaROSNaYFt9Y4cVMU1y577hkOHnNjf1NbGyizc-PqZjtfw7nvisE8lLFXNX4-DcOuqExdvGAoLk9U85shsxD9LLv-IEG64FE1W6-YLpGZxJ79DZ_G8Ket-uOyq1V8D6vR&key=AIzaSyB_RPF64RaB3lypfA6VvXil87xSttgcUNY
Grape Arbor Park,5100 Parkville Road,Calabasas,CA,91301,34.1426929,-118.7105623,https://maps.googleapis.com/maps/api/place/photo?maxwidth=800&photo_reference=AXQCQNQWFmCM3t2JM_G-kPrkPJhNIXxcqyX2pNjihhXtWD8FPy2w2htmJUQ3Y1tF30ci1EPT5ttv2_iJczRuSUv4YRq8C4y-mGFaSkuKvpKh_BCi-8u7JS3eRV3f988aP9HuidvYRXqZSIvx671kLSGmmyPN7dKpzAFnwRAhmWkIEuDMRX9leku2kvYuyyElLB1KqYId1UA1hvoRWBV3cPPTVhUaPivDt3iboySEgVJXStYe__usuzw1tymIgbyeMaPlpwoJqyr4AK5SKNevQBHGREki_ZtCy-fvGNc7J4td42i7qNHOy7q7gon_KyJJ2amMfe_GOMcOWYGuPHxvYdmB8AGuqZflJzFH_Xny26jzVmz3Wb0fY-4iW2EV4YkTd7nEqek1YeBunZ9-lwC8rnTuJSNXjY0Py6flhm3k-mXtLOQI1gQU4-_wb8D4Mf1hS224ChpV-s06dBdTXjZTdBRzlSKT0NWHwfjlSyRth8s_gMds88Q-1j0XgFskVdDRUiSEUbYi_BwiaQrnPSQNJp3U2FDTlTJaWuqNXArXP65e61aagqjyQ_ooPYEQLXmylJ11Os_xd19u5pJkWuAYVoZ7Jmysa167NlRFiKQ1sa2uTdaMkuFnKMhmUXMGDJP_rRAdtTcuAdjY&key=AIzaSyB_RPF64RaB3lypfA6VvXil87xSttgcUNY
Santa Monica Family YMCA,1332 6th Street,Santa Monica,CA,90401,34.0182121,-118.4943466,https://maps.googleapis.com/maps/api/place/photo?maxwidth=800&photo_reference=AXQCQNQ0uFhd3qtdZThcEgM-VdDWWsE6DZFlTmQ9L0VHk5zQcUVUfD8j3feUi6E-gvX4MUx6iu0mCSEQcJXeRMX4gMG6LwQLJo9H8xt_a140_p440kRQf0TYChgszeoqHymz85JasD-nqbzbAaN3MRfjfAYAPBeHcTx48BzhuMMVq7uQ4c81897xNRb2F8tYXQ_vTcygAZUW3u7xJIWARb4RWPnxtdhavWGTyuVBQ2Qa7CJ7oEtCfC3wdTNN1jYrQJbf8KKNZQnh7jFPUnS2d8gOiA5bMPnVFG8OXF6Du4mn6M9RVTIt3XZH8R8D7EXXRm24NPmZXCPqddw&key=AIzaSyB_RPF64RaB3lypfA6VvXil87xSttgcUNY
Basketball Courts,Del Moreno Drive,Los Angeles,CA,91364,34.1681712,-118.5742356,https://maps.googleapis.com/maps/api/place/photo?maxwidth=800&photo_reference=AXQCQNSVpfl00TCtYXPWQOVFuCuxR4uYUavqQ3obGRZ1WcMAp4HK5m68Aa0Nwb_skqAiCxD9a4hVsqjCmu_DNkf6b9mCCdYfzLVoq-AUUT5nPs0eKB31YLnqg2pZ5XLrnZvvcZxyxvuB0FbAubZGCY_mpR0DLGleFJfxN44kK6WquORmXpRxASQqKs9395e583ctzxZQZuvkXi0jfdmISHl70YEEnPNlvpdlAtpLUlxg103dI3cgFBkS05Ks4CYHH46YHODoFYihRbDUJKMgfDui_esUCdfU_aZqsvAb3ZPxTKNpdV1BrvNokvR0pv-4vHJD8W0QPjH-JAQGyU0roI4meeLo4EIsqPseFKVtEwfPZblgMecaicJyFrLo73HnDMqKRWuTZZAOcBS5kbF1fojhgm-lzm-ZjF68em2uHa_QpD4H0Xa1amVJ6p0VqytGCI0ZitEeZugxf3IirRCq6G_P_NkDp5AdGVOrlrkkqyI0SgpTzLoPGe4UN6_w55TRn_O8uZvI0ND4LG3IJbzZlHwiRPyseamLjL3LP8k_Oxm7c8vZWNl2-enGKRH10Wb0voqhyW1Dt-jPJ3W5FH8Xa8eB2GjMu8lOPeOSpQSCyhWIkX0Tg01xNeeaLB4NnLJSWUjs629XCzoT&key=AIzaSyB_RPF64RaB3lypfA6VvXil87xSttgcUNY
Juan Bautista de Anza Park,3701 Lost Hills Road,Agoura Hills,CA,91301,34.1265525,-118.7077738,https://maps.googleapis.com/maps/api/place/photo?maxwidth=800&photo_reference=AXQCQNRW_FHJmDj3RwWI5EOZ4_zT17J5mEAkL5yLodhzQRawfbCN6ufIr0po-uJFpwO3O-W0P47aUh5i_XOgxSBAJ1UbexQ2vip-KZUMPo-hnChYyylIEjIHQDeWXjyYEoWXhkf0B7S1Bj2R4gySvl9ctvRb6Sa4OZMjjAL60V2hIptTGfH3UWDfyYM_m14kJh16JXbki3pk2oWAAjZZhUhYO4z4EiwhwS7Haq6lgwpsQR-7AWTPQZE8c4CjtnkYrHzLCAIflrLXrrjUgAQDoTT0bstK11i58PHPXekZ_VWziHSGBzEKH5jUTWuWb9kIHGizzYOEh5Mz8-kxT7dJTeuADvfHZJg1rPzPy2ApzhtWAJT2VisxRVUSfeX2xhwnj_sV-bbGmCmttLA3lO8GcQ_TSkrwn0LXsHyHMWFXtEw_89suLCK4an-cgaxPISLRBsewxfDxeKHqv8xtns-2LY9o-EkcX1qLo5fGvEGwdOUTTG9HXnd3NO1fkk1zqqq3CLtNkhqz74mu6YINIPPgTvU7ldagXRlNyIr7x9D-SUjbcHDGtEs4t4_ob8hgUDF6gvM4yN3LcrMW2x_yJl3ipix7YwC3RNLYW3C-444JWQJRSqpChFjUnYMAh76XuEEwk3greFp5DKLw&key=AIzaSyB_RPF64RaB3lypfA6VvXil87xSttgcUNY
Culver West Alexander Park,4162 Wade Street,Los Angeles,CA,90066,33.9933134,-118.4339187,https://maps.googleapis.com/maps/api/place/photo?maxwidth=800&photo_reference=AXQCQNQ3XPIRlFqD3sYvnjKGWMs5WkL9l4MWJRB3dH_ztJbXZ7xpfaWu8nD4zR5TLse9ke2H3Xpps1e76GIhhyV3wWYrsyrDI3lQUERAXxpk3orSmBWAqhKHdXTYyX6nWnreHYl-7lTvw3QDhVltgxgreBVrKjHgRueKtDg1KwvyODQhdUKZiJAc-w27vzqqnp5xfMNKPi2xtcFHcr2Tbbw-6evXv18j1jDyYwiQbKz0udUqRVTUWas8mPqjFXqpPpcV8gUgt9IaGVcJBJHzOLxCC8hbz4w2mvXiVOmJFdk8qLv4WFMH-CfzWptBRle1IwLgFTTMXcb_04MQpju8dEaPEA_jEDHLVLSQcUAnG_LqK0jNm9CQhaB4HaNR7gI540oBa-BVaXYyzMKTzu5PzxACGmfb9G-uFNoe6KLw75p_Dbjbk0GHls6-nxAIryc3LzLoDA9CvcbDK_QDzZ8-3pJkGHf8KDazyE4hLAM6L3y8aAsBeCa89R2IKdrKCq7csqWMBd2Qd42xnaf1w3qXeq07nkySkTgKMXyRE_4KZBDLFD27wFQrfgdxWeBfTMsgBqZ70J2rRm7bYCbBZCcto224Ikidg8YwjbKMKpm7eLVtA8JX3nPImObcBoVmGD-tWot6OI0yyGuF&key=AIzaSyB_RPF64RaB3lypfA6VvXil87xSttgcUNY
Roxbury Park Tennis Courts,401 South Roxbury Drive,Beverly Hills,CA,90212,34.0585307,-118.4061457,https://maps.googleapis.com/maps/api/place/photo?maxwidth=800&photo_reference=AXQCQNS7FqQAvXb70tKvPi2zFrjcDkkWowlZ05CQ9ljYu2nTARDXEMXpJKmenf9nqEX17jnIr5lU8ek-_V6M4-eP6aaue6TGW1q2SugM6gGZnxoOTPHroyF--aXnE3dVFaJPovBHLO0lduzf02rGRIFcJS32Q90kq-vLgHVHsNMId82LfqqwBl7avkxxclFZYuPngpGv66ZjeW7pTydgFB6DAV53E8fisJ7k0fqSPsJvVREBoY4uwDbzmdlUt1raN0f-NgZmwa_HoCzO6Lm1ntvsodl5_rd-h8WVgtAq0z8JCn2BKXccI-NCwg50g-W-yA4eZIRugHV2_7nu493QtRrlZxykiTcEqFLhr8LwLROY9nMokkPdDP1OZPk3kNT2PPwULJT_ah2RMAhYNK35U11QZXwRh0lM2yyKwxnRXvhBOVAuQRyB5tHF_8qk-mDaSgLzs99dZJQ1CcdcVqc54B1cv3ncT8KY6fF6B9fE9p4pxponqlxHeW_n88B223AUcV-J9-1upXbcy5bDsrUE1rrLVKlXYsgCi9NvCJS73ig9w9ysz1DwLWfMiqtDq8ozdvLQd6ueeTWrFl8JBFlQ0N0I8En3h6qQ7z4Vkb7za1an-hYSbeYOfA30QXPhEHOLWCgoS5Xwgg&key=AIzaSyB_RPF64RaB3lypfA6VvXil87xSttgcUNY
La Cienega Tennis Center,325 La Cienega Boulevard,Beverly Hills,CA,90211,34.0620655,-118.3766913,https://maps.googleapis.com/maps/api/place/photo?maxwidth=800&photo_reference=AXQCQNSA6GXe3Kq6cMWnL1KCxgCrafVKmr1HlSbBXbTgZ-Ct4fhh27uOUbIkefDrcjC9QTZsJ_1uNP29z2xe4-9O_QE9ivrWVBDU5gU44t7nPQjqJI72FMht7O1ynsco6qbEBRxAkaI_0YlXmlxHIefXgohYA5qum118QfAOGfURq9zz9xo4bG07ojIpPqaSVJp994Mlcc7hCERpPTDMm3rMIy30VnoJJa28nU99mX0p7zymHgIh1kkKPsM4M24xWPtaCqvZlEcbApEdfnoUhXXnkrnFo0zUc4wUo22yVmsyVUy7O61V7pQkZUC0t2BAc3phVqLVkgJy0PBdDFKn2NW6wEGy5t5gFVvZnoXqdx6Wh2LFZMjspAj1nh5n2sV0ZspjBhfDGn17NZhgbRRiqjthXkE5i0TiStFd2O5zITcEqHI5ZWqyxduDBHbhV_0Hbu35FfYO2M5Vou_4N16V9F7rt7hOJr_8hvRO7QIKJtO7izA_yYa9KXbAnj7hrTPBl2VItvOcAN3meMWks3WUcoGSqQES16KOvC5VllfA-knkNVF2aDUGSpZnUqpxGigRTISNd4LxTSe48vGFhmiSR9fjY-I1vAktfjYA3cYYzbXXSHKGLagy9RdxILha_wNDgdsrEyIXzVws&key=AIzaSyB_RPF64RaB3lypfA6VvXil87xSttgcUNY
Beverly Hills Tennis,325 South La Cienega Boulevard,Beverly Hills,CA,90211,34.0611789,-118.3768114,https://maps.googleapis.com/maps/api/place/photo?maxwidth=800&photo_reference=AXQCQNSQIQFRkY8JHOF8kOlJ3S9xXmJscXGpAamhPi_SqvzHZ7PIAHqKM958FkA9k2Zt3ukrrrL5bU3yV8TFtSR_zFrV3tIJJSmgb-GOnX6Lyf4lvFikYwnmIIyDMjdsBfVjZyV1b8KjfrXhVPAeu_u6jlpYp0dLI8zlGwXS9dvA8rLpK5_YlufDKP7DdKfxdPqpWBxi1BIRwLYGQMo5_HvmwjD60OeX_ni7ytMF4BmLNTWJH-w93DrMVVyAI1SAkBnvyRRbHoQugxRVESB3AkOHiaRtQ4wKcmXlRhPisW4VUN2xX5PPGGeyoxQL518gBtsFkjT7n2zxRB83uEXL5CZafu5pMLYOOMxbc9Fz2YuT-33kcXZgH-aC0wM7YuKg8pUd-pRyfLLnmaJhrR7Tv4WAfX-C_y1HRQ6NuofvJIWXr_RSSf6dlnJRRottKMlgat8uttNJ-DxUSWwXWzqgoxYPtuJyqqI-aToCzlLODd_l9f5eadWH8f-mnb8OTlrre0lMUoQ12snHXLr0_wPrCxVpwiidLpZHFeG6qhlXcLnn0r8Di_vht9lI_0Ib1cVRAjpWFqHbiBLLlHJn6ZjEpMQgB3rPbwdYrAZaicd4PjJWo_jEdcugOBRudon7_PijbMKO&key=AIzaSyB_RPF64RaB3lypfA6VvXil87xSttgcUNY
Culver City Paddle Tennis Courts,,Culver City,CA,90230,34.0101345,-118.4050834,https://maps.googleapis.com/maps/api/place/photo?maxwidth=800&photo_reference=AXQCQNT0rN8qKw7RmQXPyuaZzwqve90lvbFg0vf41lNbJkzNzdpnpVOs0n9nb6E14S3-9uDgBw1VLIOPLHXBW93oD3lgsaK1P00FSc-hevBcVORKGLViRG_Z2JjzIP9fxXMz7g-cFMfDxsti1SZtoFKhR29DqORsRb1LVGZWjcqKp1CjYGc1IOX2ZstoffX_0MKmXh_tazWGb_McJzJoaWAHQ112UYDrHEnLxIX5yZb01zFfetPbUH8F_L2NpknT2Ii0coCTMX2MN8eYKBnIW_GL6pRCg0-YLH4C-CC_XfCof8vNKtgaJDkuofYUWr-23ap3Z09huyWoDX013Cegd7FACI5fMW9NbeEzI7Lpk2GXy-xGCCGsBTZ5A8Rf1LMyC7B0nZrMnJzleB7-Tt-NFsyjPgnmQE4Z-ojAaMsTNl_BRNb5OQcdCPhEh3QHrvY_CLQcEs233dtn-sCHcDLoaTFV1aesC8gRWcq4Vm6bCNG-TkcwhRAtYyps3b8nDEPuNrw2pB8SkvYwlALM68B6eibKF2tucc9CyLKMydm023LwbxeOHPrUDptR10ZaWOZ8fw3aSMBfJIZOsPX8ynm-1tKpRrjCKO5_Ac1WOfbQXSvOeRa6HydG3fqyKfKol2PjMYF1UuLoMg&key=AIzaSyB_RPF64RaB3lypfA6VvXil87xSttgcUNY
Fox Hills Park,Buckingham Parkway,Culver City,CA,90230,33.9834314,-118.3858654,https://maps.googleapis.com/maps/api/place/photo?maxwidth=800&photo_reference=AXQCQNQZCpleSkkUjXOor-YxQBsrfzIYdx7bujvdsHNdMVwgsVMlD4bGhtawSd7dPQXDZPSKqzYOPsWozwXDrgcmFbuiNJkRNGmCAWa9nvOtbktaCyy8y2b8QRDU3lecatOb27dQS7iZwt1b3-K6V5jEKEQjUl9UDpvblTypbqGLMdx2ZviG3pZcAq-TEDzb4WhHMS0MJveUXvA2gzyPrURgLCUozKTcDJbPVfmJCohSNZgF_LJk6qdQQP7RfCtWqEiYgSBm8fIOxKVHYuvmVz6WlWszAxVnxZ8q-aLWynV1RrWM74ZVSoyIMI9A165tolZDADEmC4HneKprK1ngPDSXUEO7ZktWinCTMoBsm2QvBVwIkE9_QdJ9d2iUq_jFbPsB0W2ojHxyMETIP_d9vYtQZNQrE7-7qAExjSY2hXAOCMDPADenDM1iTIlh0HB0HwR5q1-G0h3P1se3fN3CE_AU9yTkypoDU2y4pbWVvKQ6aeT8zKfse7ups583kcbfjgdjbVI5bOc-CUPOxEIQyZpZfVexx8i9vZPQWKhnk-MjokDDRWHzCnlgd5Sgod5e0qxOn886wsu9_19ecwyTqBcTf0EO0zkngP4-QeaV1ixB3DuCk6_0mmF97qhn7aoQ-WHcsTPeqA&key=AIzaSyB_RPF64RaB3lypfA6VvXil87xSttgcUNY
George Izay Park,1111 West Olive Avenue,Burbank,CA,91506,34.1715655,-118.3189871,https://maps.googleapis.com/maps/api/place/photo?maxwidth=800&photo_reference=AXQCQNQ1S_0jzd2Sor2SrRiT2CjXFxaA-d_OapsbbfIAQzsBnbKhiActfNnOoAXckEe4OzwfVp7w4ePHkz2Ayn8SgFELePgM37yZUaCKgb6-XlUd13rl2o0zoM4NLSrT2txd5SLj7pHhHF1gLI7O8aFxjXOSVascJEQuQAk8jC78-C82cJVmz3qWmPkR68YE_EqxmiXRvLfqvXfElFrJdTAQeqfnmabxNghdei8tjCpvhIo7jP1fk-BiqovnnZGk25KQiQQpnnoLuM_FAvr6PxyR340lYWwxIMAfMElP2TW2XpyVJIqutqUcX7TVI9gniTIfLUNo5leK9vz6mzpzAJWf4u7MI5mWK1SpOFBauh-nrwmYP9gvxOPa1BSFV33dZ8gdlWuxUCWyd61CMP4Gr9Bh5DehzCPfkWalobMfXO65jJbVPINGg8GroUgMapYTAMOLWHpb4P_nAN71d8uPLoplALmgCyEqjf2QxbWtVnTz_TK2SbbmIwrvjPf3rlcsIi4-PMYXEQzBw52bizjQYS0N4Koi4FN_1TPcXJw3Pikyci-IvXjnKqQChotE2TnWQHFedfbJYZpzV-bUthn-KsN_zhqg0qXccsBeB1O7Pu-HnsqB3XKxyfQVYI1lKFATvPzpv652uMKH&key=AIzaSyB_RPF64RaB3lypfA6VvXil87xSttgcUNY
Poinsettia Recreation Center,7341 Willoughby Avenue,Los Angeles,CA,90046,34.088242,-118.3498715,https://maps.googleapis.com/maps/api/place/photo?maxwidth=800&photo_reference=AXQCQNTvVistdGI8qe2GP-qlvHHyS78WfTfJ5GoQ04I6qbdT5k7Ia0gf6VkBhv_ZIN12RxRvr8MQtFPmAAiuJmdo1Hx-YVzls2mSc1FpMzE6kxIxNpR8BKdIrJhtxA5Np78iidX_zupFjt55ZL3jiGFLB0WAfK_FCSE4Z4QUDvIjHPKuhzbjvooNv58tw4zKWimxpa8HYsjQSOUKEGebk_5C9GJnIATjg57CeasNTZcKzIXwxpB4U9fTuYMaq0zmF_T9qo4EbGJtdaSMim7wl-44yPt7Ge4DbUpPi61GsG5XcdrIcwFqxmKbeKjypEC0Po6ljzU4zhHWAe_nufKbEss2n26_3YQiGNVFuY8M9q52ykiUFChTr95vPV9OoaqHJphOPmfBtxBvMGSMHGros7Fw0iB5QXnF7MKJIeNq-jN7CdNG7pALx6fD_aBUOsDk_Y_kRFRKsaZ-99zjavR5QYQ2DulkmIeC2CaW4njuG_Ht7Xpjeg75ja2x3X7DAR-R2zN2uBFodUQ5BRTi01qjnOFbg5YSS_MgqwyEcbYukw7v5wobB0rq7HgE4VrzBo6OQchhtg-_3oyRhMfdGIl2FeLktnd4uypNut8vF5cHNjEF_T2HdWuF2wStEZug91auHp57U2umiw&key=AIzaSyB_RPF64RaB3lypfA6VvXil87xSttgcUNY
Plummer Park North Parking,1200 North Vista Street,West Hollywood,CA,90046,34.0940682,-118.3512627,https://maps.googleapis.com/maps/api/place/photo?maxwidth=800&photo_reference=AXQCQNRX_npvECNKDybO18X--oenJM_-Tr41SPyN_hxtW4E31JLPqPA5YBs8WhEqeZg_sxiBiBwckwOQdrzRxrMYV8OXEKSqh-Y1MsB1vHDYDjW4LZOS9I0ihtDfHGtNWoV3Kbferi8yhDfuqB6zlMOnu6I94LhX30MrFraNwi7bXWX_Fxva_O-goE2nwzCIdr6Wf2YArvyTtlmEou443CzL90Cx0HW3reB41HMA4YvwbVajoJmcwqGDkDu9w824BvV-by3ExdyK-THIixU6ThQjGqOzLxu9-d3eFUb5YQ5umbLbBBHWh2pSlsD7CUiSoBwDJQB2hRVMUWD-CtnnljPSh9JT6t0PpCmF9UeOjd81xKm0C8nSoe81on7uvCtiQWTbn5kTZT71GffMHBWPEjl08x6X3pqV8XqlbvNvFGuC8EYA8wAVTcivolrdKKWiXo6vTM4c3yHk2cs7B_INeQObKTCGyx8jUB-oiEGL7VZ3p5RMxCQYHiEsMT5namLO6MTZTCfNgSpxMVb7zb9qPh1u-z9Cp7SwkBEKoA8LuCYUFMNUZlbr7XRNY7FnWwBIv8v0wYcmNK9eNCdjIpWCcdVK2_VCiSoriBIwNp5poHTj4-PnS1MFl49lw3CywI9rVZJZMmS7xalG&key=AIzaSyB_RPF64RaB3lypfA6VvXil87xSttgcUNY
Syd Kronenthal Park,3459 McManus Avenue,Culver City,CA,90232,34.0275289,-118.37756,https://maps.googleapis.com/maps/api/place/photo?maxwidth=800&photo_reference=AXQCQNSmHBvXOCX3qAbRyvHBK5jQzAc2qWWx_l9rHSk9-kSDW4g5AE8DNxTOxGF8PzbF0W4MoNIu5yciKaU_VHpxaUI2AhPFEZRAUFqVNr4OQQM5dJwhLlO6_FLtUJPU3c7m2uSo0CMFSAZ2A31sn0Jb_KjgPPB33RT_cvBIbByBM3RseJiwKPLhVxT6J5BDoSW-pzWlI-zJ9Mb6HI3oKFiZBq9q550qk7nEQWAHSrOgRrE-ziu8cu3-VB8WZIyOWxxYdAOadTszIohy-slidKRcj6BsIRUgy-3ARfEhoOvDsYhLgkQ9RHpJEE027gAgZlt3jjUSmJuL9K2QGStXVKvsc6HDv3Mds7GaehRckdw31EPPTVcKa-tjibVoIQhJ03tKd3Q4l08rw3vry2aa5sVU4beLxJ9fqUEoOnXVXDi3NVRKyqYKjaNs0Np2IqOU6EXcYRQtXbGWfw7VcPzgY_eYVjGYjGfSuZ9EPYhOy5r1vepmK2M8-ANm02LOHoAodsyc-Jf56V081nvXp73H2JLfQFMFr_CrXSphCzbd5K2_r3Zllqt2IqJkcCoRQDIOe1fmHnW7Uv3j03iKketArCa5rtbeSWaO3FkWT6PyfH35SHGnVRjD3ASjEryRNPlpfE_mEMLtbQ&key=AIzaSyB_RPF64RaB3lypfA6VvXil87xSttgcUNY
Plummer Park,7377 Santa Monica Boulevard,West Hollywood,CA,90046,34.0914636,-118.350834,https://maps.googleapis.com/maps/api/place/photo?maxwidth=800&photo_reference=AXQCQNQ-PBAt7japn3ytQr9oTeC4JJ2y9NkWkd2LCFfR9_KsNr8AMP8shCH8M9sen2OSMyQYTBUqkzAMhiZULciicPRMEpsHUR0ZNRpDQH0kv-lE-_N5n-TZUcWSViiOV5HbNwHQiqpPlC6LMqjVpel7HlYaX-O5Xr8lqrWk-Gfpjp9Fu5bgwKyx2ppzl__Y9piIAMb7KDeoBWrqh_Ird4JUSqQcQt9Gb1HDDFSxq2qzaJHDV50qROyST5IM8L7d07CqXsbvePTD5Nod8gkS4ZXgqzuVLVgPRlLW_tUGGZ4vYo3Dp03rAgScQHEYzSKkgSD1lWVDQspLOMxbyMIEgDZ7iZQ_bV5mAyzSmjgHfmhiKBA5euBYeg-CZy6cyeFgUzikuJtlbCkM_SC8zrio0hzP7UQBLhtIb2Y63rcvv14kPyYGGt-IzdoeFNrlacEENxEwSVUTFXb5oBPLKqbfsvVB_aPYD-8QrUmk-ublROd9ZpXk69eccqVPkIH8HphjaKJfsKPXaWJFvkl6SBxPPRDX5hqrXh7UR6W1AmU__uya3O266LIqtoI1B-N28JuUlyLotUaKUvSac-t16-k05EtbE8Ia5pYmdfxqyqL5Yb1FRUkDATJMIe5H_7lPG3ru4vaDmDHbmoIY&key=AIzaSyB_RPF64RaB3lypfA6VvXil87xSttgcUNY
van ness park and rec,5720 2nd Avenue,Los Angeles,CA,90043,33.9903526,-118.3191573,https://maps.googleapis.com/maps/api/place/photo?maxwidth=800&photo_reference=AXQCQNQm65o3G7oQRuS1xCPvTizLHHsMYqzi721o8WP7fnBuP9BRuYjinpOe1wpHMbg1VLiLFkYZWdVjZStVJWQedVnB8GLTi8NL4qixUfT1X18-ft4nBFGs7wfZcQKiYycFSxxchK5gzl5MZPxrBYrUl-BYNuCOIMU111LAFVRITcHZEtSJXq7-ychUuKT4Bs_VRG_T3QzXOuyUf99ttLO0bWh72Gtx5JjpyrmDLb--NVgfBlf351lKp3EpFKoleA3lGzKl0WLxxwiGn2iJZNR2tbwSKiiYU4LrvUwHOzEI65jMKGXQ-hBfwK9WRikCCWmN40Rg7TIQq0hiSQYV3Y7a8waqi720KccYtlnJB8Y8zWyRoYSyxSKQeJo5pNy8iUQ03BfFPU0yP1G0T0GuHU3aQFMvvIua09k1lsIkPysa3qPKzXlWNZru36gjxeDP0LQDUe83Oxb1AiwsSlxBIExG2CJ0NIfXL9OP906yqoUefBcF2pkYBrpPBNcfLojGgYw5Yn6qcVuOZ49v29zdx4LqgLahrg9XAlqyuKUzzs62JFFy6aWSnQWZVCr1k-rzf9RqTmQ9WdUJfLD9iu_yglLFZWokscjio-LFlAD7umoo0_67dcEeKwwmwxfFPIuK5m_E1oqlo-8P&key=AIzaSyB_RPF64RaB3lypfA6VvXil87xSttgcUNY
Pickleball at La Peer Hotel,627 North La Peer Drive,West Hollywood,CA,90069,34.0815307,-118.3869452,https://maps.googleapis.com/maps/api/place/photo?maxwidth=800&photo_reference=AXQCQNSzMEvuSjohbsmJqO4GEV4hW0rbWDQdoi1l7W9ThbInMM_zpULe93CVdXSETlXTto8zSRm2gPCHBSZqOkGtjvtdF_t6GcgSYJyA1U-oIPtps0-0foM-zYqsq09SBUpfQ7uXKeD9cA1j6w5Ga2MKkwCWM0D62s2aLKHHF5DvWgsPhw7sf9GM4e6m7dZ_08DNjcOwVWAX_UHBJAGUO-mmElNl0rpxzWrNdd52kI_1-OVUIwZFrH_TdtplPjB9mFYfkGjp4oEw03kWhbn05GZeW8r0Ch2_miNESfNHkDmxlVQI_bfptXmnHhn2JeKUq48FbhYhnSZGZudujjnbyEWQxw6mNw0w2d7MCtkK9EDJ0heJHlPNoGXznCFkOgbuXg8CD0mxys6OBDtI5r0KPLY6v3TZSuNWdy5S9KetiXHqpsqDPqHrZySHSSZJcz9ra5XOoAS38q9y4BME9OoM20zctMdS-JIBEVso5__sh1n5AbD0lxeAr5Hsl42q4vGni4V4VuwSn7XssxnVjTbnXw1rc46yFs0Ihz8oC-0D7E70ISjLVC0wWcSvkmBO7boih1TVz_rN_FX-lZ-niQzBK0ICKPdeWxugFmNxcr0-UaxzcxFegCMmvQ_VO71ILXuXIIpzvat12PiL&key=AIzaSyB_RPF64RaB3lypfA6VvXil87xSttgcUNY
North Park,625 Hargrave Street,Inglewood,CA,90302,33.9794823,-118.3478088,https://maps.googleapis.com/maps/api/place/photo?maxwidth=800&photo_reference=AXQCQNQJLFcVZUyHQ2A1HUPdcmHgtDQXGYoLruynwLDbtpCMjCN7g7TWD4MFyr3e59XaFFeVPx8N5nIbcdJzHZrcDWnhLJu0KOshTJXivtQfAJK1rVsv8Sb0iVsJNzn-YA_BD3IqFCkuDyKfIFCj8UBQPgJ-mp5d4WcHrdo4CAbbko27C0KIcmcyI_0nrqQ8-fJH0N2Plg-aV1Np2yORwKgIK9Gq0JVvEE-ObaqCxNbF17mq1fvlgl4Cm90GuZPY43PomDzw3y5e4bLat5zSMTT_hyjzchWfndEM-Y1iH3FWKDobKANrpN4VuUOBffc0C_3FYUk3a-o9fIr3U7-SmaWgK9O5CCFHOj38zkxbkj1EB5rVVCignPp0cycC64j18aMC_OHzoQEtiIESDQ4-i_IVR5EjMnjGs_SHODF5tHPUwJqUTUYUcyaK6ORZhWB26c5_pS3072f4u6RyTn5FSHJYIqBAKsjM5WG9NP5GAgUhG0A99vhCbp7kPPzogPgakKhrlgP59VMcOFM8k0wE_bIYJvhGCJggUP7Dd6lZ3QYuJud4Uw2uMErUgvNXl1bkx8oqJ2xBH_1rrKKRqKgW9b_TVbMN2FmlUmbK_LbqRbODLUADjlcjojkU7iboBLsovdneaOvIa5lo&key=AIzaSyB_RPF64RaB3lypfA6VvXil87xSttgcUNY
West Hollywood Park Tennis Courts,625 North San Vicente Boulevard,West Hollywood,CA,90069,34.0817198,-118.3842419,https://maps.googleapis.com/maps/api/place/photo?maxwidth=800&photo_reference=AXQCQNTwxPQkZzZINJHG5a-LDg0t1mbNXRipW3S0zRf2RATBJW33eiiKUkoRSz1ny15ZzYV_uTL5P8zFSQ6A_AWF-v2Dd3hgg8WPaOR1XUrxI4mTFGZ6lB-l7e1dEUbzW34pFcu-bn5A-Gj6XcvrH_mcnUnZDudpVv1Oxkw6o6ainHssayu2MNMFOEdUjdKp9q3a-zfp1zJ54KNmsmg7wZKJaNhgNNL_oCMGIfxfJs4y49RM5rTY98AEyZG74t_D7HOKWgWlHreJOa2Ki1TqjmSYZnAtfKVnhRiYIzbjsHwcpJh4J8AcZe26eFW-7X0v3ONk-ONOVafX6qvBYYkbsH8yJcIb2aPbamN5va5lxF3q9GQBeI1BNPEEXntXptIFp8YCbgankquvzx3JQ-vCBOVzgrcY9zVsz9lVkZ7gFUpB5d96VfTIbwoxFfuBe5ZkTVWM7SQ0CeMELTeM9OUCA9J9J8E8G5oFI0sAm8L_dfN_1k7mXCHBnDPzdfgUTlQU2f_osHd-s43OOQxGDiQE7-VCBRWzPWwORL0x25mjxyg8QfQVmxum2yL_oqQbrdL5VATRYLjuNO5-8wReKmPzWG9W5jDMw2K_Ao3uIPPVlyEn1R2Dm0cEMV9VzoYyRnqUg5z6WhpTwQ&key=AIzaSyB_RPF64RaB3lypfA6VvXil87xSttgcUNY
Bill Rosendahl Del Rey Park,4601 Alla Road,Marina del Rey,CA,90292,33.9843496,-118.4317191,https://maps.googleapis.com/maps/api/place/photo?maxwidth=800&photo_reference=AXQCQNTSxKSjPOg5A7bMMRDdNs-Jl7xUGye1TdZHbXCZ3xfj9gve4hIlCQbPPRDaJ1HKHXAYVtJgQ8OwvZwIZrXSNjHbnINIwaUzxvKg0pOWPCkSCgLiHU5bNaeWwqUyIcv5eoIY2tcHVI_49n4DDE_KRdjQmcNNzxbVBKcwfJXcWy6sionMhN2HWYMmG0oY5NI_ajCHSskRPRJSOr61k3PcQCxuE6mO9NgcGmCqHJkwI_njdlXa0J74EtXW5FIjqlDXVNK2quVLiBgrBDWtloRJtB8Z4evGwANkuVwpGjSxiKO08C76mWCtFc5s_HIuBYSodvoqNz0lD7qxBhTDTM-F9ASET3wK5CzF0ELQGdYBp7Ys7n_PehzlC1vfF93K6veP8f-9YOs44vTqCRsoh7GFJcleLLOiLmhrJrfeAHtYV9b5vPOn9Lc8cAoQ7GZ8VfpuOVEPqUIwmA9nLhSDKWCdZe2_sj2T2dPxD63Eo2VOyMmK3pHASWGaPy9wXzWE_tOX_wApSqv3oUODmGwnHaNC2oIYwJIpOIzEyl0YuvnEEYnNKXHS6IID3nr_ZwE8MmuYlEVVyZFBx6OvFoo6LW7-8I2XASUuZb5In4B-W5F6Qygq2yRHHTUkXlY0Bd6DHju3x0Dafg&key=AIzaSyB_RPF64RaB3lypfA6VvXil87xSttgcUNY
Bellevue Recreation Center,826 Lucile Avenue,Los Angeles,CA,90026,34.0841002,-118.2828496,https://maps.googleapis.com/maps/api/place/photo?maxwidth=800&photo_reference=AXQCQNSCPc7-upaNstQKC9FVmpraxwn_0hudUzzr7CcBClFGlWMqukMtI4w7Nc37fsXELr8w5uFr1iDNzFEZTt4LMkPN5AhrOq3qNhdgg5Ur8xxy9-aNaDNAPwVyclh6rXn0elQ9he9F0TrhqQjRBZ6SOK9sDPNhJtyMl7aMqhcc0PnMoJ21t0Wg0D87sF4xevvDiC-Pv0T-Qo6yJgJZggncU4MqEI2JfGAkXHN6SGWHWMZYmyMM_3XagLo7bCtL4eXLWYDcHcleFR1H7JgSd18fDmdmp5Od1dYJQSgLA602isyIg_28lfqFtIX0A0GCHgi_Rt-OTfF1fs8KQnpYHm40WYVk1z_0voG9fLjQ0hU4k_NI9CPMVuVfOSiyzyiWmWmY5OFisAf3O4CggW1Zf26LPpbVqxidwUrpMJRNAQ40l0OHpfi5cTrZELnz6vkOT5mGgDBXo1IiCQgVszJfSLRTSMc5ZQegOAGMdJoihrjSeXzonw3eKXzem2QhvTqykTWB3Kn36Gg_eyIOliaSEeVx6B9ckAEtL0eigJ8JYG0u6KwKJroFDDfX_sL6ORwLvtbZ3b_SR6UFvQeAhTPh4omXecbTBDOoiyu8wWGgAw_MSaT5ygY_0oxaK6o1N_02-VVV&key=AIzaSyB_RPF64RaB3lypfA6VvXil87xSttgcUNY
Van Nuys/Sherman Oaks Recreation Center,14201 Huston Street,Los Angeles,CA,91423,34.1600154,-118.4420237,https://maps.googleapis.com/maps/api/place/photo?maxwidth=800&photo_reference=AXQCQNShsLuBuGWL6EDtz30Y5ZG_jz7tq6Zd2QG7hVlWYdmAMhewpF8-8eFhYXgwWG8cMSGqUaMMy1WtgvGJE0-_9QCtR7iJN74R69CRWnKU2tHxTkSvPERoTv-i3YpbM21LPTEkb9aBzSOP_KK0Z6-fuTRRyWyd3e317RIzx5A6EKWPUb_6xPxg378SCW4Th79oUbxn_nKSqgb8AfYn3VVdCfR8V8QgDWe5y_hmRbx3aXRq1IC-OmmqdPIpenzPljbxQDeTnLoXJoABiGBqpKoCxfbqLQA2YMX2CdVXysX7riuaTcGfe2WEpMmXX4dFeytituw5TvwkE4sXVbnkA1A09feS-1eNEBa_dm4lNtKC2pgLFwhCDPzldcpBetLkkPiU7GhnILLX07aU6uPPn28rv6wJYd4TfU6XXwvznXNngEhKPVNgCLxrKIh49kd4XNRONj9iqDoZYAElGUurDAxJhl320eYrnOW3rQkL-nAyGxyTLPs5PgMg4mP9gwB1Gg0x96pRLnctvlw_C1QKvKYTClD384FGNvUmHbYie2LMNY2t4He4WpbhCbfucj7nnEOrvFJKe_vi4IoDB_5KWeopetQ6BjHyG_0F1HvswXy2c9STMidsB6orr2Nq4fmsa4-SDRt-tQ&key=AIzaSyB_RPF64RaB3lypfA6VvXil87xSttgcUNY
Cheviot Hills Tennis Center,2601 Motor Avenue,Los Angeles,CA,90064,34.0443141,-118.4071883,https://maps.googleapis.com/maps/api/place/photo?maxwidth=800&photo_reference=AXQCQNSqw8pF4xLGdj0TDQpjn6z3M_ybzDBc48Gc00M_RfjOQZkNdC3-ace9TT0WH1C-rINr6E9mcKC1-Lf2zHlUOh0Zrp4Z7X56ew7rSwnxSIA1wvrxkBtwcVqYfs1TsTVMtUb1fisnHm0x5FCqr2S57L5UUAXsXg2UM5V-9ZgZKmlV4EIVzqJUeCQ4UwUoVG0zdnfOhRk6iYecGnVe9m0-Ub3WxZhVrtTxAn52ZIifM54SzeIhZb14JeHb3pmQdZp2r9ej_hPpyeyVwss4MXCpEU7uwA7pteTK06Zn2S1syT2QSMt6tBtVks4Do0VCktn3jdtZDuMBYDM&key=AIzaSyB_RPF64RaB3lypfA6VvXil87xSttgcUNY
Pickleball at Le Parc,733 North West Knoll Drive,West Hollywood,CA,90069,34.0842397,-118.3778782,https://maps.googleapis.com/maps/api/place/photo?maxwidth=800&photo_reference=AXQCQNQe28qrkePO7QhUXF1kQf4p4fq6YqBaCdvCJMY0RsuRonc15N0moOWRW4L70lohyI765WkVQehY9Z-MpKBx4fpGJRN96X8g3nQef3rRdO98DXiCsNAS-EGkC8tWH4ipewjtr7rMtERyhKydTOKbgQgS09xErIrmjYuQw9m7zg8iP8jRwOLcJLdWAresLazEjo8YHmAXIuunS8Yl-CHNjq1tpRWvLu0-E9MTQgGoF6bg9Sq4nUW4VLDmijSRcPEXA6NyG2wHfLwb7aH77FNZmR3TjxCK-9M5jsgfKSu64Oim_pFfAVTLiNak8aaXsGtfJMQA3mIGJHI&key=AIzaSyB_RPF64RaB3lypfA6VvXil87xSttgcUNY
Shatto Park Recreation Center & Outdoor Basketball Courts,3191 4th Street,Los Angeles,CA,90020,34.0679578,-118.2893292,https://maps.googleapis.com/maps/api/place/photo?maxwidth=800&photo_reference=AXQCQNR8sKNjYfhVnSy17Haet7Oij7oJdX5TGQYkhB06U-YLXMNyA-BlAbREF6lBW0yRIK6t0qWPg5G4NEf3G3WYAHAxfMAMIwvCAqJfGUacqDDFGvqhzOCrYlAfUN-Y2Dl9qRzlPSigCH-Fu0RA-3GmELh7tFsfJe58ArarOfCrFIqH1LTilKJemlfSX6WuBURD-u8sfW7HR7Up_MsM4E8fJ_WUh4r9ZSQNbYARnG253CcvCEA5YfeluDCiss1c0l2DbaF2bHdAQ8amrNbCK_S812_G2FYnnrwq1KkcPDUCUl_cTtdv7VXyaiuyRQQy9X2ELR8WI7c_dcqjrf0oRtSIB1HN7y44PbqYLCGBQvPbEW62IZFgaDnQJGJRfB24adt-_UCDBAuUAyDJXuvGPd75McELMW2cqroBgx-_g_gsy5-H03YV2fBXc4LlzNtCGYIBjGNZhMyJPzRiepKVvQ5q6k2cLE5AZ5-N9RPytHjWVe-v08s0jPdGv0-U1f_lzcjNZ9D0bXSOkj4DHuycGtE0p4v5GL5Xm2isVM6TxZLxqU9VpfIy2jVfUVSl_LrO3eQ2MNtEwheyMUxC4acVhe_tKcc9ah7F-WYlg94QRrDN1sHey_v-qk-GPz2IFmDVZUpns6h9kw&key=AIzaSyB_RPF64RaB3lypfA6VvXil87xSttgcUNY
Tennacity,7377 Santa Monica Boulevard,West Hollywood,CA,90046,34.0933473,-118.3508769,https://maps.googleapis.com/maps/api/place/photo?maxwidth=800&photo_reference=AXQCQNSc4WfyPYgBy8mmSzXK9tcW0un50hJgSog6P319fWTZOvitNZ6DV4otHAQrhyOcY9S3fnuV0cG7nZzoHZocC3olkxwA3e94pr4RYYBDl7paRAkU-dTon9wOgzdaNkTj_GE6PbZXqhFpHTGMMaitZyRcSG_S7WlZaRcDyEqG-Z3vnJbzY3SLtwn3I4A15ueukGfqcZNowN0qLuawBnj6HKYty-6jQnhljqESOcamFAhXXBHY_bWX26WDHjIIBfvd--cxODtOP8ZHEApF_Wm0K0VeH2MqYOWfGZ692CtvzYvJ5oeVb7SXgxOA1QWih7OC-UqKWVwawq8&key=AIzaSyB_RPF64RaB3lypfA6VvXil87xSttgcUNY
"Ben's Pickleball Lessons - Pickleball Lessons in Los Angeles, Santa Monica, Mar Vista & Surrounding Areas",4601 Alla Road,Marina del Rey,CA,90292,33.9859567,-118.4322564,https://maps.googleapis.com/maps/api/place/photo?maxwidth=800&photo_reference=AXQCQNT3a714PAqThBubIM0jCdI5HBZeclt04IJtjD0GtQhJjevxlwzxFDH-PfXjI4McZV-xK-MF7oU9t2Tq5OmddBO0FUjzVBypU2Amd8h8RLOuY3D-S-9_rqYSNPoxS9Czk2GpGZuZ2UWa8mBPqs8YfS8T8mafM2iP86jEhgxyzv-RnN0difEcNIsSTRYILKNt-l-RJKB27aFpGMKLVLwA4ErRtjtpMXQhw4eawDlCFp6M4GHW4Podw45BpPb5M6hdKjkJUTI5KCitWn2M-5iHBWZ14kFSw_CI3z5lQpcSHCk6nvxX-z6Phcbcb_iyv6aAXrvY7EPB7lE&key=AIzaSyB_RPF64RaB3lypfA6VvXil87xSttgcUNY
Toberman Park,1702 South Union Avenue,Los Angeles,CA,90015,34.0396695,-118.2792223,https://maps.googleapis.com/maps/api/place/photo?maxwidth=800&photo_reference=AXQCQNRhLiCh_Uo3ciQfLL_tl9XG_6u12FSoj87Uy9gE9IqIBmA4s_gwIZYV8i4vK1pcQsKIk65iMwyXcbQHbKC4krkY7DMTPncy6Ox5NzcgrITp286xvk5WRI_lan7pzZikHBvBUIoe6Rq-rL7AG3o1_vvS0URAmKKH1cxvpb3EqKOJ7xZlbZw3Tn84ApV0zUBtBMu1Lsc6eeyQTD-oPbT5v0qsmeziAbY0iEfilSRfjW8VY8Fk9Y70Kta0DATPzNow7nJlHeox6QX59fEzniTnazZS7t04Jep98czRnh0xYCkvVnw_-bn03z9pZHJTIrXxk3fwxMS-hTD2tFltmEzyWnXe0YJ7UJgInRFmV6lxY84tmY-JZu7JnyEM1cYAregURs-4NFtjPQeKGyN2bwnyGmxAwPRCXQ3-8BtHXqAmD4L0vYwO8Vjozl6fngmuTFY-LdQcKiNl9k4sVFh9DYXSakJHdnC3j8pi6FZgKtuA5t59q0BDeSvsPRrtzy6IrecCqptdHCjuf2r5RizgQbwZ2La810BWX6ADgF2w5By4p-r3Rr3iR9_PMgPKcJikVG6OSlOZIhFlZ0TVyd1dK6ouYHHLF32oK68WxSGHVWBuOnuqNL_oT99WrVCl4bY_FZ9j0zgsGF7K&key=AIzaSyB_RPF64RaB3lypfA6VvXil87xSttgcUNY
Griffin Club Los Angeles,3084 Motor Avenue,Los Angeles,CA,90064,34.0341332,-118.4101792,https://maps.googleapis.com/maps/api/place/photo?maxwidth=800&photo_reference=AXQCQNRRH49vxwC9h9BLOA_6boNE0TW5T18GyIEzk_jUvLPJw-DlBe0p5LWNchC3aoeXyLg7P3r6IJJE4E69jbmN7BKyzJmu-peecn9yCQJnlp1HD_3g9auM3Ef-_6zM-QlP6wO500xsCy2X7Ff5uIviIU_dWhxLLDhlXxv2TwyaQb3KRIALKt_3eD68L1-u8JSxYcdG1hJ9bqnEgzTo23ANb-UaRh_08TNnyMZIOCbv6Qok0B2PXxm_Y5VdfSvqzteVICMQA3XOcvtm5HQoSjQhX4JF14LSRyUb4gC8P6yxrfR1OLkjgc_ckPprqkDrSbc3mBykhSzH5z8&key=AIzaSyB_RPF64RaB3lypfA6VvXil87xSttgcUNY
Allendale Park,1130 South Marengo Avenue,Pasadena,CA,91106,34.1261678,-118.1448173,https://maps.googleapis.com/maps/api/place/photo?maxwidth=800&photo_reference=AXQCQNRsyR8Iz1DhILksad9bUmAQ6IQZUeVaIif29YIJqGC7T5uTh5Yjxtn1u-OeJ8IXJZV6ey6nwr2d3aZJiVRGeg9xyUMkk4JD3tfJ7PScUXt3wr_WzGqmqrI2b2IH34JTLvc2ZMSy8Kh9VOARNeLNl13T1f-fd6CTFW_hGrEL89_OCylpfGjnIsuLjLKmLsf8DlutIymnKguvb-CDjRatSJ5EPvPmcJExKe0PRaXTNKNcP4rHhq7cDNclKE6nzZmODBA2KleHT7MJ0tTwzrOVqxBj8nET9f0RdKTlwK8SeH5W2T0ok9dxApUJS840RFbDj7xkaIW8rWqhEaFqsxh2RPBDZj0zAMzGPNXhoMRsTSEtGiuD9OaBlIoS_nny9DSJPgs6CMO1h1L5uu8bYpZhCpnSB8Evxa4CMRpqpS-_VwVNWuO0IAo8mJ6sq1vAYjtaZm_LEJXHZ0jX_WTxvWkNRvFP3XJa8Njrebdp6mNrgyBjxhmRML4hlAk8ZWdl0kHIYbzYaZHxVNA7ZclbL4dfA0TtSaAB3TzS6XHHpeMzNmHhKuzaE6GlT2Hr2rHV-6ZV097CGf4zFZB6snnI68iEcI79_CtDkvuhOlB3W4tXM7BY7L4wGaj8VjJEy-te4mWHBvaNhF9i&key=AIzaSyB_RPF64RaB3lypfA6VvXil87xSttgcUNY
Smash Dink,4400 San Fernando Road,Glendale,CA,91204,34.1324902,-118.2616992,https://maps.googleapis.com/maps/api/place/photo?maxwidth=800&photo_reference=AXQCQNQ-rRQd-N8UZNK1iipv8CriMX2iUnfvFohtAPytl0qIEyWZIAIoSOasFhuX_jgnAD0WzCr8rTckLClyJ9m_cWkNRCh58AwdhnDhTt3Bxx7x4s5S7Z2-PiNjKXbpFwHY0ojBDVlodrOkBDUZWssULbB33b3i-JeZVweYF_R5DRFugHrg1NQCaG_-A5IOyS0v-fWqkaMjJXO_Ev0zUA9Uz7YvhM0jbzk61vHUMRwL2NgZhmHg5kHLiG9-9zQ7xQ6ju9rB3XRHt7eBiORgfeUdy0oXGUjrNJpLJvZFMV9DL7fzylACt2xgQZxLDbXRQbDq2gvPUIjC9ZA&key=AIzaSyB_RPF64RaB3lypfA6VvXil87xSttgcUNY
Eaton Blanche Park,3100 East Del Mar Boulevard,Pasadena,CA,91107,34.1417107,-118.0865931,https://maps.googleapis.com/maps/api/place/photo?maxwidth=800&photo_reference=AXQCQNTRwH6IlTcLmeCgz5J0UKPARlqX9aDCdTdFxgptnJ3cTS-dD9Q6CVqrU_ePnzj3Vvqda34t48PFXAKTH2-cen4Xua5zBbbUw4w4JB4c7S7zjGTUvlV501QJIkZFu7Tn4oahHhp09D5nQh0-9hUgPH65BDmvImeSPSe1lpaHNYHbmo6VsivTNsciPFFdJ58YM1nD1zJ8e8ccqMoGjgAwloYYHBgcJ5iUmIutqKzd68AGyLSaYL9pMEAwXIUx52kdWaPN5o0cVAk8kIVroDrzxZ5SuQCI-CXYKx_ZsUOzZkYNK88ggN4SDF_i7wx20j8SVKPxZvaE070cAVEHBpbVMMokAsbYmddRHdCpF6D7c1-WsO-5XcGWm3mkT0hOV4CPnybc5Lerpe0uzMdwb_ZZmBAa0igbEso0mARwXuvnkxhh8uQsy_ciWWBxdPZgb3c9HDFXNnMQ7g-6z_x_h_oeXn5_l9vAaamA2H6ZziJR1GvPcrrnHErJJ3sCaeOdD0QxnpSvOChHsE7YL19A69RCVUfIvODu70wtXwZOWvVVKcNDNfaRSpZO8KtVf298fVTHjskNdzHpfihMAWRbN86rXHE0714SaSSHhryvNP6hB-dqIs4DnkxxUwqLqJiUXByWiVOEAg&key=AIzaSyB_RPF64RaB3lypfA6VvXil87xSttgcUNY
Montebello City Park,1301 West Whittier Boulevard,Montebello,CA,90640,34.0097087,-118.1152988,https://maps.googleapis.com/maps/api/place/photo?maxwidth=800&photo_reference=AXQCQNR_jg49WDwauGJJIzAtijdleXG9I6eMBtW0_LW3o2rKOqzlmfFE62SlfFPVVHtLnm1XSr-FgZEgG4QvxB9LHQbH9l6WysZLTymuzSW9hIK1h3tYsYQaXiN9ID90fndmnbF2dK2tQczmbyjmnZPsirwPvDp4YZNWWk25VmayJ8G924CDVmzN30J45FWMQHZpdTSIJvLNrTKeEvXIw_hKSqqwrndt5TXmXkZeYzwmkDYdY0qhG-w_kRoUf9UtYjpCWtBNdEaAYUeTPYhpfnEVkXvsdllH0PAJaykqgj60pePUD9Y2Cfmv3sy8zy0bGDhK_kpDgA7HsogmQEPFeYaSz12-XGvimwfrYZnRWECxr-him1x7bVqw-8n3yFyb1VlWGpKGjgzm1_25cnQf59wZwpaklXPVxENJY2oiCOmEWENJMMltXrKc3ubXRPfyBlTLzfBu9c5FH-gAaUolbLbDJC_GsY35JNzIGcwtAIfc_00nJBrGMFvE8997PwOg40ApDsleKhWoNJufLkpWoXsGpBkS08Pzeso8mNaZWqNv9wHDuk6NFlvIPmFCZAjnjhlUoqjNnXerOv3B5F3kI6E97qmsT-93DlF_acgNigJ515-jWdj5XYs1QVcI7BXN1mV1bCqpB-jZ&key=AIzaSyB_RPF64RaB3lypfA6VvXil87xSttgcUNY
Montecito Heights Pickleball Courts,4545 Homer Street,Los Angeles,CA,90031,34.09579,-118.2041356,
Sierra Vista Park,311 North Rural Drive,Monterey Park,CA,91755,34.065941,-118.114257,https://maps.googleapis.com/maps/api/place/photo?maxwidth=800&photo_reference=AXQCQNRFwKOHLh7-mr8mXVOzboZYkx3-k-tGmEg7SGm2TtI-bQynqEC8yLKrVDydNpoTw0X7k4h1g5SywyC_xJzRHDXkDq-8hpszbo0FBKFRvD0f_kD8PTHuKS7rmWBzBkWsVzKBgui9c2fyk-lSSam88y1es4z10auUGr4v0KZ7AFMn5N7b6xPqYiAFmNzgqaVnb-WrQxBRA4_tcsCShAVTOaCsDOPOpls8AOl9DVBL4QFytaKkWxRyR51wM96b5vdkE97HzXhN3Lmdl6xiqiJritNEK9lTHLJcLPS7OiYRbAOnJw-bPcAteCJoAJyUQ0A31PjVIhWMzF4_lBZmD5sqWAZ0v9tfkhMUzfYTTc9w2Lho-IK-F_YQttxTuFFBvfI3-8RIsR-w535xVJBOQ7QwzeBAuY9yCC8m6Da8aoQFWx0aqWxg2pVRQLdjie6xYSYokBSeXxs_jcOx8p0YPLuYOjIsOQF7pXiwIPQDuaGz0qMMfxyulVUDtd42xqACW2v9kbo2rfqGAUKgm6oosNaOyFkOa4usJ4saaOZ9DK2q9w3ud8Js3LezekDz5c5YRxCZoim8uablAXTFDMbDCrL8_hZ6UvY9x7DKQBHlff0pt04PctD-tBt8n1y0nK4ZcQ4-&key=AIzaSyB_RPF64RaB3lypfA6VvXil87xSttgcUNY
Vina Vieja Park,3026 East Orange Grove Boulevard,Pasadena,CA,91107,34.1573403,-118.0862971,https://maps.googleapis.com/maps/api/place/photo?maxwidth=800&photo_reference=AXQCQNQMiubuTbWaje21KcypL-m7J3v28KWxlRj2XO0sXShr9YskdxkfinpgG_EDOEVeBULWMwCB-bH71PGLC-9f3aPP1vGBaymBZCR4ajggH7ygqFfPDtvR5_3fQXoCKkpEliIxY2Y_3W4Zqb8808gH-tiTq36kUXqUWu4EkyJTrfPu7zrEZZbfb7E6ZZuC-hlDADV-ZGgF4bqF5uaPkFtbefx9dL1HlmSRPS_sMEbxEhjPbWVdVlNf98WQXJq_X8BqJHTyOlaHE_bXgj2yWBIOQh6L9qNUr5dsZEr8qpA0j9uMkBFB_9uCxp8OsuMTGgywLvjw9PjdDyzNHb3XktwYK--3aM8Sg_2ISDvByheVgF5wkKQdWRMWeaZNYt3gdxRlsu3x6UWhQ77_FgQSZklAMXwHhlhThg7Zq7BHRoiP4AcP_1jWb_aBeVnZOlpUk7JCELOPhU7psaZL5jHhN07IJJJw1k9-hxUx3CYhgDQm403446wZbfisS_7G7-85o10cUcgEuLDa3oG06fM9Se4n3P2ZfWM5ZV-ZPR_xZLjYH1WzcwhBc10RWgYTbR58KqxyuKp7QPBfph2lwlYgNWaC_dg9cCYw-TOufS4LQpImTRIwKMB2kLDplPPxoyjJjd2q&key=AIzaSyB_RPF64RaB3lypfA6VvXil87xSttgcUNY
Ki Bom Kim Pickleball Lesson,300 North Beaudry Avenue,Los Angeles,CA,90012,34.0625453,-118.2516719,https://maps.googleapis.com/maps/api/place/photo?maxwidth=800&photo_reference=AXQCQNRJdh76qz3Cm_GE7UWG2w4a_jXpKAn4IHZtMCB1j9GB8GqfIfwFN6wby6Q8BIa3kn3YxShwbwf6FvGdGoLpJvkHYlFbSO52VbQ0BuHJWBdM2H7B8ualJT23dWOdPf1Wy9ZIDqcBaeZLByw4Cqi0IeSpN1CIGYHkqCddbqfRWRFZI4sqH6htm5TvejN8fJ4jlNwxqhlkcdpqgqswvTNFMcuSzYd9iidAjk-ZRH81xEWv-1-46Jc_OYscr5xKvb28OQbcva2ZqaJib3fViAJi4-bId_UTVpOyClu94CK0307kxaXF1CEXbYxvrwdWDCUhvg0uCpZs-vs&key=AIzaSyB_RPF64RaB3lypfA6VvXil87xSttgcUNY
Echo Park Tennis Courts,526 Glendale Boulevard,Los Angeles,CA,90026,34.0687372,-118.260591,https://maps.googleapis.com/maps/api/place/photo?maxwidth=800&photo_reference=AXQCQNQG4I1th74fOvp2r3Hh0N_R1e462qxaY147b6knOHbcveDf-oGstggqXDnFd3j04GISvmuJQq7rhnDHrjaN_64B3kopUQ0DwsJMXKzldImdfvB8HYA7jtUos2but9eNjwig9pMRfRLcWEtMQ8yPxq3NqlVEg-FF8QoHs1cdpYnsqf9UQMMQIoa2SZcVN985DKtrXF1lSk3RKQUIlwnIqsVIC0i0dDn66rsjvkC1MXfJDiHEsIA8I6lzkhYC2HkrllbH8Wftlf2WLNSog6W0HCAkvAj4fnJIbni_rXkPEUeQgkYbKq_2JngWO7DrWm_tL4GLhOzUxRCUsG7v4ZgYuZmunHENNhQiNNNsjgLiHI-B7EI2GFIMrBRGAcv6TyXtylno3lTivucd3Ddl8YH5hMUYqXuzSvo3mktjdvQtD3urq3ls2ObecOF8IiZ_BANlx9uaglxsllCFbQnRKCVYIgP0mMKwj0bmegfXp8aRYyMVhel2zRZ74rt85gx1_vVgKfdPwV2GR7Cu0DTYgHZ0haD4fGrdGjkLtQw7Ka_iBymPPV7T8CrtdrNQYeDQ0oumjMl7P0Sa1T4WR8YvdEIfoObEWlSIzSjHGV-EKN_g6rdNuXyHPVVELgBk5nh1YI7q6GsESA&key=AIzaSyB_RPF64RaB3lypfA6VvXil87xSttgcUNY
Orange Grove Park,815 Mission Street,South Pasadena,CA,91030,34.1155296,-118.1599948,https://maps.googleapis.com/maps/api/place/photo?maxwidth=800&photo_reference=AXQCQNSs3wmPexVhBvpenidRUi9ki0xUapBpjdce-uIT6io-CTNn12ZSG7FYA0jK17cuRyEYdj0Few1-1xY1718C4RgbimF67V_w-gnfUfdEFNe6WHL2gEFFQCgsg30tyh5Zx_UMHatyIlBZFqcscVLumUIgiCnqDKz2Y-nTI0WIRiKo2eZOBcLCKecDvXfOdHpQkapp-Z200yQfilIAurn6ljNN1oxrvy7UHNs0-4V-DXQNUX5RY1hUFvqc999KNErX5tP2O__AHWnx6rmXFsYwCNUU3C3lWJvK37pr0K2w7XXTGTInaTVM8yQdAgVqrJNyDyznOZ7jFpRXlbyDN2cOH6qsX1irfrRtWmzVeCi0v5KIoOrVsrVcL4cmimxKE-wKhO4QGNqufPNVSC5HMXdP7IzN1Yg234zwRnY2VQvyHIbXtsSJQzq6-fJfb6XtB2jRi_q_eXBMvdzGQ0v8O1OZZ-1y238N8K4gHcOpOP7mO4cXuRh76l7I9oqXSLpwWbcm9uDpQwaz0SXcFsqD7hcgKQIQ2A0xPCFXKrpUSkJaBe9U8BgEzWDZQg4rwPWtqLzqvvyjlJTywlH1qnX0n7nsTYTR0GL-3V8uxOdujshyjFWoYUfTkipDEP3w2PIR9gYS868Lug&key=AIzaSyB_RPF64RaB3lypfA6VvXil87xSttgcUNY
Garvey Park,7933 Emerson Place,Rosemead,CA,91770,34.0664443,-118.0970449,https://maps.googleapis.com/maps/api/place/photo?maxwidth=800&photo_reference=AXQCQNSUqmpIr57TivTjE2vYOkaKj6aZn99tEtVURFEqMVsHe-7llcL1oAilohRLOYVM_XWhgPeVBoZhkENffgrgz9BLoq0Ju_I04iKNIfLaCVI3yACDFK446JEko6Dh_XXUpa7wQvJVMQNpbxKBmhCkn4TVXFkkjSWHMc8J9I9vdDcR95s7SmGx1Zctd1Nueff-KwnGzQki_wrd62enOpzXPKUkZb1eL9ji8fFHjmvPz2zfxej8T1SSWZ_vhw8-cbiP2KE89p3kVppauwNxwn4668FFYEecUKLzgpJ9-BNPjNZj_hGOtprxnyDPysmvfj_5PV6xfuFTQ3jU4EABRUG610dlSBzLyT4XpVvlfu_IOhkMHYLgaCzjAK68HrkuKIrTVvK0oREkHCqML2z86srhKoqZOTU7UvPPnGc-57hhxG6vsq3WpY9pYArAQvo_Eb5v2bMx1MA2GcMipNnzct4a94ecy0mDmcgQAc1mpij3jn5i0g1NCx9MYCT_oFch1E_q_Yy97QNrOwf-rCiAhzHg491zHxUa-8mwZXoepT7UtbxYN5g_RgBm4cnUER6wl7YXh070MYm9UJroT3RJ8zZLQUySRpl2YAG_QhrrAwW5XWN5PqbkHsjzqyjWVlNx8wNDW18Lig&key=AIzaSyB_RPF64RaB3lypfA6VvXil87xSttgcUNY
Smith Park,232 West Broadway,San Gabriel,CA,91776,34.098507,-118.1026518,https://maps.googleapis.com/maps/api/place/photo?maxwidth=800&photo_reference=AXQCQNRy6gzEmNLFUbGQzjBwET9XccuMwAOTYjap8LL84KKr3Rxjqa05qM__q7J-_0zt8xxBtlGc91dpHEYYkIEeNbI9dbsx5zi9xDxnkIrs0d0wBUDkmhsN3oi52-sMPuMT9D2TcvgvRlJVXTda_6QFN9EaHya4n6MdKwDWGHKBMX3lFcUAYyZjlp3WcOfKAw_LvlAdwFeomqeuLF4iauY-gabU0PU0sS_P_P9efdhBenlMUVMoAKCwqfYW_ZE-gRNF8GR4wwiTC0XvNALvgPHhoHCprLXbEZaK-YZOUco407hQe6Gle55Q9FWaBKiztfk7V8NJS6pei8TVrcElW7ykKtsfFCIIrM2bBO8sjru_sr00wrB3V3J_hStNphWYZVpKuh5Gs0oWazP6u3qYRxnpkct4uj2fw5qVELGpm1elej5S70P3srxUOi_PDBhOPu3UgO75ecxbuP3_AYJqE5EW1Mnd_dGn2CRAjWa7t9JXAp9ZegaKc97vACdqzb7txdu6RpUhQLGXq6ZRy2aEVjE0Th3UFuwdMg8qv6qiwtyCiwZNqzFd2Bd3GcmshkcXdzO8Y0A5XpdCt4zchCva2qf--D8-V6UaRfyXG77raAKWo2auQiujka0TuVDM8R44PfZsaVfdgpC9&key=AIzaSyB_RPF64RaB3lypfA6VvXil87xSttgcUNY
Barnes Park,350 South Mc Pherrin Avenue,Monterey Park,CA,91754,34.0583605,-118.1264188,https://maps.googleapis.com/maps/api/place/photo?maxwidth=800&photo_reference=AXQCQNSg_NvE0M-5wr2ofeYgqX1L7jQSb1NgAobfV7-7xtMBPe6XuzncxBxKzc9HwISBlj4rsQZrNx3Sn6-G1gPslHTtefqDQY4hBFHpnzrpJzMp2hIWVas4P2Nso0_p4DMjfcOTuGsnorPucvYOTJJoilkrPDVnUp4XlkLZbvGY3QFkwlinAXtRzSoM9U6aO4fnVS3A-NEsnQhmqjzx89coSVhDkjPJOjn5uqLS1ESrcZpr8_usJVLw9A27RcyDfiz7l2RXLmyKGufmT3lLfyMrVaT9rlacZGh_M8iIIPKN6rzijNchH1kOVZwH_yopXX4ljuNckzpEfhc3bXsrgg0pUC1CGBDg3BJz6I4ScZNLBQL7FzBTOx0VNUJx2IYO4OjfC9qtEyR_kYoJ9itNMUmugc9KxxFoaL8-ft1KUpgKsqmJxZ4XohSwIoP9IZEVLf6KnRn_NHyynElvwY54kVVOYFc_TKvvfNHVrEUM6vA_QEyGESUHE7dwsFHWNwZ194kGFDk-DyyCHSqh_O2J39o3dM49h_mDe9oXy2RKvF_Nb53oUC2ovNcXphFusQDSw98ButDzujNXicSSrhmXlers2-ynrSV50kU5BZkDF-o40QWeoRGIBykNd5hzHPvLcpsdwBV-tA&key=AIzaSyB_RPF64RaB3lypfA6VvXil87xSttgcUNY
Hollenbeck Park,1250 North Hollenbeck Avenue,Covina,CA,91722,34.1021637,-117.89849,https://maps.googleapis.com/maps/api/place/photo?maxwidth=800&photo_reference=AXQCQNThId_28C4EdxLgybG2NTiZdlhIHiGoWWvFertXgloE7YH-riZ_eOK9G0QCQMGuHAIFV1zxVx_5i6iUWVnvbsX7Yj4jDKUmeh9UKxLlN7M3wwbdHBSdcFPQ9nh_tnazhI6z_JRvAw6xJXh62N699T3WAz95kiBLUSbwOSUrWuql8hxox2Uqesyc8dit3UKOxCGXKQ0z0qZM9E6iEwUXDzKvX0BnMKZxGKbUSsTZxFHD5KKuYfxxuGuR7joo-XoJ5pOKmERf5hYjke5ketvggIsQaXa9JSHkMhbsWh904yw13a0i8aTxX0tUYA9_G11INore79EUKblCRaCdoSQy5RWfd2liKvoVCNG2vO69EJJpaXcgsvxO8zYdIhX-hMAWm_r1WpcxMWGYDB0iph4OhNBzYKlh21eyiic-fTm4RBxhN3pGUdcOQEytJFgGeXjybeUTXDWWRpEZ54I67EvhrqtvSg8jEC98qeozpltulmC1x2FGaKTrWvIItWnuVBE4R6x9cYbjlpQXK9Tp6x-QJBCVAL_wzlrcBg1kNN-Pvm_VbuLzyqLqs8utquDI6cIzFx2_B0HMfY-JYoJ6PkAtHsjML6dt6mH870TowE2TvRYEZPtF2AE0cSUtFqYZ0YmAYAsciRRl&key=AIzaSyB_RPF64RaB3lypfA6VvXil87xSttgcUNY
Live oak pickleball,5609 Gracewood Avenue,Arcadia,CA,91007,34.1030836,-118.046252,https://maps.googleapis.com/maps/api/place/photo?maxwidth=800&photo_reference=AXQCQNSnxfSBapXUTCV6VQD2L0lEtaHcMX4uZGFIOT48r7VWZvrGguhNf3fH52fbdwcIMYynPQYMMhB6WEysNcfh7LKFSWn7dcA-IJQIAt0egGWA4eiHsS78zmJD4s-o85ngqAEtZQEjVmzIu5XVSJnjPYEu_-aRISAm4HGAK645GJt-tgFrx8XySOXjI4bm26eW8r1o0-0WuypOSwYZAixoGD82M2cdzu7_2T8w9d7L2Q4pBAbkwhuF8Nn4dG8ZM8iSQcJY4SOsey3zKEUu9v4CVOozi5L-oadxyylsVuBm4XvLsDDTRBMMrIofAh7LvQRrD9NspX0TomanAKSL7sPe1Mj8sdiCVa0bWAhnr3TwOdIdVJN_SKzbzktarqn-9wi_v1q4FgiEZR2ccWbYktbhzFRk7npxQKpk15fMtbtP_QarPNOJaqrA7qrjUYtpjXJy6fPhlUD4C2LLM7Zn98H31IXke0Qk_MZyAfznlkL46iUFob3k1aV-wPqHaV-9imvext4knaRe-JTm9jTojjX-6FqrP-k1jT6O5AG6ir6J0yEcrqsniqq14yUDRCFn2T67l06UmkeF84833pmwwqZ4MiiPVUUpfy83zZEzNYD-qGRMfgmAjmxg-j5GTCJO8xCL1AjRS5FLPR5KLJg-CzGr3Q&key=AIzaSyB_RPF64RaB3lypfA6VvXil87xSttgcUNY
Arcadia County Park,405 South Santa Anita Avenue,Arcadia,CA,91006,34.1385389,-118.0319542,https://maps.googleapis.com/maps/api/place/photo?maxwidth=800&photo_reference=AXQCQNT0BA7K6vnAWTTcLrBLWiEYmoMv4wdGQ4NI8DLMKBc-HMHn6Bow-4eTZrpwT7oOKa86k1L7WhLbCQZBgu6NxVOobCkfZE5EOcuUWusiRQfTyKJPjoAnHi8lEaS64VtD46V7FnmU9QgqaxO4mJsyXkHdCwVfdXcs0EMOVy-rt2SOioNHGH4pC_Eab8UQQPynt8rXkuZaxphIAtfPHI12oIMEBkMV2lc4brqEFGG6iSqBbCR4mM8MUrf4hbu2cVm_tyNWvc5aceKZqeB683Hrg1-Ne2J3saEHcqYsWckNvHxn7rWR8cM2rMECg3O3JxvgqJlMxaBSLw21ok8o5q1ih5AUKMIDaolvsc8WfxJEc3qV7QhXODyoJ2FeqirfOIfNUy9y16PXapcSXg8WhvfCIOrEBA2ZtmTlMfR63ludfkLmN3oV-185gs5b9Ptq9sty8HYi8GcxjXtvK_NXzcPZUOKua9cpEIW2Nchf-ZpCuln9xHDEPIRB1q75igATMb4G6LNSFy3ZpwE_G4348mnQR01aBZlPz5dcEpglJ3yrIIuH37s7SkleOSEg54oadrSz_G-KdGP3VFlfkaPhcgmeqRJ2o4eYPLIfnz7NDpZwuz9Vfuy0vtOIb1KcDEekDAd3SC1hVw&key=AIzaSyB_RPF64RaB3lypfA6VvXil87xSttgcUNY
iPickle Arcadia,405 South Santa Anita Avenue,Arcadia,CA,91006,34.1366759,-118.0334259,https://maps.googleapis.com/maps/api/place/photo?maxwidth=800&photo_reference=AXQCQNTXfgQ-ckwRWaDA_YwEpmVHvn5-yj3Evx6AE7FhPVLHlO_NQdJE1jqaO-SyUnwO_B7fslpzBRXTOUKqijorE8DddI5pbgWddFBfI3HSxWg53LlyyyKzM6Ji0uN1YDbeyPx1goYcV39cFhyAz7pdxurVnJJZbM-tWYtcomRPHtP8QJ24HwxaUBasKwi6SEhulnMvOj9K7bKL3p1yhd4lL23PNbOAe2P0JutLdzXk1Cy1xPmTsrs-ktWD-mQye2Axu4oDf4k4PBhYq7rhukW-FI9hFUbf5KlFxzm3-Up479LETCgf3bFyLPWwQZtTqSzUw13IjQoTYo9RIKx4uWcJwzQUzLW4pi_QSmCqvkSks1DRDwB5TZ2HArGbxZUbqMf7m2ezygFxN_1LdrTRddZSpSObIcJcy_TuA6lss4LnRrrDkzsuzKIa28K3-reYIW6L8Hfdr8eCZPs6JtE9yFZB9F35YorPQoxLCYATm41p4Lznk2xzefn0r8YSUJo4U3ZtwjFdcQvSSLoELem8C3KDksf3_JcMcji39a2e2GjtSztIbdcdkg6UQzjnEc8oY8aWJnBpMnKDwAPOe-JJaddSX6iwwFh90gxY1PDh9wHsjHbobG0Vqhx8J_bREIW73c16nKg6CQ&key=AIzaSyB_RPF64RaB3lypfA6VvXil87xSttgcUNY
Camino Grove Park,1420 6th Avenue,Arcadia,CA,91006,34.1235139,-118.0176107,https://maps.googleapis.com/maps/api/place/photo?maxwidth=800&photo_reference=AXQCQNTryltKKxs7YlV8j4eIWHzh61vLLaDH8JCy7Frdw-eHVUZTHqlowWEC1h8n2JHExQWdsv4Hh7BbUDD2i0LzILBX7khUDSsbCG7YXkr4E_4JQ7j3lpdnR-mAYZEpES-ZgZEd_no_HNkTfI3AVMoumm8KDKzrXZt-DPITuUiXd6UNFCONruu1Moo4QYvjbq9796N8ttL2mxb135IDLu8iEgehi01hQoIhXzvj22MRh_IxmcPlhsBLYF2ds86b1nD4lgxQQ8eB1OvIBr1-9uwF7CvZ59zlJuo09F6WyrpI6CVoXegdJKbslPhfaDFlV5oSEWJQQn-L7G0obgnbLm7J1gldVGTvqMW9fDJgvDSa6_kT8TZSdcNv_bWRZmtnYgQjzld1JNsBVI6b0I53ev5EzqiyHYD4x2uPw1jxHmHLiCKW_TaRyVCFPpDv9pmHIxU0rEkDZooQKDpsYntrEAbBcSGHOsYm9umZlLLyNb6N-dyYXbsIswyFVmZsQya-TfcYZ7vPzEzvHLTdApswRY6SgcTZAJ3m3JTE628w8lVLk8AXJZEspLPXtWBIjOHbcoUmSc_qLPNujD4GLsFYUjTeJ03U0IDQRdOD5YJyem4yUQP_XcVps_6MtLyNikoSBRP6YIz78Pi9&key=AIzaSyB_RPF64RaB3lypfA6VvXil87xSttgcUNY
Dawson Avenue Park,201 West Dawson Avenue,Glendora,CA,91740,34.1182191,-117.8664879,https://maps.googleapis.com/maps/api/place/photo?maxwidth=800&photo_reference=AXQCQNS6Goq8QKDHbNSyhxqmuqqdECSg0ELZ4LcPCuaTtXHsD9l4acQ0_AteeZ0LqYWOwsYYcgRL6ZZXt-ieJBMkQ6hbdsPtfjfugIGI2X6l04a__6xSXxJrcolqjjK_OEOIxBrK7d_KceakEmZGaf-2poVwyKEkadBnEYkP3Qzin4unElPTYMvPz45cbJOfCMkz8-NRGNMHKe1FHudCDRaewo_qNxwxQImkKpAXRL3QUwWKn5B2UHLrsFko-BHRM0WHHRh6q-pRnoOwCg8JTZjFkgcIHabCPPRV2f-Wd6sUqk_ZhSkEmjAXaEhUWV_RQwjz94g6hHhaCOxGI_IFUmkWHh3q69GhiYdaHSh0NyqL3ZgbysggJgW9XZ5RgyWE_bdOoJGBLZOyB4Wgsw9qiXJIPj21DEAb5qGqgDmSnOW82ZVvM9gXqygjWB2OaO2ocUHnl0rJDT3MvKO3vhODfXaWFMmwcEJjDmCcqVuTzcH63p9GQtMWDrRr5L5DJMgPWxkU7VT73HEgXXqRQ-nKM64gTvvFzF0fmWa80oUAqvpxpGCDZ6lIr3vCk_sotTc_HFqwKPDl5_Si16DZ6O1XHTnNbU6l-OXZVGouGpZ-PLFRC0yorAV4cJD3edJ2sk_0RPnAXiLt9EtW&key=AIzaSyB_RPF64RaB3lypfA6VvXil87xSttgcUNY
Maple Hill Park,1355 Maple Hill Road,Diamond Bar,CA,91765,33.9959644,-117.8257175,https://maps.googleapis.com/maps/api/place/photo?maxwidth=800&photo_reference=AXQCQNQxwZ8Rm415zeUQfNgLu1qQ3wqfIDzbcOdSJGcBWxtiSIuIckRKXJNcVCGNl8d4dj48Bl8TpJi4CRMGO3LGw2Uy7gx-KcGAzGxbF_o6Lz2LDc-tM13aCTc1e_XDOZbL2Zoy6Fz2LorpWvWE1l_3LG4gr9mNyTroll6Z7YU2fIxGqDt-y9c7YGiZAPUYY4fXhPpwtHzjwcq0g90uVJ6RTgm3JRJQY3rtnB2jsCgpc0qq1tz2TXa4OELR03wCt_85wLWT_WiqIMr7HqZvcOfR0MIdoisoNMgqfL9hGLztiDgTeSTUMGtucNxUwjlaJjSqleAKIUQ8xraTgrMsbWELbUuzfET3kXBTcAac4CYAOX4-DQOcFJMS8DXtVUYhyKc-x6Vf2ZlY5EFGSy0maMitljkWYWWZmevPNe8NAw6UmX1Qzjsd_9ALui5C7LBiuXhJsNXCFVWR3wk7snbXo26oCWK6fdk2R-PueF8OEI9VlU6K5gVheyH6YofB1n-mZENbkO3XPMcqrltV7EDPtq_Z2A9GY2i9hcdiEc_k2kDTnmvNv24drjT9Nn8vqiA0vGmFOdh1CXuaiEYD31P5zSpwA0TIbkRtCy4Fxp2ROMFwsOG0GV2Yj0ZsXLXeAGYBmQR2aW7IPA&key=AIzaSyB_RPF64RaB3lypfA6VvXil87xSttgcUNY
Grand Avenue Park,1301 Grand Avenue,Chino Hills,CA,91709,33.9931601,-117.7747895,https://maps.googleapis.com/maps/api/place/photo?maxwidth=800&photo_reference=AXQCQNRXi5MlSvpplRkyER-d0ogAlcYYbpGCOuQKqDctqt52_KCOZQl0seUtKRLM0yytgP-K8lp8wPwzbT2rByG5cbLLfD5Nw7asvvRE6m-aQWeUWUCYXQcePDVApkmsraLuek-E20DI6-7EGQegneBjDr1Y54LiMsJgBWYOKiGj2NjU5FoZwIh9Rj32HS5b-mkfNnhkuxPdZ64A2O7AbIBE4MRIlflHm9L4Rf7yA-8DhTlx41yjObOBuPOFSD4SsZLwDLJJF92D-b7ZpYojjxuLyuWGjnwapCvVqQ0APh4OHtCPhsIMP_e9zwomD6Si00EWook-e0b3mzpP6SXWbK4diD81ihj6-ZEYsW8Jkmf3u4VxHpUDqjnziSelaHyBjkwO8muPLnxxmaWLzs6s6FCTJ_NJlkG-ZoiI3qUM9wUWdwo2KiEM70qrwHZ07gHvK5WQn32kdZx73pfviu2Vvkjbk9faT80RicXh7JHesgnVQ3Gf5IhiF-z_wBJ5g2yVGEXNkdKmH4SLSU2ciCsuev3AcT62GVIDokEJrwWoUktqgzDjCh8gjeu84tvrSi9ckCZ65XTU-tAh4bCFNpHFhed7ODhe9KtXgIewr6mX-1ZiV9gfPibcl5RT8z2PcwFhtg_mceSOwQ&key=AIzaSyB_RPF64RaB3lypfA6VvXil87xSttgcUNY
Wheeler Park,626 Vista Drive,Claremont,CA,91711,34.0858982,-117.7238219,https://maps.googleapis.com/maps/api/place/photo?maxwidth=800&photo_reference=AXQCQNQ1ZXjr8B1UF7CzB98nKHbrvLX3HtGYjIF0ILD3hcpuF03c8LAZPvURYPWa6yS1K-qJ8xIaQ-cmjUoYPsax6q-hVfnTyKanQ2SiE25CklF4NzxQ-PJ7Y_iSdtcFW3CMqxMb7hhrlPw7l4SMNly3zArSTw8nEhzUTg_Zshk_pNnNoxVnqE6TJoa44B3vJoVaWYAbhrZAqrginbucgxuLFASS8__wMd0gsuMI502eh4Gu9w5CtWhSuAyTf0TgCtXTEwlcQRG_MRzfWTRJFVlJk9MTfWVqrlCM-WfS1SJCeBzN6EcwMNoGTwO0Vf1uscDsa2_r8wTCdnMA_VPTOpl1LV_e4ar_lkeepR8lKDrdEaEd1ob5n-bj9RVppjdd79thk02SqX82btUowR4e3wvCp-Yyct-RgUnRf1eA2s2Q7e7V5Y3dmg0SR2GfthhCv_hH4kfb64RHqTpaoyVlg6JYgC3Bnu7RnfJ-JbWpSZZyv5t4G5Ylx36MB4NiD_HxXGNliRRTn6sjKocEivwR06n6p_7Vjfno08YFx_lSFqnTexzGpaaDd6EBCEzf7mMNhu8vc3SDAMpKRtiFRjE8E7uru_pvc7tvkYh_qlltxGRXKnfJQDB9vOz84DcPf51Doa1V&key=AIzaSyB_RPF64RaB3lypfA6VvXil87xSttgcUNY
Dawson Park Tennis Courts,241 West Dawson Avenue,Glendora,CA,91740,34.1181496,-117.8671455,https://maps.googleapis.com/maps/api/place/photo?maxwidth=800&photo_reference=AXQCQNQ6jv2eBqU1BSKXhVqLmpXEV17o7_yZ4--g_VH5bp_1gbvCtot_kVkNCoYKnPvb_ufWTIGMKrzhxBGQRkT7jk1UYiIcGA4VzCybBbwX0iNjSzesbclT7tpr-Al6eEVVq781I6bCINug0UBDIWppP_0FfII7fuve2Uqra4gAjGZg_tVf48Mgput3ZPUbXMa8Ngju0UbAyYnBBpEf7b6s5Ur-6KFXvcKGsfwGjbu6sGZevTfu1txBk0W6qz8GlcUEhivNxUmP9NkeVojdeE5U3rnD3NSJaEefu7C50nRZLWYJqUJAjPKDISiEzogTkkLXvAlhxU0oOqoTY0oq0SpJeeGCpyCgleVgyBj50dHSeXTCyjWvblMOZB-5kjA52FLK9rgUBBJY6uIT8r8KLhXt16RwgOY5uM5dlePI00ns7wfOtU2_wzDXHJi96vX9K7_lI7oWr4sIXErwQJSTEyX5ZtQKvfOba70_uHm-0H7qUDanmrBGRCT2gzOZovTx_m1eZt39oa_34-s7diT5h5hZMMUKcv2MWPG8lLiYXmn47D7_418FY0U8J2w6U9Mf7TdUBJOeah-Ed-Fxin-1oxPWa0LYzdFWTVRd6KJd40u6mc2vBUC1SWVf-5zplVv6p6eGhb9OJg&key=AIzaSyB_RPF64RaB3lypfA6VvXil87xSttgcUNY
Creekside Park,3151 East Riverside Drive,Ontario,CA,91761,34.0196086,-117.5819991,https://maps.googleapis.com/maps/api/place/photo?maxwidth=800&photo_reference=AXQCQNTyn1FFpV3SCghce5AWwpeCac8ziaS2ZTDuhdHZ2odrXwOmIW30yAsZZYobiXg5NIAEsxhKxn8Jj0k-gZBI8jNS5kUwMwU_9M7tacShS_fdH7-rJMyGLBdzOt9BLEqbCYKNkVGh-9rpcEji4hA4TKy_y6q1_XNIYoY9AOs4LYLwXFqYbwMJgaIzNq8qWMIuw5RoI9E00JsMf-kMY6jvW8JJgMpSvUfJnU6WBCirfV5dkGEe3RU_IUzbUQfmOf47MizXkuLzM5Yw2BPJkpJmy49vcvEJzxEBwEx_8a4PgG8NIRla0jArn-iD4ZNTNVSasIOERkcatBKkAMFhixMZqDbe-XqV6A0zBmpqg_GdnnfnpBG2N9zX5-AX-zeO-uK6SyOQhJHCyd7b2BTDBGaxKi_vVkQW0b31ZQH0CGnI3vq4uU2kFmX5ibDupfgiUa2OM1fAH2cC5Mj-UmqowpQStbzcrEVsNG8EFLr7AwFd0rUdIcfY09TcMFXATwIov2vlaxPdl1qTlbr1M17GUTHmw5-m9MV9jykEnhyjQ5ocq59xsx7n0ucTA_6txa-nZgThqGiv0kXn2J7u0SZNQKAqvcdNt_iQ9vJH5lmPDNlVT7HEwqaDExs1pczahC_yjclFlP3slw&key=AIzaSyB_RPF64RaB3lypfA6VvXil87xSttgcUNY
iTennis/iPickle Whittier Narrows,1201 Potrero Avenue,South El Monte,CA,91733,34.0434974,-118.0572641,https://maps.googleapis.com/maps/api/place/photo?maxwidth=800&photo_reference=AXQCQNTbFfHpWI3-BcnC1UU_g0h7NAlGCKpp16XxaZGlruN6r6nbXxlect1jFsah7OPU0TOQQ4q28KsxBel9HDYdGJuhYNLTTsypGjP-tplKuWIZgIrnu0fHqTxgGD9OtnbRmELwhf6CYwaic2hPmVPW6dMuAmx1R0fTQJ5wzIlNWjHbjpwQ3YheTrGK3ux5ursMB263KKYgME8XRZzB-RW6-Sy8SFsRCPkwc4gvbcGNUBwp7ltajhIAzHD98hfbBUQr7GY0g5Gi94aAH6Pp1_YlaUsJbzfqUHCuHLNRUKjauigjBjfJ0oH8T77GYqB0RMXnfYWg0cszkDZzVEsXGQqC22nO69UeVsOHvxQFqPvQ4YppjaFgnVPgHOQj3RPKatBkTAY1Ps8XGoKgcyHtcPukKWd1TozEJc8gDoEPHqqdQPuKn0pESHbZjntZF5Ox5yvVyX_yQZm4HZfwVG462lAnZkpR-qvXVNklaTKFQp_L-Hk0Nzy2nUmOtYowAGVNMOTvkNxQqg8LMYmYldhkRjXMo2s82XduTIHhYPfiHUukwQg3StWIWB6LmF4cg8aydonigBPImI2v6z_7F_IiPaAXb6Sv74_nFG8KCMjLOw3ZHCvi5CBUFRK6MLOAG-ghx6REvZO1TN27&key=AIzaSyB_RPF64RaB3lypfA6VvXil87xSttgcUNY
Olympic Park,6010 Southwestern Street,Chino,CA,91710,33.9927288,-117.6665384,https://maps.googleapis.com/maps/api/place/photo?maxwidth=800&photo_reference=AXQCQNRMLu9xGdJFHBfrxerSm7cOqc1MetAH93RxpX-kGTgV4sCSVQ3R6IDmhAxDLPXZ2HGr31nbWmb4Fqh4wB4Uve21IRIUJhhaC03tNn9-oL2oTOFMC-C8NP5JsFfLSJ8qAt5j5QUXf-tEeiNQ9PrhWYjarXnKX5scLnN3qAOtt7qaGg92TdpHPSCywyw2yZBAIANUj3xAmCy7oamYLevLCD0faiKj6YtlJFWx0-l2S8ZaHU1038wKk857NbeRj90i2_ZwfrOvX8UsJE1VJJ1fQeQdD7nyicGbIJS41q_PUzrWMB7ouHU0h5ZR8EMZYy7OMdcVwbW2SmFXInru_drPaeEMLq1Fqt5LIP0JOWaW5-S1KbO7F0e_lvu4nIa7yJCND2gbDfm-CPLIzgp8hOcPqVaYanD6SrAId41g5-AIZns3OjPZWb1L5Kb1yID1XfoeQJNfnNpo982AkHzgIu1J3sINGKxtMlO39V4UUk8UBsULt8POyfKioHqiUjOT8R1XOy1zemOLZgSR1V3jQhWQXTsagcjriQxPCmnqONpgRGd7yt7ixlQrzw-U-MX8TLwvvWZ6lcH-RaLyfU1WSinYhUQPHyjgMrX1byT2zhW-RUSOpkjHuFV3vrj2Ui4LToVe&key=AIzaSyB_RPF64RaB3lypfA6VvXil87xSttgcUNY
Koehler Park,15352 Walnut Street,Fontana,CA,92336,34.1292823,-117.4700885,https://maps.googleapis.com/maps/api/place/photo?maxwidth=800&photo_reference=AXQCQNQKhIpbQUgM0VTPJCQavR2-dfmzqBQy4NcDZUl7zAog9ACi2PpdFk7TIOJoJmtPSBNGr4ZSC838Zq52kDnwgSdcexovzGJMQrShuzeUwrpRt250azXgevlOG6GcjqGEkIo7ZE29T650mMe6q3mV9JaWtdj2_5KrV1B5v8_RbMEhUmAM1eVjqpvj_3GDT31H0ZB0OxsoeblLQDa-kMl8EiWSetVUjzhOePmDyopvaxWw71J7wVRlcWzU_bMD9nWxmxwkoZmIzU1d9GmCHJBv8dy4tC5OMKga-SQkE9MFKru4X7rR2aj529-7VGi1hKx_xYcZY4xndBTjRLhp4_2FLeAH68V9-FlcTp9K0ZNO50lVPaBY5e9HpaSfClz_L0x6jmh7i06uWMBJtVSjnGUZmyk-l4HRKPl6YpLEk3dL2vZnpyXdLyY6jHT-zZ8_cdrVM5-M43nnpykoWQLlc9qX18d4e7ZLnPEVoOhnu-VEBZ_o6n2r8DcNuCHPt-jhj6WzW4VvUS45mnLYm36te-QqaE5oee_yNH2LAUwV6ZjZr37BZGq2lOY4Ufv0L_jwkHaIvskc5i3Kset9KRxrdP0CWLqG5pSlWqnf_tsWqPFGTJCTgUHGhY1lgro3ba3vTrKnmRdy_owz&key=AIzaSyB_RPF64RaB3lypfA6VvXil87xSttgcUNY
Las Flores Park,3175 Bolling Avenue,La Verne,CA,91750,34.1058691,-117.7640914,https://maps.googleapis.com/maps/api/place/photo?maxwidth=800&photo_reference=AXQCQNSFGfW8hIazuBqFS5VdYNkqOGuw8RusuWyrE1mun66aQYFowVK9i-9PE_8vjvFqM6uqu-TqgQ_cIehO6XzCSQQ3oT8d-xhttZdxYFuOQJsJG2Q7H5H3Nc4aPk7zDYpirkPd_qYg_tyXWNNfG4_SF3968lQAJ6aiFlcBRuvWhVTc5OJHwEJCYEC-ygemz_xEu5hsos9V7exTYU1aYTPofSIYI3vRgN9i5RmlFnvDfh5tl99zM4YD5_i4cLHSlQgUS158E6-KlYnd8796V4ZjUqqjLxV5uWFNIRfbNTt4-uJVwEkkNsGjvEdl1TpwqqDKTxKOL8AZ2vNB8LGDoTlxsFh5MgPmIRGzp_H1u0lzgZuByP1rTIQu21mEobUde9_4gPG1iEQse79yma3hBloq7tiltEidVOyLx3CZ6mlfcfvhm3tOzx91miwXllpAylQ6fJI55LcrcCngdc9W6iIm4ik5ZvQLhgnuzH-HgFvPhjBIFMnRXil1NIi9s0zXmyw-hm9bB4lODubM4zIFJLN6M1e4H__qmFSqOPNJ-x9KUnQvMy9rpLuSYtq8RlBzocM-JRc-w3ds8r3_MgkQf9-IM8La6OC_aU3CMksIx3i3puQ3THw4AgRjFQrRsQEYV3J9&key=AIzaSyB_RPF64RaB3lypfA6VvXil87xSttgcUNY
Villa Park,13513 3rd Street,Chino,CA,91710,34.0076876,-117.6951826,https://maps.googleapis.com/maps/api/place/photo?maxwidth=800&photo_reference=AXQCQNRfMhjffewmUojdckiR73JAfmVWLqzVEzxxpSRcjep8ULOcMw28AM2NRetD9KsuOia3ihmXEgs3wqY16Cssiyuj-7kNrcXroANu-N33tuR5nMxlNz_PH5KqEEkBsJsoQgspxAwHsgDRtofRnYzrD3eIEWCjbHVj5W7bf7zefyjhvw5gc8iJzu7YSVrvRa-91EUQAG3hCJm7c0RAP-yZg4iasMxcJiX2wEKmXTw145GRv9y2gJusv3iptKgogkSXuQ0zm36d-4mBtgwrjuQXkagIGP_B8ATAEcpjSCqEURlOOSG6TEsG-wedgjl90Jbn1E1csIea0CgQdEiIUUr0clEvVzeNhU8NqP75vta915BN91EPIdUqeTYeDq8QloajMtSY9PG1joGXkg8WXHw6KsOLecK6uv4lMmm6UAVDMnP_jyM6Aip5OTJkIBA44npA5iQBTqN0_rJYiGn22SdYSwagorK8VehwDXM43-FB55vezq3TvyDpvsXwwXc3E5-z89uE5cWm3H7lr6WJt-6ehQtqyzHa6Ivzxkm9j8F8IpN1gCc3-im68f6DOLoa612jpmjM3PrvEB3LjQ8WZSjQ7iEpfIIiYXuZKIl0B5gn-rN9cC-sU1mUWZ1GqGuMhVM4WeNr4A&key=AIzaSyB_RPF64RaB3lypfA6VvXil87xSttgcUNY
Ronald Reagan Park,2201 Peaceful Hills Road,Diamond Bar,CA,91789,33.9821524,-117.8529214,https://maps.googleapis.com/maps/api/place/photo?maxwidth=800&photo_reference=AXQCQNT6-9Yz3aCtaRELu55drjJLaSa-WXh99m3Fy078ZRYPI7LHv814XN2HH1K_mBWJLAIKQoKRzKoyrW8dHnCgrXNOOqn6CvQHdcMnx66bIVa2FUQ8KMSO5cplqZbQmMgoIrufvMZSIHnvGdqOwiRbCZN7WQJyiLhS3wA68PA711vpiAI-zqjawpCEJItm3BhndgDRXpTobE2su4nrOOXLoLG2JsBVJ3YtY49V51auz1yp7qp1Go9rZ0Yt1CQCxYK29jjTc4B1lFzqR0G9NkSbpxClUnY0DVQ2WUh-F7Tdcx6mAI7Mx2XB-0KYB72_s5P3SJgL4aL0RhVeE6MkMd1WWcRyZ_v3U_CdOHIrhJ4Lk_LyTPQVW89YGPOOEFf7zif1RNs9JCIBzl26KjyYM8EFLLg39gVZvCc5jRmC6vMnLUavyJ1f-zXexO78ScD-5IK0t-ucXvN60NzNO226j_flmbOKAJ6eHGfpv7H_qrNySHTK4IFFwpBDarR9xMhbVF9eqinBMe_-KcVRx68Lvyjf-Ueq1j0ld_FyZb5tWlrj_Ywcjq4KqSLkRaBK1Xx9W7zWcWef9hCiawjC5TB8kKD-2vyMiKzd8D1fnfo2_w_YXXD6GvtpDvtKMwme8L2dSJdzjfWjdXjj&key=AIzaSyB_RPF64RaB3lypfA6VvXil87xSttgcUNY
Great Park Tennis Center,8242 Great Park Boulevard,Irvine,CA,92618,33.6761358,-117.7352677,https://maps.googleapis.com/maps/api/place/photo?maxwidth=800&photo_reference=AXQCQNT2jQbef2_avrT70JPaX9kW8rySXA6KQtzABf0-33styR8HGVYsyhYsExBRv5Akrlt4jU1JQbRJqvryjwPiMV80dVlny6AStY-NJeuEV180LY_dgYBUBrXEMWo4KEp8Sja-s-oh0mKHvfeAVQES7BZGQg9OAB-6wQZEHVi2GeUtYsqR4KfYLwzzoftyjpYbM4pvM6BpAUxf6toTwhhTGxFNv7J3klcqDSEljs3y1qkHuuXk_kK1SWGvADDfU6pQLDIh7-Rs1VkKb2C8ywnC2eGvV8lZiZYajlpLzYVzJg_p0Zl7jrPKces610KQFj1ALXmkp_kiHeQ-mhz58pjJl9bRq2lExR3R0rNlQ2VB-suunM4b22_wUMgGwpQHfdVR5z1DVxYjUKAC3bkbX9CxqnmlVKu2GzSBJiOQi_UF7Iy4TtWT7GnlMkh7ad6eSQf-TRVbOicxZiqaEWYkYW0bIsSYPxyrrwKt7PmiIN55pct4ScaE1aKAr0oyjdHcC5sIVU__ACxsnpgFuCt2TY31mIde64xYEaghsGEYROL1ciEao7XQdk9Ugh5AYYitCn6SrStk3GN3Gc9zInO02T1IiZiIl2S81RGQX4-nys6LvOEPhewQqkpf2lIVjAPIXq9N&key=AIzaSyB_RPF64RaB3lypfA6VvXil87xSttgcUNY
Citrus Park,South Mountain Avenue,Upland,CA,91786,34.0912483,-117.6645979,https://maps.googleapis.com/maps/api/place/photo?maxwidth=800&photo_reference=AXQCQNRul5ypCBN1dU8CQqVIRmKQauPHQ9eLR5IdrCmqDMve4eI_8zhb4VNKGZDINmR-K7f4P6tYeVoK4A5zLoya8LiTFQNgxnHbPwlcNJaXyJweTlibf-oNTWxEH4O5IxmVnH_Rcl1fOBcxni2lwJuISEc7-_b0COiGcmSPXs2ATZ1zGdVJTYJg0Qnf9N2KRsQ_xdBRTKF_1Z1ddLcAYugtPUUEdjDm7Zjp37gpIVC7tV3Nns7O6yq6F0Yfah8ECFrcUMw5Vh6hMFNGrB7o28m_WFTQqVDoSkpGjRXPza1IN8UywUI_HKxgfeVKxAHF7uCBz2BriXpHiOjY0O6nbKIvIQMRYNTCCiOMQSiLdxCYD4N6HgI6ICWslaSCpmmYhgg3HaTAK6lF5lvQl4o73P8f5Btqv0rchUM4SSHD_XAkpLGwWUbbpEE5Q1NFRvNX_Kxc2KwMyeiuRgGIGL-BvgjLI2kdUOqMxDAWjl-ALwLYn7FLlbeyChRHsIh71fbQ3cm61jINXVkwcqMQX4ANMhQKD1om4KjuzpnztDXJFOK-I0Tqthp0uJH8dCQJr9Sz42GEasnANuIvBve_2N2DaD5FIQBFlFXxEy-IIiViCnIpGTkYwfNe9KCiTk43hu7Kddzb&key=AIzaSyB_RPF64RaB3lypfA6VvXil87xSttgcUNY
Finkbiner Park,160 North Wabash Avenue,Glendora,CA,91741,34.1378409,-117.8604429,https://maps.googleapis.com/maps/api/place/photo?maxwidth=800&photo_reference=AXQCQNR3NppUXTT3Xhoi1OPuWrKJYcVWyntjk3kOw-qO5KijAWpYl5Y3uTfnQF5Ob6p1Bz6MqoX7zpZL5H0izfamSW0I9b1FmwrtiWA2hTe_0N7LW7MSJ_4W_YEZGesQCwPn_CclcI75oSjt2VgWKzTRgHXIhi6qMtIfkaYb6yEfGIvuuq7H8JMeTqkFfjiaYsNBvplSXvtpaQwy9_ugy6nP2zNTVYpNDjmS3-xqZL9N8mlFAl_CGuvK5QM50nxwS1u7qmcqC53MpoPWX6usks4pk3f9uyh7W7O-LjzsrdWaCdTiYb8jwxIdQX1JtPS38QwgOGmIpzgR9Q20Ddc8W0silmIf5a4YoPS2Oe-o-UmgyMvK_z7JqPfV2aRkYlshzobzk35FODhybum02UytWDspGwzJ7gdbWNtiKNd3lL_rb4xGvITJigj9_uF9v0dgpoCi_0djpk5TIUgg-XwX-gW6o8HSLw3fzJG1c7NNZvPHiOPEHuOsLv68lHkdcQ2NHY7dVK3S8UgtaXlPDDhix-mrWdy2T2VGB88ISdPh8W43W8Jfr2Gm3qc87z07A4dCRCeB9d5RC9WoUymP0F9dS_0r-8bzcpw0pCMHq0nUevDzkurRNHfMRv2_JLELvWgTYQEv86vzSg&key=AIzaSyB_RPF64RaB3lypfA6VvXil87xSttgcUNY
Cameron Park,1363-1399 East Cameron Avenue,West Covina,CA,91790,34.0615389,-117.9172009,https://maps.googleapis.com/maps/api/place/photo?maxwidth=800&photo_reference=AXQCQNRsYytQJlF0Fyv57vQOyFhYsX9kLa6m1-Sm0e6DmnGuHSAkKlvqhr2QtnS6iaEYIxwuaH2nqKWu0ER6AAUUe-yQw4tg6NOFIon1kut62WTwlK9TyPKFSYlYq5-ZLrShF0fjZDowVR9xFsMMEtkD51k1Lojf0eE4rE3J0Ufb1XrMJPnOBn1cBm3xCa0iJGQn69XDvDlcxLZ85FruVxLkhSHF1eY8TIodl63MR-mDBtjrrxud6Cv7Dk49mcxpg-dpAId4j9V9u-PpuBYvs60NnmQ_pN5S_k82VKrZRhOe_GVHstsU9vKVYjzLy3c0H2ZHazCGo3QvOQ5kwLC8Ji0_JgjF-gFD2AG8cMJEXQT-71ONI5h-iAJ5KwX64sHiuIoC9jubq2KGa6XsJ1-mQd1C-ksUeApzK2ecXQDsNa8AjlEpQqBSmuudoRn3OWYUrM7hHMIQj_wN2PRmNXR0YVUGQuJ1YbpA3HSJ9uM8WgdGC4--5h1wkbdIQ_90FmpaTmRzfIzNQqluktrIVb9HgnYMXcX28flOearLm4gDP8BYZ1qmlPlWzDaJNJxiJyPdNyATfw64UicIYM-I8-9na5zG5jVcIFuM_XL745TfoSafDWNVmoDs_huRpBgpMwT3l7uX&key=AIzaSyB_RPF64RaB3lypfA6VvXil87xSttgcUNY
Elizabeth Davis Park,1055 West Laurel Street,Colton,CA,92324,34.0821425,-117.3413903,https://maps.googleapis.com/maps/api/place/photo?maxwidth=800&photo_reference=AXQCQNTkczNE8AlYP8hNX4UqJNWBjaajFO4RemsTItONFNx5z-a3Z_ywUrGjFnvvyev-PY17NNCyiYCwxjGLMeAuD9xPAB-Kx10kRLpxcl7ihREV3jw5sVCfGwH_jSGL18p8nMkH3shLi4q0GRboppiLFqP7R-ZUAokLCqo1Petfadf3CXhzsL9UYcjxxuVujoK_jF-R_BL1Bc1R98kG9uTvQsBYuIWYwj0cvUa5HYJ9YVVu8flDE0Wt1loSzTLCg_NLEQXRNQzTw3A8RO1r8sth20R_jJprQFxwrPONxbQ2THVB2lnjRCs1b16yppZFJR1JF63TWmb2MwbLxiBBwsY35tfwAJE2_tF5tgU9hyFFt5cy-RxB70uu-Qx769FDuaXFsVUWLDzqMBvFFr73dtrc4qSxCI2PJfAHRdz9vZnvDCqBfrLnrgtmco245Blrr1JoEBiui0RT_iRpmSRHRZ-2QahzoCl-6DLXgByWA5vfD9Y6K9bBHHAMtGsCR35Nz1EIJnKHaGdkN_rZeE25RYXN4eT4s6RRPhblIfJCDKfXhZFTKYY2jFkw3GdsQ_DisFTDQHFmPMekh4x2RwBQTzeuApMF1i1Nv9_d-SHSwtysYqAku72xOzRJ8MGWJhfdg-hk&key=AIzaSyB_RPF64RaB3lypfA6VvXil87xSttgcUNY
Mallows Park,520 North Indian Hill Boulevard,Claremont,CA,91711,34.0989546,-117.7198209,https://maps.googleapis.com/maps/api/place/photo?maxwidth=800&photo_reference=AXQCQNRtsXHFFWssUxFzb1k8I8jlidfliyCzr0nTryG8Sy36Fj61rBB9IGI1nor4Rn-Z8YlsTMJFVPKm19q0lzS1BYZ1pYRvCanJZym8R0ql7MiEcr8o8wEn59bqp_hYnpk3NN7e-FHZW34z-9ydqTd_dh4C5Oys0H4leG_msolRI8D0jBSbxMmNyRW1VxLjgtWT5MYuA09_92VzBfcUVYzjIs_m5cdymISHeFs5S0V86YpY0Vd1p-jzR2B_35HsJeJ4taaCKVS7t91RVdAO4L5HesfSgjT8d-tXiQGltAHEfSdbmbf65xxBxxwRwLaMPnFRPlyk3WaJrbDj05F8ddwhk6ciJQhrLSrFkWlW9o0XPq7gXiXxTKECGXLcuznlqIlWIn5lSN5HYYTtwd3v39qpPI45KHuY9J5PTDY0salRvFI8VBq-Yue68uqzA_tA22E4XN5Xclq3Mhs3zK6sT0lTR61UoK02CZKm9-ubomrM4dEZ29JSLn_m60plrm7toG1AqWd2Ost95Ui3Zl6NkACUEoRe9lYx7nV7WHQCxYuqyQ-wsLhsazCCxSBm6oYcOmTSCQ0QsUuSLP_dDBWuARsrO0YEkpytDqudBBw3q8XRDPXRUhbaY2iuKthnqBP-EUzkxMM8Lg&key=AIzaSyB_RPF64RaB3lypfA6VvXil87xSttgcUNY
Villegas Park Pickleball Courts,,Riverside,CA,92504,33.9331724,-117.3978814,
Red Hill Pickleball Court,,Rancho Cucamonga,CA,91730,34.1207375,-117.6121094,https://maps.googleapis.com/maps/api/place/photo?maxwidth=800&photo_reference=AXQCQNQS_FwXENnM6cC2lY1qoQnIpryTziJupTTonkxy0MugmWVmAqoZXHuaj7KK5h9SAinCiSoX_AuQQ5scytdlRIh3pHZST9HCkU-VtkQDfpcfx63n2ouKmAq9MuivUNeSBGwYreFWue-4zp_rDhPxR75lIjf5t3HUCktHhERHEatAp9T1n5rS9R2-F4160m-A4q893DRaKK_zCAM5KUH_jqoL-RqJzE-yQTl0sACZQpcljPLiDJcI5n4dhvlMU9L-ZROt4wfmPNuRXO9tLlkvG0SdBLGLZCAi7EnyTAQGuNKzCZdu0qh0Di-5Q7LbdDHf0r6-iGQdNyE-C4T9gf8Swn5Ns5dP5KEvt4WoExKhiNlo-6KCn2ETgvJOBf91fvLSQyQ8mTJvvD0MHDfPJj91nk_2a_XVjzfDh2BLalMkatZAozE4Ug1-vuqA2Nt8Rdr0mwzZMIZk0m_aTGVa19ArBAQAM2FsVpdQy5vZzsXCAitFCk4DtLZv9O2BDF3xbBdKzJKgYGqvnbEyU4BirWkO1Ji1HJEJUVi0_VoFBmNwkdh2N1oEhVReNHFARbNMBa844FACtzaaw0m_ymQuoDPW7a2xCP7ofpJ22MQFPzDaigxvfuuaxXfEzm8wfqKaSGhF2aTrvZ1D&key=AIzaSyB_RPF64RaB3lypfA6VvXil87xSttgcUNY
Harry A Lyon Park,De Anza Drive,Ventura,CA,93001,34.3000514,-119.2929732,https://maps.googleapis.com/maps/api/place/photo?maxwidth=800&photo_reference=AXQCQNTkgcu-1_zVG2hn-jKF9p0S3IXtthwcyWkrWm1-C84z4acjTMMyESBYugdYGaQ2PAGJRWiJgRTNKMNHPHPd3dkineePKV0siuuNvdEsaVCVwBH0F3YaO-yUrYIss-sVRAoo2dijQCbNCiQhxlObAdgmEijB2pa1PU00mbUWfnkNc8ntY4JWBbI8o6Gwhi2JCUUvTF8ZAClI1E0J0ha2Mqeo8vH7IWlJBxCLfEd3_07fS7T3uiCMl3FFWHyH_Xg948mrWT6x9D37jBSjuwGqz2KoGHYibYD0f9FWWp9GmWeY4FbVxsifw0XP_8s6icXZeTgpuka_vWsXlmRPITinGgnkOY_RY2M3vOJDXhT87Bs1c9KE6dVEbb4mPgAkknYW3BmPxnOGesRfI9nEp2u4EJByYNjWWz4LXIRyglHvvPfY-uurfmH6XlGVxdSl2nlMBt5s2a37OI4U0HsjZfuuUQe4AA4oONOOQzBS6nI_pq0rh11sstxmhB0RmdQp0_bVjNnES1n20ooba-T3B8dLpUS0EBAcvUK2Z165ahcZ6rwaSns9sOSBDJ7lEXGN9diPI4oXQ6_xc_xh6d4HI0vLqJZCOGAk53G_ihLkU8hVxtxGA9i0kzTOuPfXEaxL6-Rn-9XCLQ&key=AIzaSyB_RPF64RaB3lypfA6VvXil87xSttgcUNY
Pickleball Courts,3700 Avenida Simi,Simi Valley,CA,93063,34.2874765,-118.7238651,https://maps.googleapis.com/maps/api/place/photo?maxwidth=800&photo_reference=AXQCQNTEgl0cmbKNvvFSHjpth5Y5D1jR5Sqv-bw0BqfYrL5RXkWmF5PRuAj0se9YxMrPbyPbJ-8yuZaOJIPwiu8VMz0rD4ABqMzU0p6ZfrwaG1ZelGI-6NsV3WK9-lt4URgSMuAv11L7J0yuK9l1BZyiUqNrW4-QdG_Mr1mz1IPADsULORFF7AGH-B548F6tXj13tqQsZF06AG-hND9rLlo_Cu8dAP27fwwlzg9qStvalkVaxpslcGWi5Sy6BeYJzoa7npQ6yED_iX4KRcWPs-H2CgkjN7Rdw9LNrEcOt-pSBrZ1K_2HYdeFub81grIq3ZBo3OiCjj09sla7iiNAZnBf_o5y0MStxJymGPyqAE_KFNXuvAx7DJIk9AuW6F55vRQaA7n0Hoc1-Z89vELAfsty4ho7qv0j0SVXI4rF5-pwo3bpns-O_nVR8BG7YAly7LYFlP3SClQcYyqoTTs-MfzeLAjGJyAY2movzpQOyr9rX3A8M29za4kgPw1UOaIBaDhn4wd9U1uueTCGTwFDpwwit480ecgjnt8ttadYbEkRVU7MsgYQiMk2qFnSktQNbZ5V76A1xB4DGaqDKNrSXOAxp5d__3R5_6muEzhVyIoMF18hM1hVzGvSpk0a2AqfHrYinJrN7A&key=AIzaSyB_RPF64RaB3lypfA6VvXil87xSttgcUNY
Deerhill Park,6700 Doubletree Road,Oak Park,CA,91377,34.1854035,-118.7584254,https://maps.googleapis.com/maps/api/place/photo?maxwidth=800&photo_reference=AXQCQNS5f_CJxA25uXk08uhqYeNen17E-kZ0Vs3wBHxNal4gZQfYeZYJistyju-O3EnlAYfXk6jyhZtvwCRk-V-J2ol32KEP-UcbX-2tSOiZsYmmA2wmNF5Cit1u0cNTbnV4NMmVvQdwxZraSOcZFbQLD_3wr1gC7SMxCSz9gTBPpIGp6_mOnhmTpk-ZcbQT8ktqU94p_itjjpFJeVoXurayAEvN5h4YaFNdD5l0CICqMGXHdpieF6NdZYfbY4da7a5Ihj_6zpBjOG5AAx4uGMhqxShwSltkbVhVUwMak-IYkUjghaHlhVUIRYW7ApWjtrZ3IBwVF6Q1US5MKEGGUaAcMLYkvV3zK6jMB9VXMHLeWnb6EUshD37jEj61x1DTlYdsZJ3uSkzHDzo2EAjjAfSBiAZJ4xipR9cBORa5P9fqm0uun0JamjiBIuWtHsuN-EndfbWiA9TETvBd61spSug9is441MmWQvTrw3-kpurZ2kOd8LEDzfKrGSHbheMbJdLtYGajweE7r7ICGWE7P_meLBNP9J_00zZkeohVsf-RDLRyRTx1cP_kuUgHTAvOYse717M1taoEhVMfFNqNUjJBjpuJRZ7KWkCnzJTfBk37nPnUY7u6gDaud8s2hJeUCxmYDWGmlASw&key=AIzaSyB_RPF64RaB3lypfA6VvXil87xSttgcUNY
Oxnard Community Park West,801 Hobson Way,Oxnard,CA,93030,34.1937985,-119.1895752,https://maps.googleapis.com/maps/api/place/photo?maxwidth=800&photo_reference=AXQCQNQMdN3Iy7CVLfGOtRHDXqUvH6REXOFclearLmlmb0lSN9xwh4SvhK4bDJLR-8U6FGYmtIzNhOa3PTpNKsHboTJg8v7tgxKi8dJ-elA7qQk5PhuIZjVtNofzUP1o1B50_AcV5UXMnIOEewEjyRQELeY4kQpZamBjJZw7FyU_tkfcodxpoAwUvBuu_hdNli3kmJBbmYEeA5xhe3gNz1ivZw8roCDe2CgtzukuvvAi81OeAm3t1di1vhd5YppZj0SERhgmcSq3xxObNyjeqQPdVmmBS3yp9UTA8pJ9FAYouOMFuRH_-3pTFyueXaIKADLuQZwcO0WVGBOMIwkEHzuc17c88RdHJX0zo-kygn_o5ouftue24a39Uv2wA4pcLawEWTbcJ7kDEWnqtZ1kO2DpfPCP6_uWIsr9daER1AFeQ4V63DSU67LFV-09F7Vj5VUhtgExjIe_S-peFYaq57NMn0F9vCbr4kUCMqYY8JLgS1m-sbcqRcG5XPZ98l4t0-efJdjZWoHrLcLBShHIgbNnEdAEALH4kmVMpk_RNTEk2nH7RyaI40Guo7oB3EhkebLPcjXHXdIcCg9onB1EOi--zjE80fvi5EoSQPKbZup0dxjpJ4-vISQvRYR3KTPpDvksxZUDQQ&key=AIzaSyB_RPF64RaB3lypfA6VvXil87xSttgcUNY
Bob Kildee Community Park,1030 Temple Avenue,Camarillo,CA,93010,34.226717,-119.029263,https://maps.googleapis.com/maps/api/place/photo?maxwidth=800&photo_reference=AXQCQNTppDnzbfgcGB2M160bOkjFnDpnQ5A8tnAsRGcgzh5SgKjYyY74nuasgFeP0Gcjd4M7fudvOP7KIDZ0UsVYTlsdiCDWyBKgRQ1N0iTaFYzo_I6EfKln_qXFzdNFsaAUm7v_qqSAK43qoVPYzFOtAh_mtIkboNqUN2h013uSj8V9C5fFDdRANAdR7zrJuh9Aq_P732SB3KffURbMT4QZAha-vTC_9SwYmN72ezOeOFD1z2f7Z-aHWshW8PD15Q9aW-0h-8GQODoAo7mF8-EF5adWLYbjPIpi8_ITxy5WwTW6NH3Ju5rgObhridfkYj9vmg-Y_EDTl4c&key=AIzaSyB_RPF64RaB3lypfA6VvXil87xSttgcUNY
Tierra Rejada Park,11900 Mountain Trail Street,Moorpark,CA,93021,34.2675731,-118.8967083,https://maps.googleapis.com/maps/api/place/photo?maxwidth=800&photo_reference=AXQCQNRAVxCcUnUCsfxba65fCjamRJNnMwkHnKH1iu2_LuwSwfhSYDXfQoxMituW_KX_UZcbzDsDX4ICITnV93t29c1k2jBdUmLGeEo3zNeopnuiSqzAHlHXcVBx2c-Ieh8BFlTgxNY2jLzOLki8wT9mmodsXaMiIzaTUweIUm79VvSMbwdwzFPI8_AhJjqPyPvaUv54YV7rxF4c0K6n18e4hP_Xn3MCZe5NaUdUCL-USSJ2RG21XrSy2GEKndQUL3mtaH8AYmQ9WD6bIo_NZ5icJkmpHFawZlkvmygYJsyP0ZHhv2rFv3iyH9TQ54J0LAbgrpPVrF5Uh_76MQnaOMuzLNTXj28olmpl_qOZq33hCVOZKfp5H0kGJHf95s9ZpIv08MG2K12OBh6xhhQ7y3dapGSER86sIHqLSvjYLVbAjD5GWSGjU4SgukgsYDww1a2agM5W9F8_GxpV1qhmhBE0h0oXeFIAgtZB-f0opHymCGlz6S7aUPRKzjwaat8jIGjsibU_J_9GcIWVwFParEPy1fIRwr_yFllVvae7LBNm887JGCHmjV_dBDDNNiK8pJw-kgDBagcaC_7mSkXWJkTRBfWAEAXV2Sa0dkmDm_8aLDnHEy2Q&key=AIzaSyB_RPF64RaB3lypfA6VvXil87xSttgcUNY
Pierpont Racquet Club,500 Sanjon Road,Ventura,CA,93001,34.2741206,-119.2819222,https://maps.googleapis.com/maps/api/place/photo?maxwidth=800&photo_reference=AXQCQNQbZrKDVJF_jtfkgwz24XaI8rDkYI6oR6ZmCtO0M7huhyr3aHPgTYUtHrIOCyUqOZZ17zuG42DMJ_dPHkN0cXB8o_mAq2rKCiIuS7TfXS3Np26Lnafi1w7GjGGdWzdMa-L6R656ltvpJuw5dh6lbWdzjxyc__zn0qKav4ZAkM8fqleEcnoYzGKKPOeiV8w08L2CMKqcDULsA2i0--tehVj496WhvYITskFNAKiCflJeRAI1jZ6t-pRGQYpTXLNThQpBbF0yZNYbRpZ2nl2GTyRSLqDk7OVqLeedxTwo-6FChOgDo_agfPF9NC7gH3TSpRz833aJKOo&key=AIzaSyB_RPF64RaB3lypfA6VvXil87xSttgcUNY
Pickleball Athletic Club - PAC,2000-B Anchor Court,Thousand Oaks,CA,91320,34.1950098,-118.9229225,https://maps.googleapis.com/maps/api/place/photo?maxwidth=800&photo_reference=AXQCQNRTLSGQYwhOEe1abZZB-ryXX2pIXDvcNypL1_v-9K76Y4W-J5I_S-POCcX007jv8SmlH1Ab0EHFQQE68L3j5u1vFBq0dQqa22hsoMmyuxo5kAOJ1BJANRlqHjKUJr4EhFA-uHJsF18hfUSjLFNHFATo_XN-FDxFxe9FKqcsFfLbJsbeAp-lCRtWBCByAvtx-i-NezeJX5qxV1V6QQc0BSCLBaewhFX46Se-hNbk3It0EVvD2WATG_AiB8xmVw8O4eDwQhHUTdsa997kD4OOB5AFO8_Hrdqh3wmoP1aRGagHI2-_mmEW0xY8up4-2AqkTb0FlTyxdEM&key=AIzaSyB_RPF64RaB3lypfA6VvXil87xSttgcUNY
Seaview Park,,Oxnard,CA,93035,34.1933398,-119.2135239,https://maps.googleapis.com/maps/api/place/photo?maxwidth=800&photo_reference=AXQCQNT_B0xqM079PcUrOpv4AynQoFlVETCkEFx3DdIw0K0L55MZuPz5Qx13hPOAKEXabbyG8Q0kMV8EhbCDIOvxAd8zunhwIaCRJ-XxqU_NX39s2o3FLKuw7UHINZDB9K6pN_bLUHQ983OgoQObBX1lR15Hunw4d7dhugWb242rN3sdbFMPtpdvPQzsIyHe9udq-4ATrfyxxMdKMh2H_niT8EjkEw348v3UL7B6xKdRr00uMGUTwWYc72hE6TXXenkOAaYSGZK2zUZaWrVcvQ6Kc8F76TRHWsKpqDDMr5rVHRCB2WqnoqltjsmzhrvUnkMvUTP0d4MoWUyfXweux7a8yZ9EQ0q3J0OPwd1jaia4Rl4E81kNo95V9mQT79QQ160UkPDOLWG_XdcxMIjjAy0rO10sb3nwfC__IlLwSEgkCTVcwlKxl2ZFl1kmbpf26DOFIH6oLAu_fxouT3GlgaTTZeRh2nsxmdecP1Wdu7C8exyZb1SBQg2Wzdo9WL2U3MqaW_ZD-Fzz8_EErx5iTNT7tMcX-9Qgmh-urB0zc6my84lLzZMliyFMB3fRjnbtVDPtzMB4ZxiOtIGisu1_0-qNdjykfTxmy7Vyj8IVpwg72P1yM_uKOcr_dOx_dmhyMCkFD_RizQ&key=AIzaSyB_RPF64RaB3lypfA6VvXil87xSttgcUNY
Pickleball Court - Lyon Park,De Anza Drive,Ventura,CA,93001,34.3001864,-119.2923021,https://maps.googleapis.com/maps/api/place/photo?maxwidth=800&photo_reference=AXQCQNTLlQ6CrI4K4LFtD4KlwlyUUfOJFR2T8QvlKQ3uLJ9ZP09i43UULfRD8fpFmD7t1KlAWg4W5DTVjqQU3kM3IA5t-4gpF_rMYbAvEQezFbnAayQnrUyzokVyyr5ifvBlkqFGGG-Ppb8HbhLccClBIAQtKWghB9i57AyAAXHJ74NivYrBKm6LsfkmUu4lQP4dMdFte57afxPABT4c5ZaE8r5xBWKKOPuSVC7OfnJQboFlGi3FAYuGsj17RCllcG_mz1ZebpRldmVJj4SdGxTP-29xd_lV219ueVToRR3T6p-iwVwvEi1vSo3SZYUNbWNb8UObRZX8F6WhTQYgAQIg8tofsFoDCbBbszx9N-T8YzoWPH3C70iLfgEZY1K5qn2Yne0KxKsoycH5xLAAoYLvfuo_9A-iKLILVypJQnel11eiGt5x0GONNisYzEZNRKr2kc5H4Fwjm1PepfiHeokfntdX1tQ0yqVzqF5KkzBMkzvUsq5M5zv7Qz7h5q6iLUPV0SBTqCEInz1739AEuryObhegpQWzbsfcot3gcM0jJyPerdZtfXog3A7IEyJeY3W41toXbdMpO4V3KubNvv3B3T7-iNUVBdqbj1ewkAAZ7aRw-4q9KVDwnZ06vQ-bBz4CisxKtw&key=AIzaSyB_RPF64RaB3lypfA6VvXil87xSttgcUNY
Rancho Simi Community Park,1765 Royal Avenue,Simi Valley,CA,93065,34.2648393,-118.7634755,https://maps.googleapis.com/maps/api/place/photo?maxwidth=800&photo_reference=AXQCQNQsED-989mM1ntj_3DBSrKRGfAiRDeb-VQKBEkGBD2ajNecgzkX4hHrvS6xrmeMA5uyZZTMkwUBytck_YXG4k6xBisT2csRwdTCZfiiZ3-vMcIgJuYuCJ2RYwQfwP76_s2SOoLHZEN6gL_L7GhHASR5dGVuOa971Wr7whwb7RaB2vR2bSYMvcAFUtmzkQsj0SBS7rHXLN-EzjzD-xDokS2GFr-FlzIpWD3_7A-LqpLg6-CYSyvqqtGvQ4MexWkODmM06iVsFSkMyUNWaLepnhtnPSiPs6T_nS93ezJLmsOjxu7SHPUhs84LoxPrIIAwIfEZJzYK3EnvS8b1lOnZJDoNS2wdmw4rYNt47bR9R60DGzKn62TsEbxKzbo03yGhgTFBie83aofKMRS_i8YK9fUcQp7YrLe5nKw2Q48Y4GjZfTT-oBA5tQ-ea13uNgGm0Ot5Daa_DfTJXnmz_FLE8r248OU_IrH9wR43Aon7pzgycCMAah-P5VKPuYhICB_UcqXhV8gN9isddCIi2xDZj5llfpp-GDMSYoDraaf8ZhHZqwZ8OKflUdtBeTGBvSfKR3wRNGT1l4MsMgzy1mKfK396C77h0eosgKCizGdNQMZiOCHptckgHLAnvtFMwDaH4h1Pgw&key=AIzaSyB_RPF64RaB3lypfA6VvXil87xSttgcUNY
Rancho Conejo Playfields,950 Ventu Park Road,Thousand Oaks,CA,91320,34.1921777,-118.9124673,https://maps.googleapis.com/maps/api/place/photo?maxwidth=800&photo_reference=AXQCQNQFldLO-QrnmF8GpaTDgXQdNlYzK5r2pbSSp4NduYl94-3hc4YveBEb3aQSJP3p52ucsmofd5S81v8n9fNND2j8sDqLq6KlnWAV_PYiZa7A98tx9ToFNGJ4M3NYMn4n48Q-Q8NOWWazHnhgvfYDJX3GL1gl2cXhTQPHUZp65hFE3BXB7DmNNyOyv_Vj0cArfAHD5CK2qiO3tI0YC9TKu1j4_b1YRmXUUx83xpCAnuA5kPTvzNszPUOW1V7yS1rgg5fiwTDXzFveDHBFi219XajmPuZG8xbJjBoitx61o5Ch4AZCwmUKT2DHz8hhBEZBLN-HNQ__2E0Hs_y8-u6nHznY7zmaJTYbkKYqUEpGvRTx44fMf2Y93J4uXme98tCmEiuHEwP6yNSnycb14LkPWQsmhhSdebzP4Mm3N5HH51lQkG7R0wHLDTHv1ohysdemb_4giTAiFPfubwbOdkulfsVAlIIiKH4-eIYc-M-16sMiGY12yDjdebb0A_aKiFwksAFUaTpn7ATS3hrzU4XfVzs0myKJL6LtglV6dloKOeXaSglywcIhQvsjyVbZidH6zyvX5CAKbM-rEe_XjLSIItDjtCNq6pylZNn1rXm2lwzU9rnGwe-6nQlQ-mIZWZYO&key=AIzaSyB_RPF64RaB3lypfA6VvXil87xSttgcUNY
Juanamaria Park,Loma Vista Road,Ventura,CA,93004,34.2834924,-119.1926602,https://maps.googleapis.com/maps/api/place/photo?maxwidth=800&photo_reference=AXQCQNSJWEjuu0dXHOJFCW7MsQafEDOz8Fm2aRasjr_JAefxbpRKfxlvrbsAdaNwrpL9t_xkAuP_mRJ5eMQyURPTkchqE7KA6SIGswHcPWyC05p4-B3XIcjugRf5NFrD88hU2ZUrYZACb_4sy9E9P5nSdW5xpKJK34BGXarPYXPcz2Y2wjgrwS-zV9ZqTDOTnFum9Cu7Tfi8TN8CCHOM5YpetsV_OAyb7tFpA2BD5FMdFqrosGf949oKRmsZQCLB0z_WlJhLab3DO7UtDwtJCHBCuvfNHISIvNDJl1Vu6dHWgBWUkM95F3vpRbMEwc0ag7sDnTjZvtECbm4XC2sPj0hU6yXo0Yrzofz0bo8QXRPdixw-0ynkjj7pw86P3OSgUX3r372lc9XIqhTfVUp060Gus74cbMRdixhZ0iQQzyR0DgvxgE-h7rjzeHmzyaPpgpug7EhDRt42RqhC57JHZTehaUwFvASAOCyrMKVm-Pr6YTx3ibGrnh-rfm94AwK_B8Hj1BI3-HdlJHVPccQQXNSfIxkKBRYJjDNjtzwYdEqIG4HRuYpIgXV-MkA5j9oCZXtY-HBZN0cGG1GU2iNR-vyBOy-eSD11j8UT8KQJp1buFNH_ggKOEXCUkTg89gi-CkWrhaDL5A&key=AIzaSyB_RPF64RaB3lypfA6VvXil87xSttgcUNY
Miller Park,4530 Miller Parkway,Moorpark,CA,93021,34.273269,-118.8617462,https://maps.googleapis.com/maps/api/place/photo?maxwidth=800&photo_reference=AXQCQNSrzqxwYWHTptcfrmHNdf46NWH-8rhn56Knk_f78rM9Qg0R5OFBBIM2SgMvIM_2BMgWiuGOJZN9ablf2_W2O4CjrRNW6DcIM_OZhBkpV_LFeEhsXJ9LeGFZypS5XPP9CQC_ncD1_ilSm8DKViQx445mpbi5yg0cO4xk_JGJqGTBIX_HFjDyJlJHh-zp_tRrviR7GAsezmkazmjMU5dLQmEAAABb-jVFmV5z3s5cpLwAEOfUCVAcdUH4P8XnwZHqE1LwjaWCcGXz-sqkcPb1mbNRPmIek9uo3o0y1G56j2W3hNX0v8S6Glmq9SZ8wmDcScOOcpcaxcP4xhKWF0oAxTlvN3LHzLNxKWGnk9XsYRaN2NlgpiO4sptG7MEoLwF72YQtcW5WpKEzLknNoGuCvqTXJ6Cv--5QuC5Tc9fL_bbI9tvyH17qIH-sNeyCQL10cu9fli3UJo3aiG6H8fMXA60jPmurChXcWu_ZRo4kj1bUHtrdIESzIU8VfKtL-iz-Yt_DfgJAeeLgDzJBKNOeq9pegz9ig144NN0S34aN2jtZxnzhS61Pr-yufzPHLDeJnsr89R15g7fRu0QEs_cj4YRqVFTG0vuRTf6iSC711YcckMDkHvnikCRARN8P5dRtS2i0ww&key=AIzaSyB_RPF64RaB3lypfA6VvXil87xSttgcUNY
Bob Kildee Pickleball,1124 Eston Street,Camarillo,CA,93010,34.2286754,-119.0285715,
Borchard Community Park,190 North Reino Road,Thousand Oaks,CA,91320,34.1807679,-118.9506812,https://maps.googleapis.com/maps/api/place/photo?maxwidth=800&photo_reference=AXQCQNQaTBraBwMjvc9Nlxknqg-HYRVjAnHz4rYOQuevnz4WwVdEQ9RlIlwYv-deB-tJv766VW1Nq7-i__xOO_4pPcYW-xILdWa28OqiotVJZGUZrUIwmzvqsEDDBYx6GWGVRQn1D1AxTkVEzVQ96eQB-Uc8SUbfHYl59lT1fl2iUl9lG1incDfvZ3s5d_voGCrchO9Byuc3Mb_TNzgH8_hzWk7Brpaq2bdEkCXyslwweRDQ51zku8goyJxZ9JlzBS59lmipNeS9iU0ODk9lZw2L0E7JM0EvQp5BkhIrrJA79jdCSQQirB2W1wCzYPRGgvyKmtfJOhi1BHDYNjl2J0oeM04niVRsg54ikvzLTtC43JTLiRDflhzxQRoRGPicLF_xOFvReNUtPAu5UVeRR6ZrfkHnG5baWhPqW4KHIxxmlkoQD2yBarx9JqFQCe5S0EPAVgVSgoE3EWzr7orERJuQcinL1cltmgG-Pxm2VFg1tejAa_XSn8qCb8AR_0jwgMW6t5EQ2n2K_WtjDoEPsU4gYJVYE-SoonlYAlRlBMtLXmneZN7XG4iN8LwH7rJBbWSs7Bgx1FA1c9WW78_z12DkvSm9NxDaeaW5iwkA3l2YRfPgqZTUB37tpbnYch1y9ZsN&key=AIzaSyB_RPF64RaB3lypfA6VvXil87xSttgcUNY
Rancho Simi Pickleball Courts,,Simi Valley,CA,93065,34.2652331,-118.762172,https://maps.googleapis.com/maps/api/place/photo?maxwidth=800&photo_reference=AXQCQNR1qlzW2v47ffqmFKTLg24pnCxGNHHVYdRSCFM8sTL0gGB4GfoM9od054Zgj50BUvyHmzsbkTKUJaP61aF9civB9OxPFV-j2cbt3qbOB57fiY2fLgoku5VfjAl4scewAyPDMecLfuNdR1eifRbz7VmATC0OmqaOE4AwT79bCbur1G6hW3gEYSAvSOzvYZW4jD7_GCqSGGNvB8CKA_iIeeNg122jIwlKPzGDtu7lyJ7uJXqNTX4e5HXqmoSpVq5pkDNud0ttAJiWMxaaDSCpInAPKH7IzPIZDOWxaF3EQJiUZsco5qWZlWLjwx2gJu1cOSs3KlTD8ejlHMNn25wFnWOJFgqYOGqEgBuzeW5CwAxGgLUrPzV9JsYFohHparhwFc1EeVBeSs8jyLAeTSuFCTbSxPuePar8r6tAvaqqKmzf9Jg3UX_hPzH3FatcGHFplv-1hB6enRAOQp-1YH83YqQbixZO_bqKhbrnwyq1xKsTDqfxqg0tQ5IOSCCm2EUpXvhyyq4i7jvFL4b_U66-uwrZM4LE6GbJrK6iAzC12SQcXTEyKrsXRdpkNjpTOVe3eCgXupjG5uwAT9KZkymxUz6_7Wut_-72luUWL3hkiHSM0l5vUpodBZ77JD1EhELY4PvD3Q&key=AIzaSyB_RPF64RaB3lypfA6VvXil87xSttgcUNY
Camino Real Tennis Center,Fairfield Circle,Ventura,CA,93003,34.2694312,-119.2340761,https://maps.googleapis.com/maps/api/place/photo?maxwidth=800&photo_reference=AXQCQNQBdekOElHko3Gr1rAbAF9kq1TBKzjFKxlQsHwpnP6BuZU3YXv1LECXXMDoMEwIUkcAOGU8fZkUdyzaUVz_NxRZ1J9aFQHX5V2gPvy_5Lon4ir_3ly9q_X2cNutkyeaxlAsiXAz18VYxDVnTl-VydOAGmmizdKZWiCVCso0uXAX4s0n6zTqOdybJ2ADLbQJ2jHnqD5_ko5p2cBDQS9dgKvRBpK5EtUibr2Zdm31hK8VDOA8Vdc2wcHn-6GZn3bjR66PCD8xPGj43hHA-GD6DIMT4D7JdJ3PfliaXMGAm0olj2eu7tZWkjEgBAVz_lDHJ71nmA1_phj5_rVAkA30K01hpRimTAE0rwbybqnLPBQeV_OALQmS34DYz-kGYJYPKivGjY3UuqF1pjlvXOb4y2BzaS_jnvf96XG_pqd3JdQOw-ALmcSQFGm7SJyLEAiea0in_yHPaXWGTCevGSP33cUnSmkQ7afEM1K-SeRKKcLoXxAdA2W06LrihoNL5pr89XrGAhaZJhwqjdzi-7aikMH0kP3KPw2PCx-NnHQoNGAbtenJG3cJUwi4s66iGTKkm0tXiJxS3RchbwYuZGDWCcaSw5ENxy_z-9M2XyAkmTBiOZl2FfAOydO5iVSayV6CJirREA&key=AIzaSyB_RPF64RaB3lypfA6VvXil87xSttgcUNY
Pickleball Court - Juanamaria,104 Livermore Avenue,Ventura,CA,93004,34.2835067,-119.1917253,
Riverpark,North Oxnard Boulevard,Oxnard,CA,93036,34.2471226,-119.1747051,https://maps.googleapis.com/maps/api/place/photo?maxwidth=800&photo_reference=AXQCQNTtzaIAMsK8xIIX67yyxl2_y-rUAZkhn3-hB4v3I_AfC8MbFLKL6HvmgbtqMgxD7TUCkzhDBXS1RtbQ5Cp1712_RqS1FfM0met_y9V8eKpLtwKIG0VuVrbjosVLdzEHpIuyerzv_DtEoyiD5XVRtLqHNXV0k8AW3ztpd5SyX1ONIDBCVes0U4Q101ij7g_thryuc0bYlNYDhJo9EPx0zAaMji_uk9aBiec3pw7OZj1pD3iT3zeIHTbp9VPfZZ9CPf71EewzZNL0gAVjGXosLccRpxlUnn7wIKk9WBWsnBHrTx3bDqmWuF3L7863tDtHKETcHWjUPoJEuqs4PtZ1UF0w4FDlW56q07x-00uX_lmW4M_fk0KZZiCoWnOpqIWrP7TJUc0-72ZbTm3eHhZKMJydVazGV2d0fliUPlBBvriLRZOOu3SMG1pBb0erMN21mHhbqYEAIxF1suF-qMqKjR5xSz3yofc5wCwtVIA1ZaBqPh0_bp8E0o_9FgkK8SeymzmZq1_56zK3WnEUHn0BlkOJ9rjSKUJeNop8klnUAtYG_UrLtmr9_dnez_pCT98mCUYt-2mIvbz34Hj31sm3Hf-ny6CU9jtE5B2311W-0In64qnoYO1OD-Athz5jtn0F-nZ-HcMBjK5f9KJjLoeXPOZkPjU&key=AIzaSyB_RPF64RaB3lypfA6VvXil87xSttgcUNY
Springville Hills Tennis Courts,716 Camino Tierra Santa,Camarillo,CA,93010,34.2253378,-119.0867547,
Valle Lindo Park,889 Aileen Street,Camarillo,CA,93010,34.226612,-119.057993,https://maps.googleapis.com/maps/api/place/photo?maxwidth=800&photo_reference=AXQCQNTFj3S56P9QG-Iirbw4eBeVXvTKRvtk2kj5TKdIUzBJajhpBSTewQiwxeyTh1KVgVYC7ZJ89HtdBgv3_6U-iokE5xcDpbKjPK7b-_KVswJigstxEYz-1S1frRwn8ugXGbM_o7MB0U5-P7j34Dct8W1tDVpwKOtNI3nTP5KvN2_bNS8mW5JifkbxGZwoIMgm7MrfEL7zkemvD2iUcncYF0ak-RSvITJ03YcUS51cFG6DvQrztAQjAQtPKRYDGIT_U2FKQRNpV6i0IXd1ZFj5NQyZN-d4zyJS26exev_aVZ_45NQ8cogEAmZaYbSHxd7VD6MEF8tlqk4&key=AIzaSyB_RPF64RaB3lypfA6VvXil87xSttgcUNY
Pitts Ranch Park,1400 Flynn Road,Camarillo,CA,93012,34.2313231,-119.0118986,https://maps.googleapis.com/maps/api/place/photo?maxwidth=800&photo_reference=AXQCQNThHO_UoXHySdxHYgZWheedy8Lwy_uwbzNWkCCPO4-uGgyjRwQOnh8F-VraUDFZ_J4bbmEi3P1X8qyrLakDHXRY2xqLyRd-b5boHuUkEnq8lUp-W_UHGs3BfcFLu0SSeL5MKX9b1Md2E8zxJyfJXU6bqTRXURrwyj8u9cX2EtjV4meHoI0pn-CF0z6HMyoisqno980hC3h68Ts8ilcSNA07BBXzET2I5lSxokMbpMtN5HYDocQ81n2-swustmUIsb7A9sU-ntWIGQH0iW4lws-uM7Q4UPv_f5b9LlVQYjNHPjqW2VlAhclX9B3ONPQMYtX1tPpee5w&key=AIzaSyB_RPF64RaB3lypfA6VvXil87xSttgcUNY
Tierra Rejada Pickleball Courts,12055 River Grove Court,Moorpark,CA,93021,34.2673535,-118.8939461,https://maps.googleapis.com/maps/api/place/photo?maxwidth=800&photo_reference=AXQCQNTfOroIKgRhgbuZYP7WjAldT9c_U9Yoiqkxt0VcdlCdVvJdUfqrj2gZg0_Ew1art0zFESWRYAMZRGieZlaBC1xdCtSEaHz-Wq-5PhGH7rowzc8TDGGc1GsflwfnSgr05eC8hJ-b0K70dFulI9T4GqANBpMJr_DRks7EYT15geNxBtMBedQFg27ism3A0Wuy05RsquEoyNjLeG1sVW6h-ibDlKuxB0O4IeZIFSgbuY3UgWpwsmygNZmtuJy-zMbnSXcgNROby_xDKvbc-xsXmD4hsKUPIYd-qaN10SGo0GHTrnHnngJ9Dg_oZwVnN1pM4VzegJKKHQL5Zy87q7i-1kynPK38jeanxcuJ7pDIrTNp21PHoYGLXXyDPl2uerhy_Txzf70pQTYJitME7Of4wr8BxaKtbPuWrup-ucR3jm_6nHC0yP4aOt7fcOy5XJpqyqUC2l0LhKHii_ucITo-VlH-heRSA6eLJNhKtRY8PxExod7MeJCrG8oO8WFUp0Hw95QoqKenXADajkwiPbVOz0YGrr2ZkJrZW-U8NoDQWFps2_Rlb3QRpJljAE60sVIkdr0dUbt5ApYhCtWKTrLpNChBYy7yt69t-ZijI54k5ZkUb_98Gs18NpmWbqrBA6VcSFYZGg&key=AIzaSyB_RPF64RaB3lypfA6VvXil87xSttgcUNY
Rancho Simi Community Park Tennis Courts,,Simi Valley,CA,93065,34.2650398,-118.7621386,https://maps.googleapis.com/maps/api/place/photo?maxwidth=800&photo_reference=AXQCQNQcrMr1Lba0g1SG13KHDoCohYA_0s8KoYW170CHcrVptCsiX6AcPJYGdkVLlTVTt0M9AHtQxt4H-DSRWpvS3yArF4_WG0AFnRMr1jDxXJbWo5OMv31MoSgj3m_u1HIKfDbhzoKkjP90Z5_jHjuW-Y6hK5WRBuvckNFKNbBtat_ae0hV9mnGt6cZxnL8fJnwLA43cNV-9GCUN4XmXNWbNWAULjB_HsvrEGmZOQNjA63aYn9syiP8f2lFS6p_a7HFzqKffTt1JsBxdIznoiNBgGhalH_ZzGwPUZjFC5g3Vp5VbcEFUsWhcTzrgqFGIrNDuNdoIsdddG6vnlJ1xdgRZsnmJ9W4xyLLPW7dMCbtQEb3fkl6pL9eTdKBvs82my8hnJ7wM9ThNEPCgqsO-vRw9beGSWx_4FyC81tU0eho7gGWDRFPXJJydMU7gKLqofdH9lAjiXuuSChRglDq1ioYsexF-gYcMPIUvR5YbQ2lV_kAF0UbBD-ve_gAjs1cHGtYsN9d9ml6BRnqad761_8T2cxROIjds8nVltOD7yqh4nQ63xdEQ0vskhu7wZNHEDjOgMW2gOuLYW0akYNrlyYVtdRvo50QmpRB_UhqOMZcMbjrosqx_zGic5B-B8wdHZQ-zeVIYA&key=AIzaSyB_RPF64RaB3lypfA6VvXil87xSttgcUNY
Camino Real Park,,Ventura,CA,93003,34.2675864,-119.235928,https://maps.googleapis.com/maps/api/place/photo?maxwidth=800&photo_reference=AXQCQNTuRzloCsa0_YmBjxUc0Mj_9abW4YHYyT3bGe9NTII5zRgrCLEnsrXYJSlFvjMnMbk3Ofv8PN4O_Gje8HvmkvgOLVcsaf-_0EFTvWaxGBepqXV5fXnxtJzs_kM4FqWdT9yMtEeSyiwmsohy-TXxRKX9cK6WW8dxo-FGBZJPgytl6z3_WbRXM17aU1XssY0KhIQ7aA4ogp1qpj6eOVR0K-f5g_sU6XODKqD29XDEry3t5TBqR43HdMGIiu2FAsHdKYjMEF53gODqjCsQQ2i5s7ZlmlKuP6uYB72GQHcms4Q5tyUoUxylHebCJ1gRwuF1izQy-xrFNpbsjYPSZsZxhm9HrcQSXlepv1yLmsyjHClYish8uN3Sq2TU1bQMTB15bFeZSKuvYqNqDNIaGqidjlp4c5yNWbQp6fwiayLzKHAnuh9wgG1SXyCc72VxIGwp5Tx-yxowkhXINCVvN0Mlrp0hzYSglaSCH9hUNpCbSGu9oZvelAvXV7q-YJ_6HmVcydyF4YDxQqI06fSfj6HhsZDHLGs-CwDlHzaMPk41ESt-UE-BGaQSUFPEc2nrc9f9Zzu6Mn_85tq7YvoHQIPzYQ9vXlwzIEs6KaTY9ozrxA3PqAfIzAiMbQ6z19wNkYCyCk1n5g&key=AIzaSyB_RPF64RaB3lypfA6VvXil87xSttgcUNY
Crescent Park,3475 North Oxnard Boulevard,Oxnard,CA,93036,34.2516843,-119.1710753,https://maps.googleapis.com/maps/api/place/photo?maxwidth=800&photo_reference=AXQCQNTfH_v5mQLLZ0nZE_-1gH36iH1J1_V6xRSWAxTU92BAl2afQs7ZxagPzOBXIQWfG-4P3EAkMFueB9qrNaQHBlU9j5YS_bWVYXWl4Gc_PQ5nXWstLOoXYFlzYttJwhG8B6z68NbJ3oyzbjQZuhlslGoKac2FO31XjY92cPex5F6Ku0u3CHPh85lOExd4v3ugNPSAqZL8A3cExCa0lRGb_tbFwag05fYxFh9DQC3OKpz7-PItd0CZXvRbcmKRGPkoKa6v1KKWgbjcyp2yL_UgVSS3bqtDz7Zqoooo7QDXqmMVF_cPEhcyLU0gCC_LQACxEcdWgQClyXAr56GIskS_UkvV_xl5Qoy_S54CLpUHecLKQEjuqdvACcqj3-7Cx2LxWeO1XHGQz6dMyUWWLjZwPtmGuhw9Gd6KK2_GFScbtZ4Txnt43zBVobfaRVGUpm_3yZLbCl1iR-T3BDFAoDHi2gRr7mKEk27Bttf4Y8mFpzm7vCBMjGaGO-tbi0cHtDpBgSUJzT9YqAdq2ZfrEUAHvMmfwbW-dzZ9IZUzE0opnx20PsTeMPlYiwOX6Q6p68EPj_MbligCUzvwn12Xu93Hb4kLXlDkuorfpMKQLFyaK-k-kTYcVSDh-kXGLjjOwtYjAU7J0tUf&key=AIzaSyB_RPF64RaB3lypfA6VvXil87xSttgcUNY
West Park,450 West Harrison Avenue,Ventura,CA,93001,34.2870734,-119.3051944,https://maps.googleapis.com/maps/api/place/photo?maxwidth=800&photo_reference=AXQCQNQb8g0N3SE4CVoHoWVi87H_YvNWgxhyXGPO3cWu4OCHm3XLT2I1poT5uTNX-EDkUWCS1yLYuU_toKxusZ0P_ZhBiXxa373WKeZER_sIWCj99_aynAGImlQKWM7PJhdskxOU6TWXts1MMp_E_FdcRiXTDieBAaFc9lNRYUThVyoigZQ8n9LD8Vjw1DAZIyYD8diDIVxH7VnonSO6SyqPte1mmlhRYlVqpkrTWQ9cIePJW3x1kWC3zIITnV_pOXO_KChprvBYO_FebAuFAbF3n_M60Ao48A1scEoPoby1OZ7SUAWgaBelihlXQy82k1FvlFXVIHzg38gcnoPDK_ZoYdJnLxesf-xJGLge--b9yZO_Amsqo2KWFIkFkJQZ6Yv6J8Y4CcNdVLK8N4iauLMQR3fgCyKUnHtGNzh5WuvKIOUYi6INvdtPStfJRimBsFZv2ou2msn_EGKgMmIwIxtesG7IclGX_jdT54XWIdztNvtBwPqA10C_FLFlnIS_GfgLnAO7tHO7npDM2ZnCC33hR9cw9OEZ1ULmBF15vsBkEUpN6Lp3jUITFQLB3-HfyCgouQZbjE3u3lfHr8T_7PVXCuP56RqNWKCIVyTvmbFKkWDKx6f3q3s7Pvys1Oql9Jt-n2b46Q&key=AIzaSyB_RPF64RaB3lypfA6VvXil87xSttgcUNY
Rancho Tapo Community Park basketball courts,,Simi Valley,CA,93063,34.2879943,-118.7257461,https://maps.googleapis.com/maps/api/place/photo?maxwidth=800&photo_reference=AXQCQNRfAkmoIoltl7xKnk-upQf_V5tIE76dAMtgsi2TW4F7AfPhmrRagzxRU8wlPCsszbkBfLFfQAsZIK1NBNlR119BkGq3Fr9TBsSo4qrlBCPSoSV5C3xKHQBYz80tjKMRcP5R_-uBZKp-et0t4tsQKyI7XrFLYWTJkEn_a2TiRCofzca1hut7_EsxbGujpUX29qMT_uxZNTEBXZZRnMlAhIbxSa8bw9ndpPJj1QzL5ga7SRDgHONSYs-669oOclROUG7-mmt16QNLxlLxkwgY2k6QmmTmMom-yhZXRHJu573Ets2TONk8BrCMzYJVx4lLhWyMwSckpUfdUxvL9UA39K2Bl36zIZ8a7ZckvxnKFhQqX6SifdEkYYvUmaosS4M6rAhG1hBj3QzY3ggrzFOn-2W36CkkbvWrGmryi20PKF20joZpbHB7NGDtryuruSfLHhqKBK-q_uvvbiSqzAe4RALgJvn69PD4m8y5X3FqwsHqaape-SmDN_qavxHu0t9j0P_024nD2tDbZKoV1ZgC4NtIYdFYkxafdZGX_Ft-zy-PiYh1cCG0_2pJlKlq9yWWpH6XuOuAJF4H_o-sl9cgOMBsmJ8hzrAsOEoJHDBMuJQHHRN5Aui-I0w3N96zX-_pnBwygtGg&key=AIzaSyB_RPF64RaB3lypfA6VvXil87xSttgcUNY
Rancho Simi Recreation & Park,556 Lake Park Drive,Simi Valley,CA,93065,34.2482174,-118.8088359,https://maps.googleapis.com/maps/api/place/photo?maxwidth=800&photo_reference=AXQCQNQ91IZCz6KTkldcjIKQub4FbFZFogDyGX2GhmR8my_buQpNyh2HjYZuOSqI5QOA-xtEAdkh3TN28qhhLby_11TeOJJ6BTBZ8uZBPhdEM5weovGOY4tEo084z1CSUGVl7VF4t1Z5nZJeSypXUVbJlWvaRJ1BXbnBP7W-PMm8NxRts1Wqg9w9gxkXjMmspc1Eg3N4SNyOfYVLa1ObNntlMCHv0irNavXZWyomf7cWxyYPdntE1BQsAdTJZJDkSyoGrDSWiQbncPnRpqFzCyJECLGrplttx5IU_OWcpNI9_Kn81FAG_o7QBTeEYEVV6-8jbQ1OypQs9ZHFIClUXKHcq_fEsgRO3V7rVYHS-BSxBI5Gc_5oh7sV4s0W4YXLg4XI54QFsq4NANshnwqAIitW4Q0ij4kIJjYWj5Y9wbt_4UjitIXAqv_hszCPnvd-DRvX4YBnzVmDHRz58cQWrIhr9QX-hUcEouE64e7TDT08ash4n8JxluajMQ5fL9G8ch56fbgn14fvddGnkzHPtXmbNaHUmNS-ubrQKSkzIhQuaI4NruOz0paoI9wWi65cqDl7EqAOTKfYenQCQU7MM0P4kvXXYABZOQGKsuH3Jj5SWt5sosXHdgxV15D-aUbTIcg8AIpNDg&key=AIzaSyB_RPF64RaB3lypfA6VvXil87xSttgcUNY
Rancho Madera Community Park,556 Lake Park Drive,Simi Valley,CA,93065,34.2475635,-118.8094252,https://maps.googleapis.com/maps/api/place/photo?maxwidth=800&photo_reference=AXQCQNTHM4OKdGyE4inGM6I1UyyqXjaRGzVL6-Ju5doTSgG_W00eXW7cNB0GNViBgOodOMCguOXUzCJxJsMsaADjPfSePY1KxbNpy1CCzRjPDlJiBCcoL4Gm8RVOXUOXuGQRzOwgRoakL0Hqflx2Z-nSTdbngMIMKKWrVz90lvS4vkqw-8je7pN-6e4xQ5JLdg5FYjbP18tpOZT-WHRAO-V_5S0nRrw5ttv_AZO_6c_eNiX94tuVJWj29Zc-tBi3pvNivtV5uUnayQG3UToXlJqOf7l7y3Wss_0cSBW66hnkhiTCKQ_kvml0rDOQZk-ddjbN76uoSDV9ny_rUUJ1wKyFuaENSswW3UKqGMK176R89TXG842QgSIVUCuLhxDN6-f8jREWX_jI8EhJdc3v7K6eZk31LpePXiUQD59ggDNesr-BT2ke2G2u4US6iHf-oohusOKFksQIfjo0I4BU7fzbYz0g84cwVGo0Opv8oI6zzgRyaDE29f3EWJtYEwImm2wOL4YCdNnYP450SdT7XSGF3ZTsVvx-Hm0rEHVmy2eLNIJ4kai2YZ91hhF1D8dOCqro4XA4EHpZbHOesPJblbSvSS3R_Rb8ho1O5wgJnsoPExEFltXiocEoTSGFDF1POsw8bx9dHef1&key=AIzaSyB_RPF64RaB3lypfA6VvXil87xSttgcUNY
Thousand Oaks Community Park,2525 Moorpark Road,Thousand Oaks,CA,91360,34.2136482,-118.8720925,https://maps.googleapis.com/maps/api/place/photo?maxwidth=800&photo_reference=AXQCQNQYLp9n7a1S-uf7cYYkek-VMexAximQFnX94UBBrDu4KU39VTF96KIhL0E2d4WcTtJKvmwAXVxcG7eMknfzQ0WGZUfdUxTVaO2GKHDgnY8nHDiXgAJcXart_SmFe-Hxw3JwdcM27_UgYZfXvxOf8eaaWpW4dNwK2HQiTfuop2AFpqQvK_ir8b1smRtnUdeZeqpHYXM9z5sONRVMMBYnUiH2Cy8A8j2rG9c9zHUutEYXjJQmyWE32yJsjYCnmTOXY_f2oQkhpEfos2l3zbdtxmG5i0kGgfvvZeFJSy3bvji_94DzadkaFB5ydOw5dDaPN5VCE1vdxq-juTVs5yrJKF1rvQk5wPh_e1K-c0P7IT7sHql2wI3jm8k-Ek0_9o2eyOo3j2de5AtiWYezbpoBqYKqMrfc3Lgz90OPB-dsX5iykeuJ0b92h0JpNELeIOhjnIy4OUwIQaJ2nZ4iMeZ354Vm4QJrN_vdkRiz2MC2-JZvHquacxSLIcVFObQTb0EXORyWGdAyGec0dWsMxBLqjRczu0xUXXJM_HZHv5AVVQsq7RQliPC2pj8fi-A4zU014ji7GzEGkbpWBWZ_Oh_YkCfs8kBgiyMpxGSbHX0wwMRLAiC8BZ4iflo5FonwEt9jMT06DQ&key=AIzaSyB_RPF64RaB3lypfA6VvXil87xSttgcUNY
Rancho Tapo Community Park,3700 Avenida Simi,Simi Valley,CA,93063,34.2894639,-118.7232397,https://maps.googleapis.com/maps/api/place/photo?maxwidth=800&photo_reference=AXQCQNTf4yeh9pq4qWxe7SIQgXrR0S5Xs8l3M0l2JwDk0ZYvmLzH-iExw1TC_BUFgy4DA85L70f7xoKBQdNwRoW7WNx-tQMADIbV63i1e0q5L8DtYibkaR8dj_H0rqK2Naef-HePDGfTzbRqRaYRtKsZBX9_vgWuKSgYKyv-31qD4ULvA84e1OALq5daZSugP7UCFKlcdHuYB__WFOSQ2dgAUd6iBrak5r5Wjkcbiuit2JzbSoK13AERJGSJa-Li6FhM8WKMvLs9KqETx0uCU4BZTYvUb08O7h92_0lM-x9mNxp0VPvGXMddMeXo_-10MOGv_GGcX0l_GsGTbvVBo-9VFG39c6Ubbb3BcR7DsE5v85UYzABvgKRdd0Tks0qN6fM0IhXBdwUEfdngxuxrauH8kJ9ASh5mbcXbqPzTjfUWAACzwNw09iiu_ufT5vMNdPHj3b-Id1t0m7H2G_HBgh2eyqiSHJyyTLfjkMKxCuj972jwWIAXxLlPcPLChPL2kpJRVUjaFnfImOvPGStdVdl6KB8zBuvtSk3oAgMQZGwp8QS3_6ZuvS6Xkpe5VrbqioWKv__C1BUgJrLGBRI-8o4VbqVFS8LwJU1rhdtpZ5Zy2zahnZp6X1mIKXnRHv8&key=AIzaSyB_RPF64RaB3lypfA6VvXil87xSttgcUNY
Mel Vincent Park,668 Calistoga Road,Camarillo,CA,93010,34.222621,-119.0753895,https://maps.googleapis.com/maps/api/place/photo?maxwidth=800&photo_reference=AXQCQNTL3T7XtSKjtMQobUo_G-kIQFW5FRiEpWgJRvuFvQ7JaWEOSnLuxtNqpFk_XSF4mYQe7iYLDk2M_ma2ilQRm2zsmqT0P_BFHMkretyPkHMJiLbniepNNw83EoefndjnBv_y2C-7O3JJ0jtGSzYSYaF2NfIFXQ176k1cfmZOW9vq8yVfGerEtwfA7qu2_GTxnrFn422_F5MAATOFkNGayKdoRTmitiNXCsu2yE0UISDRgW8yJr8pNndCymIGjxviwbwHJ_pF3F5Wedyhn8mnbanSEBQOvvxzsvvHed2fA8RrHx98QrpwyMI2rDjFdIaUGMYKiZGDoHg&key=AIzaSyB_RPF64RaB3lypfA6VvXil87xSttgcUNY
Barranca Vista Park,7050 Ralston Street,Ventura,CA,93003,34.2611464,-119.1958713,https://maps.googleapis.com/maps/api/place/photo?maxwidth=800&photo_reference=AXQCQNTDu8R-aNJNlFwN_O6_n_fJWu41R1g_t9FiByOOoYA19EXPYUMSHZlFNdO9QDdMuRqI2R-dMyjFmCaQZ74Wf5uPVLFMF7WhK_NI1OGZOGqitNVTF-HtDd_c8VqPZA8ykZZDec_7vx8j3vS7sYn7kCnZ09fZPZ2Nniv6AnMKbcgXLmgl23EdEfAu0FioRZzLNXsI0N4vPwd6lAP7ZR4UnUfn_gRQ-RZQv_3ECVDsDr59BAPqPAc15aejvs6ou5MXD4IspyawzzBDBAbNFcvw1aM6ecU2ggNibwEyW7PAVwTLllvZ_RGE7PNc5W1Rmbm7GyFRtg2kNaW9jw3lAjD0HubV1yxk3XM7Hcj016AgGD_WJOAVPT1frV3qIjIAz-nNokxLDi3MHnYYcc8aSrW65KT5cwJ9KXcMQzb1d9uSB3SplAsoCmfjSsUlrTjtdaAamlOwNhOTWxOsLJI9WlLGft0oP9pV98rWRESsJ08SwX79ybwpD6ByP4Fjh7qfNzt_Ez1H9orbixwwyYPGkiyAq5H1toiE4TA4h_P5c0F5Q5yfRyKDKsrFfscZt0am-xH1CDF47zZwqMMp-UNWTRMCk3Uz194VoGA-lm5UgbqCF6ze7s5pFK9UVnhFihei7SiLD68fdw&key=AIzaSyB_RPF64RaB3lypfA6VvXil87xSttgcUNY
Dos Vientos Community Park,4801 Borchard Road,Thousand Oaks,CA,91320,34.1762306,-118.9835685,https://maps.googleapis.com/maps/api/place/photo?maxwidth=800&photo_reference=AXQCQNQad_pgrnPKGr5o1RLxSBrObswGhk9nvXFTcV85YeFH1GI8HG6HNn1rXukQzp-AM1e0HNTQ66ssP-mg58t0nza-e2YT8afY8bMMofFkHIGzee6u6SxNzz5IBOEd983UV4IDaMUIO8YzinJcgUyubYO0DiHoxpgu4VU1AkTptWK0WK9KAiTYSJHa4m7nKGokn9mWuXOWSHEsyiVBf0HD2kNJZd7hPhOSqokRoxRNnnq56MriJGPKTs7vtmPFsC3tQE5a5-U_oifA_-LMuONyIhT5qNHlQbWPjg3dNjJvdkiy-pJ9uEzH0z9PgP2okUTyE9P5dNJ_d8nZGwEy7SrfD6n0gL3mc7h65uP7aFFMd-hbUQmeCCF5nT9jQqEIDlqL0cd2GWHSV3kiC1_9y_0BNBQU__1UOWKw9_7iGDWtfgND3pzs9-8ljVU2NmM5Ah1hic4sgxtTO4C0rz5Za4J2xoDP_5fy27XTFh3-FprDwiTjCVqfYZYgfFaRXAhH8MkSijrGooh46hIV4ml4SyCjzYYOHJt9rjdp1uA045RS86z6SUlVllkQr-VCe_mDCGJdv-0V2aUR_KNFXu7KEZUC21JOrVDH_N7lGIoT2xmZVbKmzRRsrQOuwu45F-NBHrwG4oAgdA&key=AIzaSyB_RPF64RaB3lypfA6VvXil87xSttgcUNY
North Ranch Playfield,952 Rockfield Street,Thousand Oaks,CA,91362,34.1796015,-118.7896997,https://maps.googleapis.com/maps/api/place/photo?maxwidth=800&photo_reference=AXQCQNTCzLmyhsLPdTIleBH7xq_2YuttRRNUt3a6cribfNNDPyQz7CSLjVgOKBvrVRKUfETnsup0z_4GvybP9Mgh6KNoSHNb1NuhVnOKxxovnXgrdvE9J8WXWJ2KmWLafUO4Gx-czDYJ0KsRjUoM2MG_fIAQjNSCKy9-CRt8DQRUNc9V0dSpp2pnWmts_ParKPefHceUC5aEpwJvxWv3aNbIUmmbnkUEISHm_dF2TB0iWxHYxHG-5iOqO8Hh9sSypbKpMqKEhZNqv0e-43VoqrP3efIavXA5K4X47c-YmEOUTVTaXsMkTJJQJNgBZCdDe9CpjS1yGZsjcuwsYjXM0dair2ubf3jVcijmJGYiyeXM8OvLizoM8PZe6EvH8RxWklg1aJLdwbFJS815CHcwubLt4cRaw4eUhNDrRmSJb4U_IVZBh5cHxjA7MQnmUu1lsXVFw4JJpNCRXZmRKscjh5sLme3PsFlIYWQoDyKbgw-3U-cGFy092304LzH9-04tgJACw3OavJhoMZz8gHTSR-8keMM8Jf_wNSawp1J4KDaq5N7sJOjSIvezp5rap7Y3RUhLPl4HowrgiR3-GegC_-53n82r7JUsqnG5GcvBUE0tnVwEYZcgMUvfwBfHUIBRKoBpCv4xhQ&key=AIzaSyB_RPF64RaB3lypfA6VvXil87xSttgcUNY
Valley View Pickleball Courts,3347 Tapo Street,Simi Valley,CA,93063,34.2952435,-118.7093154,
Pickleball Court - Pierpont,500 Sanjon Road,Ventura,CA,93001,34.2740756,-119.2813308,
Freedom Park,480 Skyway Drive,Camarillo,CA,93010,34.2066161,-119.0843173,https://maps.googleapis.com/maps/api/place/photo?maxwidth=800&photo_reference=AXQCQNRp7VlR-8oLsH0KwXv-wJn0cCzXyumFy2SGYHWqnjbXAjbjFM_no-zZBtMuO-k9HpTYeXLVFADcCl-idW5Z6Hrh6mrD-nhwCQOoBiqyEbdan75Rf28m7_uJB5_-omOcq7XzWNsl9elrZVCLM_EWfqr0ZumlXM6I90y6xt5oOF6MyGITBu3OyDoMD_6w4BNuPtavSL0YI5OMwplH4otF3Bv7VID92CUkbSsQr7fFyc9ZEC1o4m96ERKXGMYbWmXpwfVx35kmaopNgbaLUzm60uNkSBMJzciFjEgLVYcYWc5BO3P0fRAp3rKLGe3RLFruD1vTr5r_TyM&key=AIzaSyB_RPF64RaB3lypfA6VvXil87xSttgcUNY
Rancho Santa Susana Community Center,5005 East Los Angeles Avenue,Simi Valley,CA,93063,34.2729671,-118.6939957,https://maps.googleapis.com/maps/api/place/photo?maxwidth=800&photo_reference=AXQCQNQLFnG8Ibad3OK5tAtd9LyXFVOcB1F0LriL2HimzFSVdJ4AgFgVUQlij0eQn_wRrek3d27czMHY5CRn_P4qMoMrNTFEbgDUb0fZCylpssyrLhRO2cTt25dit0mRJZ1B4k3Ni4j5tUzSD_ZEeHcA9Pv0ZTMEdlMEK6iJLydADUqH1rnNU9HIsChGiQrLufYh7ju0dVXZ57nz9z6Yg17bRNWGdmiL2_Q7j3wkNcf_JAmMl9NtBH7Yt241oh9oziTbv0p8wnTTE3m6_WaPzcGfWk5Pz-l5yIi00YphmXCytgfBFK-S58LGM6Z_fVxcilcvIY8qbZHCg_8gkBLWdatVJIlnBHuKvDIMBtQ9i9JAxxxF45bfd4tWiSibEKcTBICudiCaTvKNz-3_1xZRxYFNYtoZyC5zvP0uJo4Hp064Dyzog-UOfKRajOSC7leOdcQhu_d0L1kDbp6ma4Ak7Zg4QPDnv0m6B0H5Odr067SNwTFAdeO1Ln4XNq7HipaeziRuYEmUivHLyUwNfwZ_ujf2zbtNqqYtnWIFB7AHqWTSzHWiBPyry7rIQjdausdlbSe6Vi78IpEP1vAEM24L2o_iqMXNMK7JPdijDIwDY2OKzMFYQeLi_HfD1ybjthogz-lohcFETQ&key=AIzaSyB_RPF64RaB3lypfA6VvXil87xSttgcUNY
Oxnard Tennis Center,801 Hobson Way,Oxnard,CA,93030,34.193636,-119.189255,https://maps.googleapis.com/maps/api/place/photo?maxwidth=800&photo_reference=AXQCQNQtxt4kpdEDegPSuU423_W1IS0MYhZFrh5G0vW94T3GR7JaCMLZbyiCfqW06-MebA3bqvhcbI0AcWLB0tqfxoy8YPpllo47LhrNf6hjV4a07_usemkk7_dqx9kFRv0dfoXtxL982p9EmPpbR6Afg6BMwFL2ylGUUe8sbLYx45GAwB_JNUEfHJH3_snU4VmCoX5IfUu-66a0Z6nvABe0Rf12cpiqGAlLpVboEa5H2uURdgKklHy44QbeWd-DvIostsnYbLealmNep128TvHvEt__swzcDHsMKi_Eoog58iIVajEZvW94iN1K0-aDYAR0O6GH4gLHlQPkjhlV6Ei85PIjzYNbGgdAcsSq8MMU5IYnxhMJsfmtXdTbSbdFGGew6V9dlWGlNeKgps2I-bIZrh1i6s2X5mf8T8Qz0e7GyisUQsA5ulDBFTmkpilWvIVh9ibHeBB1R5F0eiM_-eJ8Ogx1qHP3BNdms_ipQ-zC7jGaAjatAtrV8L9K1btREYdV3DjafRAHgGJJs9q553Vdh72LkRyN-2h-izS6w8f9A0fWeKitXwiJq-63M4hKcfjw7H1RlsfJcITDD99KD-B9fZehxelLW24tNYOIOm9sik_2peCRZY8Bwm-ZGW_axoYQxBrsCA&key=AIzaSyB_RPF64RaB3lypfA6VvXil87xSttgcUNY
Bocce Ball Courts,3700 Avenida Simi,Simi Valley,CA,93063,34.2886463,-118.7247261,https://maps.googleapis.com/maps/api/place/photo?maxwidth=800&photo_reference=AXQCQNQvS5OjXWUMiX2H65n7u-a1auOcK9oNXbVZMZU_GbTt1tiLQIms4mWd0lCbjb5oVt9dHRV3EwJ_8EBkh6ceGfbK9bkNtXyO3VHMO-9gyOXmiZ4IQvNLVRnT64apnuBGf-vHcM0Du7I3feWQwPDc6gvDcSqdfWcUI6rlq9upJ5V0RPoGw9TSwN-wKX1QaUhQZRk_zgZjIRIxtbsPsgrq3AZ6HAU0sp-UIhdTXb4qAg7jlyg8PFTSuEa_-U47L18aC6jmsh-hipVbOWppuQETYx7NR-A-WGgDRIW84kR0arVhL9-JVD1uZQ6J1EAe-5jFzXH2BYl6lF2UD28CKh1ZWKoIOlitF3vurGiYNZ4EWVdB0TZtY_Na396rDWsxhdjX6s_tulkMauY3C_pYoBfYYNHXgRS92Cr2H7dYmSFy87QIKsHjOE7Du3wXYoN9iTpnGjBa333RTiBBMGYG9E65QYHiiQZ3eV91jSPm0u5Y0tuqMP_NnEs0q32ThUTXI28cfEIASRpzjUlb6M5EWN4A2RpyP3eKxXeWT5DzgQAoxZk-qOSbUUUoIZjdcS0MsPrndNTkC8N_Ly69CI_e8OsHxaMQgtEfNcpxeYV06Pr66rOf1kpzI40OPLIgDPi3hUNmFuY_qnic&key=AIzaSyB_RPF64RaB3lypfA6VvXil87xSttgcUNY
Tennis Courts,2525 North Moorpark Road,Thousand Oaks,CA,91360,34.2145112,-118.8692057,
Oakbrook Neighborhood Park,2787 Erbes Road,Thousand Oaks,CA,91362,34.216097,-118.8440229,https://maps.googleapis.com/maps/api/place/photo?maxwidth=800&photo_reference=AXQCQNSF-jgneZl-VoYS7wwZwaoFmAfGw8W_pScFc73kZ2kUh9d_AbQ9GtLMmObAmkcP42UJg9ktHpMytGS8UgjlAPkeRBx2ouCJoLHfJnVKPPaAYnlwJE1DZ-_rKuxPXx6sKFN1J8S8HDL_-rIXvTezUWw-iKczNNA5XEIN79CfZ3JZkz2wnkiAulj4nHkjdKG745SL1Vpxptw4GI3PJ6mCbuz9Hn_JKzZp__oFXWQhbpB9Y9OIPb3Dj8r_c_LPMIf_Yi_2qKOq4zK1BGix6o2C7zc7XgmkH9dwOH2vSnZO8llIw9B-CXfpEtdh37EVw9lT7uAhWZCU_KIIPaXdVSlf8jUukAqnV8Assc4x0qMPfHB1QB2vJGqx0u8ZtE9kEhUx_-7g0OIexzCSp4AupVY7ieDfL03vNmBmMOJLYhmBhFQ16MozdAB9ZQ3Pgvdrj7xjCcAvZ3ihCfjJhjbX49eCpzQSRk-suNi5QfXmb7U1L6qsUUQj7c74KeaOiahqIA91ESnegHE7UhkUmLQOuy3uT0yFf8m5_UOUjAjrMPZEfXHj6D78SL6l8-PkJDhtkv5Oz9hBTAIhWjIHmYJG_TNEOiNtscwiUbM3T7R9eTwkK6WWw5-hpqCEbIaZjmB0da4CfADV6A&key=AIzaSyB_RPF64RaB3lypfA6VvXil87xSttgcUNY
Tennis Courts at Deerhill Park,6698 Indianbroom Court,Oak Park,CA,91377,34.1858279,-118.759388,https://maps.googleapis.com/maps/api/place/photo?maxwidth=800&photo_reference=AXQCQNS_oR94tOITXjZiYRTwPaPcuif1P89CMY-63McNK4YduB5O9P3aiifUMZ5ICWDR1_Gut4iycpS_OvkBH52yLKDgStB3KxhcKUTMxOCLNlG6WPoFHlFjMsRKzz36tCFgcGAf1xXrefXDJQ_OIR6_TSeLNRpTjRWP9B1PYtI4feZcH5axwyxuvqUnk6j9lkqcLWHYF-ZKhSh6K890h6AryjfwVAUSLub2tbQ9vB4jtgt8j5BztQsY20HuZViOSePArn-FvI6oUH_cMJfujKIonhoHGnqS2z4HbuZQDVsLfB3uomMKxVYj6edkn1jt7VcJk78e48fLO__sOIGJXDLwN3elT02HEJTznDSmgLdLSx0qlqGdwdXtxG5agrwR0UvMXvOb3ylypsX5SpcD2-hAetGygyn_q624TC4nXmxVETF78nbGe3n4b-_JaLPljqvFH5GpsyYM5O9FUyFPKDrhAcDeBws6ES6pt2Bk84EuN_qOWk_TnIsV8AiOXm9s3YCfE7XZ-0waB-_dutiwc8rqHYZwkivMi0S_5CkME2hvJOFVusHrN-9qPrlaViWqh--Z6YQP1zUbopjRIagR31K61_UX9CW-YcZZsdsVdRqkVLP4-gz_SqXYCGRbqF5fDba2CBNAww&key=AIzaSyB_RPF64RaB3lypfA6VvXil87xSttgcUNY
Indian Springs Park,4800 Rockfield Street,Oak Park,CA,91377,34.1777371,-118.7817485,https://maps.googleapis.com/maps/api/place/photo?maxwidth=800&photo_reference=AXQCQNRmIxIs94WcEFUDxQDRhqQyJfxUfIebh-yfNsNMSuFYzigVI39QTGl_WEUAGJE6e5S87p3a5Na0a9uxrzj-C-Iyx3XV4QtVz_Ag6XJ9Iuk2mZ20hQpW6fljKGZ1XCBQMK07YSRtblmURTUBfIw5n8iSG5FcOmWj5YjRkUBLBwUHdwF5Beg_GmGbtPgzpD5r1OpqV9Xl5OV7AXlO3ANNDRdrFNIB7h0oVmmGR7ZZBLI3Jg-h28_HG7FvOBJIopUeVoq83HdTcUUR1hgnAzinx-YGvw2h7Vxo-ZPArPK5GAiG-W7Okmg9c3kq9TdV-Ruik_yuURRVsKgenN1W8Q3YnpLBviHT6tEm1JvlGHlz3wemHzsVsV4L9RDfbwIf-mjyvhJPsgtAcRklhkwwy4o95BYppl03u4uT2ypDcWDLK_K8sKhiQqcq2VuJwwkHU4zC3GUHwyndumcwiiHoDJRqcAtu1pOsZbhbgPBS2IMGPykx0JM-ZuZXcO0RergHNdNV4F7LUZhIw0qGWp83_E9oVYOgopUp1RbFWTKiosaKr-vGJR7XbKjQ9MdSmmzMc6LmCgzFMwSeuUh14wyJ0DcX8Bwuuoy3s-D4XO5B8dm3mtqGmbeSBb_5Q4A4I1bftDc96pb3aQ&key=AIzaSyB_RPF64RaB3lypfA6VvXil87xSttgcUNY
Balboa Pickleball courts,Burbank Boulevard,Los Angeles,CA,91316,34.1736068,-118.5030198,https://maps.googleapis.com/maps/api/place/photo?maxwidth=800&photo_reference=AXQCQNQSImSvhcVCQ4kPVIjp_meLRGD2NUPzg-ncWEObllmskKNUzteBngZ5YhaOCXQE-l31NJmTHeZVmUCtR0PLxRj4fWeLc3u3HT5xO9SC66wN9c3salRfBB7YmtPhstfB4d6PiRd53I-IkiKQDpWKxgsgtV6jbCyKqWevB2h7PfPz_s4XyPGEmLSvCXlL036CD5OdLhNgSLVwlgADQKcZcBmllBgNodl4QIUY--b-L1z22fFueg80W6q3_HbFOxQQzqFm5kxdaMK8UdBGkyRbf7e3xmxY8eikraNh6mvLgPDVxeWX0G-epw6ZrN-Z1Xo4UZ3yyxRapztS-ykpFB8lWwMU63WUPY9jDxCLcJc3cEoRejPJbXwHBM1n9W188nE0lKaElLrYxQBNvVDvzKmoQ_SFrRuW833G0811eWdsWJN8BsEp6gy5cqTmDJJUpJoxuvoVT34KxccexkHcjxySCfp2QlSjsfeLwJUG2fOWMLbOTV3Vo2NNxStXxrXYsk26ijxfy7eoE1IjaO23ajseY9aAb-cAwIeokQ7OLY69GwcOptL2xDAD4-TsudSNj1uGOGnRIxBMRvVcTEcSJiZ3O4_RXCUVA0elkB9tiwjhY99ODO56xugtuDySlvsDJYoSjCa9olvG&key=AIzaSyB_RPF64RaB3lypfA6VvXil87xSttgcUNY
Tennis and pickleball court,10385 Shadow Oak Drive,Los Angeles,CA,91311,34.2603248,-118.6160186,https://maps.googleapis.com/maps/api/place/photo?maxwidth=800&photo_reference=AXQCQNTtBOBGv8ifipwKo65p3HEKVP0mNZaflytqYsWklyA0kQDXcVPyWRT1jJIclhe0HtSaKdVFHyG58wdeM6LaKxMW9clKLff0eBBEg4jQhyyGflTK9hIuWr9jz6gfWq3vslG82sTTtiQI65p1ockwc80jTmgsXyVkP0nQXaqpoIiaC_n2vHJc334qrG_8fBw3hkQhR3QsmoA5ba0-hh8WUmF8s5KpxlcAu_ZNYYFgvj5mxB5OlNH4ARF1tQurU3QyGxbC89OwsptKgWDDJ1f4_AE68F552NJ2qKr-PQFUNW1O_nb_igybNU33fqIoSJK94QtMIEXbazinmk0zIASsCjhRDmz2m0S9COuCPi8dN1WaDDynlZdtbt6asToDknADygmXkiJo2No0ITZYm_V9kg1SnsYpYwS83fgPELStJpH14enl6unPXNvswIR5ueEkgGgdw3erKv7mfsQ64-KSsqjkwqFoB8PboOWbJSltdDx-yJ7GFdZvBHxsVhHkb38CMcRjYxe8WmHzsEax_X6coUXikzQ7vD9FOX00xKI-n4OrTeLJnGm56Lw-tReFY4Seog0ASXxoIbW5PYMdujDPB1ToMgDkHuq-iC_XuQCzqHJyoeBO38OkVzgzrVWQ9WSZO0dg9g&key=AIzaSyB_RPF64RaB3lypfA6VvXil87xSttgcUNY
Jane and Bert Boeckmann Park - Pickleball Courts,11930 Mason Avenue,Los Angeles,CA,91326,34.28919,-118.58364,https://maps.googleapis.com/maps/api/place/photo?maxwidth=800&photo_reference=AXQCQNTC7WOX1yrpeQyuTvTWhnwdFewgKgfjG60QzAeYSR76CKjNPTcIAMFjZB078VNf8eryQxrwpqL-9WsyifYE10AdGgNQ-EsFGM-dKwbN53p_qVJNqatqliIqNN9PaYkoWJPdwRTtZCf4MnhqxGInFfe8exbQvPOPseb-8bbS_RY5SiALMxjI_VdRM_GZdNICLZH2ApUkMw19IbexqvkjhYV6llCmgRyHSgz8E6cFDgAyjo9WndFN5FjaLvxTAa5XZ1Y7EKRlOuVds2TnCJv70AIxM0O2BwxFoP3QFdECn1dFVF2lBMHLBuAvDY1vglJ4e_qEOz9INlj5cWiQfVKyIjhxxbvP0voNsSq2hgFg3uTh1IWNu_a3zL7MGivW991GAssy8ZqAh5_ohqeHe8bR90zJmBTs84OIENhIUb-HGQzOOPhDPYfI500hCXtGyskRW3XjudrVxoVltu-cTQdzRRLdDPdB-TwjKga7vpTW3UWnx1l5t2DsydRj1FKRqtS8hHdQNZTMz7rb1kc-q-gQBbCIDjkUjtJcWVeDp_snHIYGYjzhSQn2IuRhm3Anf-TrDHUTGXRZKDbrNIr01jQFlv-pJaG6xopoLav10715BVcaxfcf3Qy2RwJjaiSr5-Lhrv-wAyZA&key=AIzaSyB_RPF64RaB3lypfA6VvXil87xSttgcUNY
Warner Center Pickleball,,Los Angeles,CA,91364,34.185833,-118.5964844,https://maps.googleapis.com/maps/api/place/photo?maxwidth=800&photo_reference=AXQCQNQ9-dlKfbphObB4KpAjGs2fzKUMK0wQjfhp0WdaiHL324NMSDzVrut7ZJNZCJGjfbkji4apao1nnxsjE67_mQ324D7_a_7bUF047YGnwNRFkKtoa1X_PWAGavTkH7GQyC-FI1xWkb5tX_NVydYhhdtMeLTT3JASiGfGtqBLep9uMt_RPJ3VGOA6_lI3R93SH9OthP-jQn83lWN4E_hVrkxi0s5h43UcwkqPh-M3ztQoMpEbrEZo6JHGi6LH5bIN3GePj2E5xk5_S4Fzi0ClpU1YCIDB6ZtbnIrjaD2lRjNpjlflzose-TVCeQbKt7ZIzwpAt7N1&key=AIzaSyB_RPF64RaB3lypfA6VvXil87xSttgcUNY
Chatsworth Park South,22360 Devonshire Street,Los Angeles,CA,91311,34.260043,-118.6183977,https://maps.googleapis.com/maps/api/place/photo?maxwidth=800&photo_reference=AXQCQNRxGveTx4EZtEzGl1nW5DafkY_9Wnx9HZQVriTkPUbCbiDn7wLbMelAAvub4GR4AiDRiwj1gTK2KVRn3zy5czsxJvLwlAVKZzQKl6mgZb9Q7uEd7yx-vlM8PqNKvRSdeGWrYiLSi96mu1ZWHfjPGAJCOe8OPHPbKDnV6tfqGTYbwRWkcwOJ0vHzRPYFvqzsClCcjhJJw45mn6MSmM-zudACBmUfAUiCZZ1ZKOXiMlPGU-QRc16u-8p5k7RCXhQL2L4zPC1NDEyV1NTQyf78YFtunXS-8tGWD4fuh9qluJ0bN4RWSpGM-w7Fp79yqIQpnvz_I8IxzKHS_bAkRLiN7UhtBRpAk1nutuZfWQmK-37VUunYdrOqQaH0u8QB2mz0HOtetxesUd4HS3AgMuAOil0f3aETPGGSjRLC1IgRvwppiKSRkgdpca7_BRweTm0u3yAbhJdSL35CxEBny3chSmPSW6B09PlMSKSn2J4_3K8daVos2BY8Waoutt_gN5b_M6qR40LTyAhDIHza117frixumHIADka0axMPgzhgZ6c1_0GUbkU58A73HXgEhoplWMfnA9lDaEB8jmxYZvXpZU6gndX-AcKnTigXG-UrNP-IYmaDGv6PNcc2hq-bVhlLe21x71O5&key=AIzaSyB_RPF64RaB3lypfA6VvXil87xSttgcUNY
Warner Tennis Center,6336 Canoga Avenue,Los Angeles,CA,91367,34.1855966,-118.5957666,https://maps.googleapis.com/maps/api/place/photo?maxwidth=800&photo_reference=AXQCQNQ-amhjl7rALisvtyMEziqOldCh0XLpeXUrNI6bR2uMI5hCRJCH2UDPRAD3KwspBA8DQrnz1bdraBAn8DhjqaYl6ZVTzoQFNii5GrK3Puvk1mn4bo5pSHUiJJDEadQ0-ys84tT1GtX4l1CwGnZjhsFWS03w74BLtm83oxTPELBGo64pOglGRvkl9RaaTbttM4SeD8rttgVN9Hp5B0xONDPcG6uGXL4sKJuNMyPgb3pW6igZjnw8Z6kqw7ToTUNjFYT-9PGUeQlQ0VrvEXxmOp-C0HP6XWgw2zvn9OHiuNcKF1viMhd58d2foDE6zX21tc7PSNeks9nm7G6jkLWTykqlxZ23CnD76At9FbcJDH-VbrNpbyv80tSpCv1GHU4hCGdVQljLN0rYCU7x3c0YOP7Jaug2bBnpLrKDRfv6bo09MzhV0flQSXju_jv-yFp1O5X8TI3Q5KUqoHSJelwbKfQgCJU1GfxT8qAgS9pnV5rkffB4Iwgvu8Qdn1JL53MQqfR3U3LSFNTeplbE-N-einfPR8N9FX03LRM2PQoLZT5V689VqKZO8LO15cHzYJ4Wixrt87pnVr_bmKiOLjceFrdbwb4MS-vCZwH2YjzeDfUr1wi9yJNE_ozuTY1sF5c6ZfjA_LRq&key=AIzaSyB_RPF64RaB3lypfA6VvXil87xSttgcUNY
Tarzana Recreation Center,5655 Vanalden Avenue,Los Angeles,CA,91356,34.1748873,-118.5508166,https://maps.googleapis.com/maps/api/place/photo?maxwidth=800&photo_reference=AXQCQNRJpg97dg-QcNNYU50SLJqGhEV1L2IiQv9YWX0yQvzOotWMh03HFzjOEzXNrvp7w_GGlsOMW3tB6BlNdkPubQpIoxyV80e4zZOwMadHNF_3t0EdYaWP1r4kZKIcWpfGtftv6sls1EN3b7nbpLGZhUTOMn46xSF1wwmKwWR0_00ghBEGDA0G57bvK3GVZlVyOON0ClYa0lA4PGljKuyHZ6xmg3pQ-gT-d_yI3xiWmbDuT2kQ_9NVVQCpiaVhWjaIURxHStabCehXsTyYV6qUv4gxiFo871uVna97wSQp0dJbuQtS55OyKT8F056TH6sIVIoNSXxcGCVbNb2hl5plZ9Oo84OCyWTCe9S8Xh3ik9VkYoupDGhRnQnHc0y-r6WpsTR8fhGSBqonTxrpvmCFTL5fh6FO6t3bWf53ANCJLPrj29x6irZ9kBzcLzRjxAv_3VEjxlKRTmO26EFB-rWVzW_7XiEMvv8u1j4DhpD0ndFZ4W4CoetdgKx9p8a93fCbPaRhno1TD88Njc54hnItGpOYrdgpYENqcOxzr0Y4vkkKEDgEXTKLLwKMvmnUWwOkhW7SYQxTDsakJUe0VZc9-R7aKjZF5gpHnMTAr6ZJUnmtmu9IaJvv0ebC5eOvI0-VKIoJWA&key=AIzaSyB_RPF64RaB3lypfA6VvXil87xSttgcUNY
Granada Hills Recreation Center,16730 Chatsworth Street,Los Angeles,CA,91344,34.2636359,-118.4966524,https://maps.googleapis.com/maps/api/place/photo?maxwidth=800&photo_reference=AXQCQNRelxcMylPi5ELxNIiElxEYlJuvaXwzXhSguQUbKa4BllAfrKj5TBGy8ZIIniPFYd4xddJF6Kdx5MPE66VFAmrXLE3guvwbRRhwItz5MbFHESSNgnRc1dpgSB52QyxFSVEmuI6T9dSujNrVj23BOTTvue_HovBgNa5TcvZG2dFbL0mMtBhM0JGK6c8uLPpMsiWyEyjp4v45xfqgSFQUUDDrH5hvoN4avctkn2kaXEEWt1-IXYB4-6nt1PwlglkA0VojWrt29gXBCtPYEH3nO5Yh0_lIBuTUp8vChuGzA_BDp07yKxxUgLSmDIKIEr1Btw2WkZd9RXMXWxObGgzqSltuHDGUkWLkIVqAXZDN_7Wu0rJn5dYvpS0rJUyawsJ_AI06aHHuema_C9oFDEQuJTmV8XiJBI5G4ZuHD1KN9oXt4nwtC2aqmwMZ1jhPIOoSNiUquRaWLjHa33VvZ3hAdQKTPDbdS4hR7z55mutw0_guJi7m_mjxXN65sK9pmKSARUt0DZpm683kK0Wef7LcYBUMxwj6YoToLE3FtkpTe7NjX_lFh1rAnnug_suuvpCocohV6wlLHwtkfWZ4H0ayf_vupgyqna9H_pmcmeD_w3wEo2Qv78GGQ0QvsjHsPAWD&key=AIzaSyB_RPF64RaB3lypfA6VvXil87xSttgcUNY
Knapp Ranch Park,25000 Kittridge Street,Los Angeles,CA,91307,34.1887769,-118.6597014,https://maps.googleapis.com/maps/api/place/photo?maxwidth=800&photo_reference=AXQCQNQ5JlZ4KmVNsHEwqe3aq734_HlqPjE6clpImKVyII3wpiPiUAADYQus9LmhXXNWmOoyJCTAqoG7IsNtgf-oNByIpJYWBgvvoeavqof0RLcCa-wgMGAGXrg8r2hTuqBizYIlrb2u4owOyoNn6ZZfK6HhGuPD1Rp612FReh-Kve2q-BBMb32dZ2Tho_-qz6PGkmfzjLqYvhwB-FjBMupYiEp8oq8nxs3WmEj4xRu9Uf_90tjgG6z_XhLZ6Qwixvpox8RBO_Ltkm6uRKgHMrrLCXAT5V9VUvXfCNV0x-t9KLenlUrL6Sj70LkwtEANFQXH7uAmQIQuylWPB4zJfLU3EIF3HYBRms5G8Jl8dqct2dCiEmgyuszBKzGzVV3A2M3VczfO4-N9BDcTij68jAT0Fb_LdJOFJDzMeqgS3Qtgmjn01mmVXIAjiKwPBhK8p6UQ8U-x0WhLplrbH_Ge0iKCfgfC-o_AKZ500X9ei7uTRreHggXGgcy0cLdxncgMJQK38kY39uwzeAehMnShifZF77wl5X5spgf_NdBTnQOonIUW1sWkg2UyVVREZjYKKrZcHA-T7yeeTpHpEXtVtY8dupqUM6GDFGvelwo5dV7F2xF5V3kJYLZqf_8jDCzK6Fc6J7FfhA&key=AIzaSyB_RPF64RaB3lypfA6VvXil87xSttgcUNY
Woodland Hills Recreation Center,5858 Shoup Avenue,Los Angeles,CA,91367,34.1767038,-118.6139043,https://maps.googleapis.com/maps/api/place/photo?maxwidth=800&photo_reference=AXQCQNTncvkZ3PuiUVTAuPALn0DE_0YsbDP4Y0RD4lA-U23K2UkkF8dglx0SSo1fn-3JQIHQYlBsNlOPKYyr498HAJskqHP_0SRaJ5LmS-weaZWpiYUiWMUy1aEvdG5LB-Y0jc5izJkJjNdF7ULjWWO_i8Iyu3fJ2xHP4zxwyroM4l-KkERZkIatxVf80w7XP6rLQlYrB8rQVVKzPw0A-jACEk-HsZeuQafhejYk5A0m5SGN92xXZIWzzgwSIJDlsSGVKcc1eZwGs6z0LLrJKMRopa56CCn-3FJCqWtboThjHICFcrwT9MLlvCsTKinbeSpDUCb2rma4egSGgW6F8nsQ4_gLeMA_OJIerwVqowVpd6Pfr7V_e5YdQJ3O8mNc2XSl35k114aJI2MnDHjTMn03NAZQHnzt_cIeQwesw5veNILiE5Algvkcpqi_lRyp3K_87Kg-4LRDIUCsa0Y5rCZCKWAWxSzXMkfDuI5BwmSgJtSOoz2L3DCETlgI_aZXZQILSNz1EGCuFe7n3BRz681fxWQyLargo-2ITDDNAqmRlrRHF3lRcgWFUssIjLCKuIiSVv8ytRSlsFXYcneWfSNyCc1EJGlaVtuitRRo_mTx6vMqrnCbvbMiclCw1X6XppQvkQRmglsX&key=AIzaSyB_RPF64RaB3lypfA6VvXil87xSttgcUNY
Public Tennis Courts,,Los Angeles,CA,91304,34.2174758,-118.6018447,https://maps.googleapis.com/maps/api/place/photo?maxwidth=800&photo_reference=AXQCQNSjl5HuktdCeazSEzHl-8B4h6F4K7a96juXN56U-FrRY0GCJJdd15RNcGAM50C8Kz2Ab4_RWSEbzV0wYPq3Ksff1NrWLPvHzDtRSJWaSjqomn-hfLMrotIGyOyXIyVgoib2yGJRLH2f0448BiL2PqxUFUQ6fjlgv81vMILXmnu2euMitvfRFRQOGKNasT0OGB56jxDI9gKeTfNhnHo8gMo2LWcdyHzflT527NIavm4sgayT_mA-Q1ZctEfB0bdkiu9N-Ew5sxhiF4Ps1J0tdFH0D-Okvg5iUd9s6FAMlM8QhifdfLKSC2sxT994yqi3CjiZ7otN_GMprA6Y-YfK__dwL-ZplwVYqRZk0eh9JfRDSmlnVBHv3CUE_e-LXWvgs6BH_znqNn1AjrKLHzGIoodnqVWrB5CcPbxpTKnFBon7PNayCpsm6u4cxf7121WQ36UKtqS-B4pqEPas3zzXW7rgcnB_Vk8mqiPz1-hPraqqCZz2T-HEp45ODA7_YRVwWVlw6MIheRKaOH3OO5IoDdFrjKyC2H5547yZZqpHaWBVjCZAv9Af9KnKetjysMsfDUhWszr_QnTjXh_FKupCRbdA8pPorAoLXkXxSRbTFvENljSQ-kEQh14K7dnt3-huAU623_c8&key=AIzaSyB_RPF64RaB3lypfA6VvXil87xSttgcUNY
Balboa Tennis Center,5651 Balboa Boulevard,Los Angeles,CA,91316,34.1732362,-118.5021095,https://maps.googleapis.com/maps/api/place/photo?maxwidth=800&photo_reference=AXQCQNSyo58BqFt5UTmnU_6ff4-989OhdZc5WTmmEBoNJU7irfGmTIvLLiAhOLaGM4qB99NqQJZZBqZ4q2GRK43e3EZH1R9AgqHWTc8C8aYhq87ZTzT8cDc5H2mczDx5nqK6hwRhNP3hRK6y26jjaeiiUrGQWmY0HtUaPxlMSXg25BFXhm5znLnWUvQP4rTWnKmTW-1wlkOzXyaz_VO5FDZOuxcJLIoSbIysfaKcMvpW0UzdirYOc-qyAmR10KAFODxH1VDqUTBOqDmrYakyPM16jtNcKycAe_01FAT6KH2jdWiuZmnmq3R39TdKdKR0p7xLaHDjCB8d058w6R-GJho4swHmiOMMyU3iQ85mNtyKZ6buCr39xQpi6u6Nb6VRGTOVAYc8kZ27Fkhop8LBJXQuKMKQ50NWLgQsY6yaItvCZCnpONObqSCaRYMUnjRtGA2USRfD163V90Lu7RON73oAOdFUZUfVOcwVqjrC-oK5YqCV6JnzbFZLYHk1N7Pq9ahMwW9fyhjWXh9Bm2lhcOFgiv7X3WWTV3aMFr0hxa-yLNTIZxP7plypYc9ntwGQZ4h4w6YocGyFxumIXQfv8vjK7fPG4XqowBKT7gxoEnthJVzMhAHWvySqXffS79e2J7iMj9i9_SM5&key=AIzaSyB_RPF64RaB3lypfA6VvXil87xSttgcUNY
Balboa pickleball courts,,Los Angeles,CA,91316,34.1738518,-118.5039907,https://maps.googleapis.com/maps/api/place/photo?maxwidth=800&photo_reference=AXQCQNRdu2WMzPfwF-FEFDaPtT6-c5Kx9iMgYS9dbhFf2fxxykQJTrA1TqG7S4LfiUfSgFXYtZoPoYjfL0Z88u8ZNiNZLn2isNJL_I3MEvB4n9YCIIiHCKkBynDd9XUPZiO_IvCErr06O4jUsuKbYhsHlCxshG0LINrI8Hhu8ecjnWU1hcSZ3yCIXMAyDiuwQH_jpxTjGDipXiFO1c5YuV8HGiHmGW_tmEZJn8qhFGi-7vdZq7XYf8tx7vuCcUGS31x7IQyqjQHtqVvpn8s6TbXjH43zQXqppiDl5Yz-9T6IoYsQogIsf5EwAiAEQEqzP23PkkH2PN5Ruj-szYoPHqCEeN50I5wkr5lVjIyDBb1Cd6RhXzZ9a_c9sYfa4pY28afO4CcuJmUoMLvbEgEdey4D-5_qXO8pTU9lY_twEnLiN9PKpnOi5Jzh_Kg_RS7EGz-xKLPeSX5z1nBmzkyIuQPHL7EBfshSl-DNQpt2azpqROxKi-NLD81U6RUGQ3xAJZin84FhaEaQg_ImngxIdrldapVKxMyIhy786U_6S_PvLvrCp89OuFn8qBOUPWohVLpSXha70lmpQ2r3vYpLHgSIfZn4rro3F1u6kxeWB7yTqq4AJgkSUKL9cPDzrM5u-yNeZ2defPKF8RO79FK7up9BWWKnb1s&key=AIzaSyB_RPF64RaB3lypfA6VvXil87xSttgcUNY
Chatsworth Park North,22300 Chatsworth Street,Los Angeles,CA,91311,34.2628142,-118.612292,https://maps.googleapis.com/maps/api/place/photo?maxwidth=800&photo_reference=AXQCQNS98TE25a0KCYQT5eaLARrPQCfgezSnuRKXnaizxcR5ij1mhhLgpUP9rtg29_spR0xt-yFZ248kMQDD6LYjh4NsqSP9yN-BwfcAKgDkPoc960-C1xUXXOYfWEp35_0lM2s-DO9dAEy7MfSDAHDlzZ6msstMaWxq2d0NiHX8LIfyJ_kJPosgX1oiWJ0ZFhMtQOW5QSI9TODkTtnC8oivvtkPrD3TBLbDBSnaEcr9ByAkV5qXV9-Bhzl5mkRfIPgEcw3cptOg27hbCPcKP4m9_9SvSGS1ZuDKtcEtcYERfQuS6_ReC1s3LAGM3S0DOlkqy00dhJ4WeWqsNBMWRd8M_13LKo0A2DVJGpZj2U5fO_lIjUVb-nyNFKuqCaB8JnX7iUrnqtH82Kaf464sJhSuwr_dIPnb_1-Jv6fGoBu6Kj80qFGU4psT80ibEiBXTWrGhClhDP7cOBWhUUTFOjTpWECF1oiU8oHHrdATqMDw8JbXVrPNEEPYlTu6Vb4xHRj6asF6ELce6mRD4CY6qU6pWq_3XzPm52F3ajIIe0zzsw-BR2MQLPSp28d4NOro3DUTM4X145lu5EgaSz-2iZbKxCv6PgdvoQaKfTtGrSIiWynod1Mkv9S_NYBJYXJWIGlc5qkj_Ehq&key=AIzaSyB_RPF64RaB3lypfA6VvXil87xSttgcUNY
Mika's Tennis Academy,16600 Vanowen Street,Los Angeles,CA,91406,34.1937829,-118.4959482,https://maps.googleapis.com/maps/api/place/photo?maxwidth=800&photo_reference=AXQCQNSq8ccYHX_d__v28tskfHMzVvr_jQX1i0fOhJ5Su25-19mOUO9MgklhPkXKcAHTyyc8tL-y_MGkG94BgS0OwJXgtc1B6v3V2jPrSeJt5zLMF1GeXJ6pqZyCYTaCPRd7cL0OI6L0gdwygh18Pn7vd5eKQuBFfS09LzuMjaTy5gC6e8yGPjl7C6B7IIg9yEDlkTB3GuUT0qGexQcAQdTZWEOtpj94UaJlxL6ORspt_seH5_855ASsYZjHtpQ29-SgxSeT1Vibw9uGhD3oN2nTJOgDHcMwoX8R4eliTBUcYBWf91fQQX2SA2U39bL6oESGVpV_ZURpKZo&key=AIzaSyB_RPF64RaB3lypfA6VvXil87xSttgcUNY
Wolf + Bear Indoor Pickleball,14933 Calvert Street,Los Angeles,CA,91411,34.1813675,-118.4585999,https://maps.googleapis.com/maps/api/place/photo?maxwidth=800&photo_reference=AXQCQNQxGn1UWgbnmHam3UlpyGKX_hpg9C1RHf4Y-U_2pCk2C1c8HqY1W2hRF1VaohqDnYyMXu6DRwPf9Z8s3Ctr4LFNtYky-x8LCc3Ur6rnWYcCAB-zB5ZX-ZJmMY_jTU9wJLAhh33IcwcJH5ND3i6PKPXgxNeD1yFZ1GxcR7LBFP-ljcsCzVUWD5dnmbgxAqQU6EzBMnkLPA0rPfNrChg53o8gHJGojIzOT5YYhu9dhJ1AwrKEGWNQDd-uknMLwQ0-1jt4imIxH-NPAb-oZ6XyscTRKbj1SdHxrmLJBW4jV8r-FUJ0g1ULv7eBsoAisAjbpB5XICstVbvUzqtBoARte3jiNWISzN-ig1Bg94brtJBrU6TXTAM-NPmfG_aItoptqS3S2vvfryRtkmOojDitf8kLMKFfa0TkmEZt_vvWgCwPnqV_CXEPdAiGIveS25IsNfXViIw3zwoBMQuXwTImkN8rB92c2M5RHT46EUiHlzc7ybRqfuisx99WBbIb_JLPm_c2OHD0vyEs4rkRZsjF4ldfvnXN8QM5vHnuYwEpQaB99U-eaudDmfymymbqehFJccIvJsa5gwuQBE0dqq-Dx1l_JIsbw2Y89SpaMayLIuKg7vDzp0in3Hw8CYp1dWBaCwkFjiCFLHizWtkg6TIhJ8X_LWM&key=AIzaSyB_RPF64RaB3lypfA6VvXil87xSttgcUNY
Burbank Tennis Center,249 Amherst Drive,Burbank,CA,91504,34.1921314,-118.3207348,https://maps.googleapis.com/maps/api/place/photo?maxwidth=800&photo_reference=AXQCQNSKvx-Wy3bHiNThQBwMG1HuP__r0oca1j6w6vLZ6XbJRU6JbRYw9r3Okdd2ISLwCGwxqnZg2s7K_Gy8wnabgprLOWIeFYid1SHo1n5jl8HGJPIfyZ_QIJ5gGvFPtSLkLaXvMpfj1IM9QyqcxdHxe70RlUIxbRiZu0va3kzynyGmqCYB2dJeZRDUPyzq8PxHxR37B64p3OBNsMsOl_l70Kyej_B-wBBNX5MI4bLY7AFoNWaKWQqamGFYjqP0obtDv67FN2mtUDzAWab7FfrYvrBS-R_9fixf5btqx-p6a6hb1CLSnjImT5arFRxA6P8RtS1DEejieIg&key=AIzaSyB_RPF64RaB3lypfA6VvXil87xSttgcUNY
Larry L. Maxam Memorial Park,3715 West Pacific Avenue,Burbank,CA,91505,34.1888534,-118.3524041,https://maps.googleapis.com/maps/api/place/photo?maxwidth=800&photo_reference=AXQCQNS3N8JhGQZrfphYOtKfiOmEfS3lKRRBm-x-KvjB5s8rH5U4B8jftXtBu6GIMhx1NuZJD_3NKwTuvYJdUdzPpGluNhkGin2LeWE6yobaIBcu02_as25eo8xNRTB13vTzqgZkQNk4yldJgOcf8j0JMR_7z9TgcBp0Gf07KxNSk3XlwFy5T70n2tJeEapULGaebjDwd_7_Ylrp-OeTQTfwP2n61k0FgOXUFFdqC4t234uDAlHAqWYXKFt5oCCAuwQTki19YTwpftQ6O43jzO_m_9hu_EB-N0e_XoyP3fysHubj7VYuf792cDYPFwCvg1fr_1BG0cQA2nQTaMg6e59GH3gO5AfDThAlrKi_kHE4Xb-f8oxpD-sC4T-MNFw6mr-XyOwuiduYIJbF48-IP2Y7z1YuCxdqeiP_jq_H6XDZDtKgJZuyQ3MSB94EBbQGVcNoEj-8cjdGa8r-yMcGDnjNNe5dIPZTbRph_bZHUgW4t1QXej9zdTbfwLa8NIZ8Kgg4uHr4K1stM3CN2cGVjn8kSrnycacRHkmj-2vqMbnI_OXbUKQSHSICZG5h8ET7cpxt4PSUVX_H9jOjoAPSuc2a1z7jd14MONuoZJyg9oqvT24SreyJjEz1OHGBIwHsdeuHCbpug-CU&key=AIzaSyB_RPF64RaB3lypfA6VvXil87xSttgcUNY
Olive Rec Center Tennis Courts,,Burbank,CA,91506,34.1723455,-118.3187311,https://maps.googleapis.com/maps/api/place/photo?maxwidth=800&photo_reference=AXQCQNTw2Xhd8dhkF3hgytShuASIaFfo4AY_IwyNeEgVtOaqLpKs6RAAb9QNs9MuUk7JX1cL725pEsJ9GE11YbWdfzjGOfNPMTzuguqtby-bCBkmBUoSjb-csdzRSVusPNFNxrlEle3kivN-Lp5sY9nTt9SMksCnIkwVwmX-iD4huiqdCZnC1Ui7PqPNNjlsCCR27CllB09Rb7rsYT8hDWhlojKh9-lUyy5SodC8T_c-LlaqF2YfR7zeX8OTIHFufi-J68fkimKz0TE62Zla4eNZrCInJxmSTcLObe7ZgehJSmW-LhtoAW8o85Zj9EVemDhGWK631ylWVw1Yyv0fPCm8svbZ3HDBgzqQTU4Du3X9-yzLHwuG1Br4FIjuibUadnHjxxe7TVJ60d82FbXxy2rDAvcEyDdTqTZ9afa40IFnIEilnBy_-ZwS6ly-GRnHFRq33i-dOrFwRJ7KOicjLB68Z0FLuyvpIdwG5lXPNRl8WRYcJJwoBNegTiQJ27AVkGX7C36jhm_wAHYav4Y8p4KN5zH4_RjanJIYI8menUbyiaPslZDWRWQ2v6WMzhPQZ4fyKVG58ijbdW5AUmEeWulJeGSOiMO1D_uHTVM2LfX5ALGZqvuTbLowSdr2MAwqy9AZAPgpSJFp&key=AIzaSyB_RPF64RaB3lypfA6VvXil87xSttgcUNY
Lindberg Park Tennis Courts,5045 Rhoda Way,Culver City,CA,90230,34.0028038,-118.3983555,https://maps.googleapis.com/maps/api/place/photo?maxwidth=800&photo_reference=AXQCQNSTYRZyJsgmOQQRM-WDZA66So7YcJ1Ps2fKDDCRXs73WvzEhKbGdBBtIu7Du24I6b9WbKzCyPQPLWWnqsU5prnaZlqNU1zFApaABrz5UDSAy1hbZKQqRF6oSfYGhB03bR1HXIknmSJKvIn9wBJB2oBu2F5WuBayxYF_CWgME3RiL1wwC7JjFFLZYUZ7e43fRMpfUumKaOW2YDbX9QF7GuS8NjQoTVmp4w2yP9s7MmkagCEZaRpFI_qaWzzDIy-sv--WIJXJ4WWAW8BUXmZ_r7fbGmqCg_Q1PS7eaOi6UFxfhvadHGKLII7eEI1Q1OT6pCB6HOV-ws6cLtho0ocL4TJlK_X-X__6YrUrIh7VGQOFcqa9NNV63-O8RlzAW1rEuAW6PZk_tsX97Epqvq2Mblc_g7qQNYdwnoyrrBabAOwUVrhoQiohy4Q9IdnTJaEbEQuThhP_ve4W7Ig_M2hI8h1JTKzwHJU3mEq4AT5sTRx0aaCumoAS_NR-xZ5NNeZ2DD_YIo5vvyGDZg7VWiYmfL19djrKpHIrhwluFs70HsQDueFQOrcT2rs6VVjoNwAqNjC5nafhNe95FSld39DxBxSNXE__B6nFXW9FGSfVb2sxhaRTSj5x7OjkPX2IZmvIBjdjKw&key=AIzaSyB_RPF64RaB3lypfA6VvXil87xSttgcUNY
Barnes Park Community Center,350 South Mc Pherrin Avenue,Monterey Park,CA,91754,34.0588418,-118.1272894,https://maps.googleapis.com/maps/api/place/photo?maxwidth=800&photo_reference=AXQCQNRjrTN0CVHSX4jcEpslvTpmu0Izwc7XWksXuLx-a3KfTZUBmCNDcVHGHryOsQQJwXmAWdQLjrY2KJtYUL2qpNnoFYLFsRw-JpbWCfW8aVGvfcrrnWCMFHt6GpWzWYo0B46ckRUg4oAxRf_YzmpxFgPhfKoMTVf_SnD4dnjhu3BnPMT-YUrI-hOKzNqbJLwNeLVJw8Q5UBkuSGdzy0NNV9oEII5vHIEsFDEeVQAKESvzvHp3DXC-pPMviGQKhlAfNlr9r9eAxrF8MMRbsAi9anuZlT04fAWL_UhnTSXCQ0H4WSRxCGFvTCU9--0IstGYOOMCddxbnyZp6g2L6euLvwIAbtQZAj0yJlKM87-_Q-g1Jjz3bKLZ1PM0_ii8J7jzJI5phFKwDyJpEWiD3wTtvKAuddWB2b4B-xqYOBK_GdWfkYnGQYg0nE9VvieRHrCg0kpoXnNraeSoKYs5uFNDxUmCX-W644hmTXwVaUs9t0zZciX7DSaHU6fznOJr7LAcoscnElhWbCfUUpor2cXxsHJ3L4HIckXItXESC4YcDOKWnWGA7Qfx1xnsYBKcur3XRRyjbb8siI_WQhM6XJZ_mviSd6KDliKGVR1mBMPUBpqEjiroT5e01xB_Y4z-z0JvHG3NyunB&key=AIzaSyB_RPF64RaB3lypfA6VvXil87xSttgcUNY
City of La Cañada Flintridge Pickleball Courts,4490 Cornishon Avenue,La Cañada Flintridge,CA,91011,34.2044392,-118.2033118,
Glenhaven Park,2000 Rancho Canada Road,La Cañada Flintridge,CA,91011,34.2095119,-118.2196762,https://maps.googleapis.com/maps/api/place/photo?maxwidth=800&photo_reference=AXQCQNTs3MyAIhxqen7w2n4okVnStCah4AVbcHz1YGCutYmiSfDgaoeVenUMem6Qy2qiCXDg9qlH6rCOqIQbDsniP7CVaDvm6LjnyWAdYMQDkvsz7lex4g4EJ7QMl1tnbBpEGeFyEFINM7Xjb19Aiz0O4tQ85yu1AFxli1VDlMrbmVqo9h7O7hw0P62WQ_9vmNkrlQozmVrD2BBmR57jbjYiNTYoVIpUAUTl88KNQiIuPaH653u7tofoQ0NiSBc3RJXbPkPRZGXx9Sn45M47wLLN-ccG9WIOCFwXdNPgbJa4GbS9YThyACVA6JGnYtBlT9xWu3yCQ81AZVg1RcQQyaG3j75vPTI1b3ccKfNADQDSK_wkWW-AJdLvgOgrhEWSO3A7TbF3j4ewKk_HVqlOehAV5zbyQPf9GNS7a7G594IBibZRiu7WdgDGbwr1HYvEGClu9nDMRstAv3GU5P9dhxNQp9r4BxkQn9WwU_y0X-VcUuEb_1RNY7PRUHQN3PxMjW8PgA1PykGuUuBcyahGvP5rHiXxYc_iLY0sHiXxU8TEVAjoDyFRmy-MEI_oNdt9xgS8zu1EWodCNNHJ6drsI__HAVGMsosfnoR0vadlcUcPi2HB7guFpRzAUiWvRzKYsjr5hnlcyA&key=AIzaSyB_RPF64RaB3lypfA6VvXil87xSttgcUNY
Orange Grove Park,1440 North Baldwin Avenue,Arcadia,CA,91006,34.1565991,-118.0524562,https://maps.googleapis.com/maps/api/place/photo?maxwidth=800&photo_reference=AXQCQNSJGJoxGzNhKHEycwKrfRH6PkvWznzb-i86hKtsThI0ZSvIjHVEeub1STUc6w_aZRBViy6nKYkxTInyDDQLaKN0mJYN9yG56eektSiDcamJl972LJ7CFOoGo8bXSRotQStAFuMIm5ELwGgKUxo0KQefWLTD-wNNnG_lC3YX9qKx4-SIwWqX0cluhfjymrXP6sHbTK9o3wRCIRZEqpL1qCbkadPcFuEpGke8bXThmLoASxeyWhi5C2GjiTgiXEF5xX2q-WgBOK9E8I5aRaKkKs1_yvyJ3twwxnLMhJj9GDJrbJhp7efagH-oUswZ7fqbad38aYHiTNBPchEKFKXmcmFx_dbYStVA3cW0N2DY9AdCv6tzc3t2Jvd1SbtTvKTUz3kfGIR3XjE4TyS3ODdU2ofpMN8gFhScnZAqGoKiM1HMweaL1IlUJJOgWTG4N57mn_ObOBUNeRLlWO_bstoLUt8sWhmf_WmShXRI1bCS_JRfGODBNPXenkIyCzZUHSFgZasWYOkt76jutyOShCCzYpRDic-LuX9LBSok14IiW5C0TS-9MZmjaDhxGmYNigme9jH8Uw-eJ4olKhphDiWCcqBgOvbRH4oyiZiLm_ikdHWd6IFH-cjMF4Gq1_C702tyv41pgQF3&key=AIzaSyB_RPF64RaB3lypfA6VvXil87xSttgcUNY
Tuffree Hill Park,2101 Tuffree Boulevard,Placentia,CA,92870,33.900379,-117.8686424,https://maps.googleapis.com/maps/api/place/photo?maxwidth=800&photo_reference=AXQCQNSF4TPRSmAupi7MuBYQPJl_VU1f5u4ZK_shxJsQT_i7j_ZbMytLokoHSwRxMLR2gNG2hHowJGORAtixm2ueIUue7y_DrryDacQOmNI3pzeUq3yps4JuwJSu-SeSpE_QKnmE3Dv-AxjUt3hDAUhTQ7Qr9rwfabV-US_PxiZucNJ9bwu_xItCL8SCKAeSnsKacV54QynmU8XF63o9VJ6e_nSdGEnhBuhXTqx-bhyC3tye-iUOBKDziMFhGjurrd7GgYLIFvh7Zhqxv7UVgpW70XnGtUA5H6ZFLnd7-Ei17T5uBXC8sZtk3RXnUmwlF2uxelFfo3S66nkkSWEdQSFlzGDfir-xHzCoTWMAXWC4PvfMTBDFKS0WYGbM_38XlK9Ap5APcyWlIaApqtGVJ2vJfIlKCEA-REFCBSllu7FWRAUxztKfjnMas_f4udAAZFNMkwsznVULpIFSriDeCu3VnImLtCb4CpdV3QN0mshcnCgSFYFekc3ZADYGD9l4_u5WemljcmR2n_VaQkEMs-t18d5TmSCz4YnBiE4sDqchNbRU7sojXeSTAAY91RglS7_4LpCQbdZaw-yHB9HmP_gl98o67LkLS6GKX673cVGDbb_p8sYBl09d8bYbaqrb5V8alJQx1Q&key=AIzaSyB_RPF64RaB3lypfA6VvXil87xSttgcUNY
Sofive Soccer Centers Upland (Upland Arena),1721 West 11th Street,Upland,CA,91786,34.1040092,-117.6845548,https://maps.googleapis.com/maps/api/place/photo?maxwidth=800&photo_reference=AXQCQNS_bCdIHoZ-owVyauVyO0fLWjypj5uSNGx5Jvv99toSZwNFGOwBEALxa64LjyWpYIhH3tL1Yyfu9u47vW3nRqm4tpMazMfEjmaJrwh9DTsKMpQnpopXHfAzZPB5wganYeXA_g18DSLfoVwaLr98yNQrhZfoJSAxab29ED7-tbAMYQvbKkfOT7rXwqJRGWYkCoecGDjEHjWsx0yLXhE_xkvLOCs61XXbeekru0e237Rm2REaoR7kNfCiuYqgmw1FkV-F-nSdMssMiLsg4yJmYCaJ-88uzJFZKfNszDdnQ9iKkkav6Gy25M83SSmY0Wl3vuyRClDqlbxi72nNacnVKatUP7rZZtFkWe74YGEd8SAzf-r83NLcKdv3K6W_57vPfW2YdUUJHs5rMCdePi9znau0yYvjKtBhlF6JndJzwkHw0bqVdKcqVdY3Dq7jWabZ6-eqAH5pgt7V6zkeZW4Li3Mvr5_JCL22sWTmWtl_NjuJKvJemFnmjsM7fBMIOoGZ3Mo4rdd-ND0Ucw44Eg--CNbozdT7fv8TY4AR758PS-6ybXt1WBYlGXr2VlRiBniLesAg35JrD15onbuWkFMBf-Kx5WfdTr51Z_FuUjRKiNMX27TmRfY5ry3u1CuU-M1sFuky90_4&key=AIzaSyB_RPF64RaB3lypfA6VvXil87xSttgcUNY
Garfield Park Tennis Courts,1777 Grevelia Street,South Pasadena,CA,91030,34.117999,-118.1463833,https://maps.googleapis.com/maps/api/place/photo?maxwidth=800&photo_reference=AXQCQNTSTyDt-n9l3p3RVQWvExayOB6r7dfdUfpedn_UWx7dSH-xxrJsrFXSWSRiKVMb7xti04-l0RYub623Bh7ezgQWw893SLOGMu_zV7vxeGhI1uvwkU0uqsfJApG0Q3zVmKMJEu5ClY-_ruHSOKySYP38rXEAO9wjvAqug72aepYLbDm4QzAbUCPZfvXX4sDOIgYm2nQEccui3781624ZPpMQoavD0xhwfTg29zwMBAcFBZXznO7claZ0POtYtjKneVLQX7P8GYNHLcVcNN60Fg6OL_afbAxgA_cc76oOdsXRZPyUpMYA2uUZq4LoJUb0aAoWtKId8m32C6Us8ak0zIFBb1VAWme8wETgaQaOERHuGE4ljxmcyNmETHi_3wGOvIGUhzP5GQ2PPtojdM45YbEAONDIgymejtjM0ECDClMsbmnHHOlhhVz74pvbh4q56BW5ahkJAAjNaaUzmgmzpMt-cvwcC7KP379RlvByq3elG1Y5AR7w8bsaIo-RFdIrVJspBTWb6-jtPhxyD_liKDw_gT_ElH5mfpwUzSFZhA5-uvc9-RfdqA-jIJVfhngCHc0WpiRvld_tjWvmF2ckHx-MEhPtx4Voiaz694zQ1Ya-CJKg7MFTByrqM1TxkH6M&key=AIzaSyB_RPF64RaB3lypfA6VvXil87xSttgcUNY
Walnut Ranch Park,20101 Amar Road,Walnut,CA,91789,34.0388317,-117.8632399,https://maps.googleapis.com/maps/api/place/photo?maxwidth=800&photo_reference=AXQCQNQCCiSmE3vEpbk65dzXlYBpWxdlOlQZ7Z5q825ZUh933gWs3VcXQZ4Eq9kuwV8RUsT9OhBHiikVvVcGdJbQ3DPw5x6WkhcaMJ7jw1fOvKidJDvp67WJbkBc1Vb-HfnqS-ymF1w4NNxxzlZgNXXeiOUL3Z4nWATR1djsuZbXY9_lon4ttznuwO9T6fvzBpdgvZAC4OiI-k3Kx5gIhOFwgLb0rnArNC-7Vxa3D7IKSfbMpWY3qNP4hsIWIxUCdEwrPVqCnlP1G25XPuYk00RjlEpBEovIA1viLI0myo7LBXbNGvXnfGEJ1TKErQbxqFm6e0gujX2ichNRBamV5lM_L88m6o7JNieO7TjMCfwqKuO54yrbC65Gu20v2Ov-i_kecSVPD6uu-wK9QpWvS-AQkfBmR7lDeXdS-o5wpZ9dph4Go57llSx1436LrhjOGNXXDbFCJAKH7C64FmqK-3rYILnrXjNYL4ivg_midgrXf2cYAeEnIP6KBJHT9UpnVV9pmSz1dLdEWX47wO3AOkPHCrHe66ibSY8HzCgg-XBvm00WRPeDHjRM8Jo6sAY_RQeV0fnpZN3L4OhrKQItB24cru0i6ps5lUX6xtt03vVwtApxlSXW3sVHRUHt1YQUALqr_I-lmHT3&key=AIzaSyB_RPF64RaB3lypfA6VvXil87xSttgcUNY
Del Norte Park-tennis court,,West Covina,CA,91790,34.0777125,-117.9355469,https://maps.googleapis.com/maps/api/place/photo?maxwidth=800&photo_reference=AXQCQNR1GPDINkr68RwG3zucP1Q3cyxhjoOLbyV5FqGD7CqnkZHeZvCek_HI9QpRsGGT90HyKmKOGC9vOb-RcJtiX_SVSmTOMYEKdjn-BMl9sQAtT8bkevHC8idiKNAnqZWRlskc869BmYBhyOwyktRLieRQ4JPx2ebKQ9tyXv82pp7hdAGCHWefOibwGPcG6F-j36JjOl7IMOGesVvULsK2_TztYud2u8UWL9QOomjedy2Lq6EXP5BtBL12YzUIEtLxTu1Ph4NJy_CTklo3jf1rhzyJGyGWSuvuV0UCUr199-cuOAFh1K6QzckuWlf9mECkk4duoUlO5SJF14aqpjUuGAUfVK7a88fhQlR7ikrjO6WslOuJ-5xqwO3HRo4q5oPjaTUB4OSnxpS2hHRKc5WJvMQWiIiM10RPIk9jz8gfQFTOYmJN-GLd66aJZ8LbctNeFwpFSBPoIwocKh0rEraOTIrsW5y_nlZ02Epp_UJBnoxUQmYQRjcrOo93GjcDG9kRzmTjgSgX2jVBcfcVv4mcsbHbNOOIMbGXKIiCApbk42_Ho0pKrmvRjiabzx9nV4VQzBg5iO1NJT_k3MQNjTuXz1Rxp0H1CIv8A9XbVzLXmQvRD9nz8G78LA3nN6AxYIa0&key=AIzaSyB_RPF64RaB3lypfA6VvXil87xSttgcUNY
iTennis/iPickle Arcadia,405 South Santa Anita Avenue,Arcadia,CA,91006,34.1365067,-118.0339167,https://maps.googleapis.com/maps/api/place/photo?maxwidth=800&photo_reference=AXQCQNThB4o9HCQfFe6KB9x4vnjVwvQrOnQhcBhkKuIV0IR_FK43H-kQrPdrUZjsdB2aBD3qTiMUtu_ajr-jO6qPUaLC1h6mcM95AHfdVu_W-crkhJFw31QMujAtG7gHJ9RdB5zheboYJro-l1jn9BlNtLscuTR27QrFEWUbDczw1wl6lk_f6NcB1-QZSv3Yr_mf0e30jLFwPJhEhVqXl6loejK0nVYtATG5FNyNMIfC4arZKNT63x2hIg6J7oHqfVcFhZdNdWm42VplU2g1qFUalNZDENTTrbuMBaUUKa38QqSLs8EBtpsYGhGX1txV2FjpHf_KB5-d6DFJV0R_KTNCnR5seiz8Y0h-spTVc3EsDcGo_TV_5_8DerecTN57oTyK8pbuhGE_1cBb8ek7xfYoGxabs-Lq8xPuD6dIiAqwEuQBQ1F1XcSSHs8luVQHsjJltGwdBTDWZ_qhja0Wb59EEDtKRt9bLMsp8eeYerWF8SYvQyKfbwuA5iUSrE6QccMj9Dhl4NUTFdRoRUQZUisx39ZZm5_OT_sSU_oPmZ7G90-KkuFZx-lIUNxG4SZNDMqkLN4TZYdO3g4KsjrY-WLrjVXxXeU20NLz-YN1WDFeTUn9bXWTgKgi8t_-qo76Z9YdTA93sg&key=AIzaSyB_RPF64RaB3lypfA6VvXil87xSttgcUNY
Central Park,7821 Walker Street,La Palma,CA,90623,33.8491871,-118.0380032,https://maps.googleapis.com/maps/api/place/photo?maxwidth=800&photo_reference=AXQCQNSCNvq5L5VstqifmJmc-eWJwDmO_0EBq6ixfE_JHxtxbJ12EjhiHClch5nyOQ6wXpPZDIyUm0cnOhgrxVlEwjlTQ-nLPZs3-FJ9nkozNGEVFmsevJK4cLXRfyKzY3glXp1eOnbejt89iy6nEtNo9hdJ2o9371iQh4_O9cQUYttsjYIM9DXjFn1haCO7u2NVyIqUi8ncf5tkrLA7EBnlCqYq1R0qrdupDHV__9reo4c02Y7aMXTKRG70BeoPHLImnAHKEu8mzTS4cdSf_VS_SjQncesRTgLtk_2pEwnUvGMKXNFE0QIJxg0QPGQrNUQUErbtxE1ANOJoekR2pMHqBbmjMtv0TebTPW--4veWRBCgqEz3cxw4SspbbZjupw5K5fGTrSvlakXnRxKr3u8WYiNmqM0e3of_1IQ0OOKJwlQl2IlADX9CBGBJ0nA0ydSPN54WHjdxBNXVjf2tUNktliZHU1-8zG3EtkIWBOebKP6LBet3RLvdzqzxNwWnnUfwPjExJ5SdsBrChHlIpFQhzBGMhGaEWdOzwCmVMbHsLTOMlUkIaJegzzlFa3GMbSHpjsB9g9ARlUp82ZmWxU0BCgIFAwo4RDOCrcbbFTZrPcrf__SJxOUzuCciExmhgWq9KYwX8Q&key=AIzaSyB_RPF64RaB3lypfA6VvXil87xSttgcUNY
iPickle Arroyo Seco,920 Lohman Lane,South Pasadena,CA,91030,34.1166191,-118.1689055,https://maps.googleapis.com/maps/api/place/photo?maxwidth=800&photo_reference=AXQCQNQF67niT3CFmhl8NxzA-oO44u6BSJbVFsm1C6F26wLR34Bs7d0aSTdD35UH3l2tPZy9iIQX2YU2UulmhGf7hhIC2Ou2fJErbw-9rGC8LBS36V1p9RKXpsRFfY7a_mpmm9EPjX2Xg5snSxxOltjfr4Hl575MDF-cXEL4e2yIZXVEWYhp3BlAf-nP2irFNSL7CcagN6RPWDnh-VynkGUDJJVZARg8O5I11h--xiBbN_a0rt6lEJ1XEYJVKnD4UeZgR2oDylOGtRw9dn67QK_JcO83rg7chXMpIA56bbC4SWRQamQZCo_sgRKa787SGmukyEDUV5injc4&key=AIzaSyB_RPF64RaB3lypfA6VvXil87xSttgcUNY
Covina Park,301 4th Avenue,Covina,CA,91723,34.0880556,-117.8952778,https://maps.googleapis.com/maps/api/place/photo?maxwidth=800&photo_reference=AXQCQNSe_qc136FbeeRB2ZeAV5JgbJDMi1oZXHPwvb4fSlTgut7e9HWfQmg7T3_-IM2k2iCRCu6rBzwv6hgBCU3hbh3iBg_zQeDtz6iMfW1Lic7qxh7A7w3-skoBpOm_IIljRFcv1-_IaIid4lAXqmhQLr_SztiNRWAoJPQ2njfcktKXD6I41dF1TfOJV8opfZs9DUBHcIBMylaVCDSkANz29s1juIXnUQWxMWezhln80a0weRBQjMJLIUHtqCFKfvN3FVuCX9mK-coGf_0VTwAVgEYhx6P0qrld2SuvIIRJjyDCVnAooI3AzuHovfhjjfk21W9Ae1DC_p-1XAim8E3rDGjbDnaP-u8bOIN4MVASkDyr5sNQ7QNfW231erwTw38ywOvVPG0t3QDFeip5VlqZsExEFiWswJjGtmjx3ZZQaqS4ebH_OXQc8GdmsKLf4qsu7miW4TgeiU28N6pgZqQKJsOdDTCNfILcYiQuHw0zgh6DJyxgHZRf3YKK64fvusDDmyiwEGRXr5nffzV3hP34bH_XdqJt6wZpc_UWWDcZLCIF0WPMQ8ssqHTCET7CArZVQmbk5M1n3vlZ5MemqTIzJOLj4bWVFnEXXT7vFMaAvcfPvvos3v3RIN7MOjpFl79rqcKD_VFB&key=AIzaSyB_RPF64RaB3lypfA6VvXil87xSttgcUNY
iPickle La Habra,351 South Euclid Street,La Habra,CA,90631,33.9289264,-117.9474624,https://maps.googleapis.com/maps/api/place/photo?maxwidth=800&photo_reference=AXQCQNTRWKUr0WyDKk0Rbk3yk8AMHwEnm8mqRPsft3JL4UaQAjaXkZPy-kO1-zUbXKMmXeWrU_Ri2nKAiv3aS1rGkQTZpwmn7bOWnSjAuWDm3CYUdAxcfvv1-IvbBMUNhAdE3obogio8j1mRfFuUkaYlwrOamhRHovhoAMDOhKdtZO58LV0TZwn6H-ZhoOt03f360IxnXm63htepawGxXAZxU38voTR_vP4Xh0f13ex8jEMCTd45h7GLEaXjP9EZRIOEj2wWqMvzfWJGzKv8KrAl5Ii78etFRN1-gbH1U8F_eOk_OvkFwvjotqgXdcmU3uypePtISyrzMW0&key=AIzaSyB_RPF64RaB3lypfA6VvXil87xSttgcUNY
Lions Park,9161 Base Line Road,Rancho Cucamonga,CA,91730,34.1202024,-117.6044262,https://maps.googleapis.com/maps/api/place/photo?maxwidth=800&photo_reference=AXQCQNRzgiamLzXUCKVBHEWcwlQobHPXyJbw-JjYpbVHM7Om2t_oA0BBEwfDjgcX0tFTosis83Rj7jKsWHvO1HfMfHqm7wI6UMwuYYnvRQlYyaaVq8ODBEFMGwyKhWbojDO1KMQZonc8fwRhOlGZPqkK2Ngm1Z0hnD4NcHAZd68C8s5e2m_x4To-PS1keeukqmyZyDwR4TR1OGp5WMTRp1Ac5fdGHCVnD-Y4cdQJ0Gb45xpLaDFBJV_Jk4uiXtyTfHp8yyGuUrDp8ag8DKnYwHQ9weA9Lgz3RVs3RGnEZH-RuFwEEs8Ha2OwQ1625AAAJAaIQOSrpBU9cnlWKxAKaZ7Y7M04Xn9VcHqNl9SwelaBRCXctFbzVFtnVwKVOrbC9_DEfTDKRZEg0_HMmZuc1WJp_iAr-evZqCZZrOHTZjbmCoE7fqPJVu6WE1C2yBocUzNuLAostbfxUxv2mn3wsTJlOGoveubEBkO5TaOn54I4yJFDuBewu_4fOpbjIbAbJ-toInh5vhGBiKvRvIx6n6d_mhIy6pz-uFwrKEaO-gQAHba-YdXEcMqdD3rvFmzhKrOuDUHi_YIRrDjHGY8YUATws7SXLoUM67qoQvlhrr86p1mmCUCSKccsmdLwWASpcl8B&key=AIzaSyB_RPF64RaB3lypfA6VvXil87xSttgcUNY
California Heights Community Park,,Corona,CA,92881,33.8366097,-117.5604661,https://maps.googleapis.com/maps/api/place/photo?maxwidth=800&photo_reference=AXQCQNTrimtywg0PNxlUTYF-D6hwp4-DOsUP1zjDXwGSaLkcufyZipHi3oV8hKIFuevcyfJtJeYeAmhtlN3SxxOT60QnmlVeGIW29pohSGs8c78Uvcs-YAir_sse4_VzAzcAveg1yZeB4ygWVXHxP9oBPY93fGA9O5SpfekJujhJP57XNXYD7lyU0FFV73xDWpyHV9apzA4T75BaJjuN_tvObj8XwNIpWKlo3j9q4qWH9JM0mhOKC1lk16_P2RrVtj7Alfi67tleoOhbL4q2a4YvJ997NbniaQ-xFYjobSY2Mw0tjGymK-ka6IYt_w8sXnrbmIpsUuJySHqBNeM7mKzRjTK30aaOtdwU4YfmsZ1mGlSYfhalTL55-5z_MIoyKlhhCT6v-QKB-T8YCQTZWz_TLxt3rGlcuJDyfdAq9FTUD7m9ovbMxqHQMZiMZ-K1bwIvmzI6EanLZxrZ3eSCZzqpfPiWpM4yXMtSJW5Y3QXYt4uU7fx4H6eKZoNU27vVUZLdR2GINmqY67y4U8s0gnqmokhh8hpthTBFIF9isP1WJHzNjT3htSox1ShuIDWVNOyOJX3zKwugw16OwEJFVj-eiTowsNHqk5FdidwWyU6B4Rb5TI5LOqIWx_MOmZDNf131LKiyPA&key=AIzaSyB_RPF64RaB3lypfA6VvXil87xSttgcUNY
Challenger Park,1909 Wright Avenue,La Verne,CA,91750,34.0958672,-117.7761868,https://maps.googleapis.com/maps/api/place/photo?maxwidth=800&photo_reference=AXQCQNTXu-DQz9jbISTmK1HKg-NF8KlAS5glwtu_cCmklzuUWMR7W5gb8vWFgdQbWpgl29oQbCqjAvylxy4yJUPUXyPxMI8XCOII_-raP41yHusLgkZN-_t_mPIPEa35pI_1u0qBFYm7jq0gZWVo4qzn4o6Va74-KNGKm2qOIbAMvvxsF11vL3h8ExbqMhQ4OhATMTnrQM8G7R4PY6nSDvjA1U-IsK0d8Cx6N7uABzqoRSRzL06BkBYZzS641kHxBO1NqB3NxBMFeJ86n2E85yzuVo7vXqv7EeyazJzR-b2FLlRfqn5F8rY7tNUG0MRx66WY5dm1TNaTIIfOjVGvYrbDoodlwb139LH25inJoc2AFfP1jOeGUqvUFkgEKHAApnlbWJ8jzvOEfad-ifJAveO4Z9vAgRSxg_fQAYf80K49iLDmNlSYu_EapU5HTJD46QWfIEEKzETXR19uSehe5tDPWxFoHKLPfquFP3wn0xkxJYOPXyMvjSw0E-6GCJK_wY45713taufcuwGiboB8pDQgsNeCWNv3vk9A55OhWfwa9SrDhNMmjzVYVup5wQVDar7zhNvoQDinQvf6dNl8Hr4-qDkqJaXZUp0dp2XffkNP0ZvUnE7sWed3qPzZk89ZPoMX&key=AIzaSyB_RPF64RaB3lypfA6VvXil87xSttgcUNY
Baldwin Stocker Park,,Arcadia,CA,91007,34.1180201,-118.0480314,https://maps.googleapis.com/maps/api/place/photo?maxwidth=800&photo_reference=AXQCQNQm8Dl7xSqVPX2lZKdg5de6H0h9kBf7ZGxD6fSQYhTXAwyrV8s_ISN-ZxoqbshTw5hET5lUn30soX-pfNb6m2qehz4jaktQIWqMhSufHAsSETAW5OA2M5rImHPPWrbbSPxU8E_G5y7xTzOVpEpFuuIYeWY6DMleDCY7GERnzJr_Nb3wBFRXoGaws3Ry_0Qo8aVQVpSIIwFu9AWXKd9GDifRgNliAYytRrBuJxWp6tAxlQ2mwqAUAAJDVqsV12MyEodPE6zSpHRemCypRN5QpfuJoIyER9ecfZ8_KSkFk5uinci_TSvftqPfKoW6RfTjzQaFsaWJUrf542QZSOGItR49G5-OpeyB2QE43ZsNWwCatTd-MI3nsGdkl2O5KD-ICuNsVKmroIPER-GqmszmcC4_jw3gGrn1JwBOoDQQP4bT-fyHugQdAT6YA7uxjKct6cAwm-WKJeMM84X-cZs-mw3nYI47IxpbYn4N8QOCGnlKd0n5mvfu5bZ_OIsytm86lboZtJKtQZChGo-aN8Ni_RmAkp7IWJwzMB1U0ejNvgkCQRsaldtjceb1RsolXiIIV2LiTOeKqNxIl13B2D-_7Z027KgjWAtDr6sD4fRveeFKC6cVsLR-T7Ehsg2Juk_HGzZ-rw&key=AIzaSyB_RPF64RaB3lypfA6VvXil87xSttgcUNY
La Puente City Park,501 Glendora Avenue,La Puente,CA,91744,34.0282932,-117.9530274,https://maps.googleapis.com/maps/api/place/photo?maxwidth=800&photo_reference=AXQCQNSdf9--Rf3mvjq_tWIPrtlW9XKbytUULE7Z4fp17v_qF9clciCikGJ7P5tgHnAuzN5WNoHQiTTrUi0WN3f8EDeVl0Qmj2lF9gqG85pcZMVzZazUf7hOi9wvdwpGtpfeXbUAL5Ux-43ZhP9KL1fHmKWH8kiOSBSk-w4S0vxukhMgztxSmhItDmATv-oD5vqouWfdNuznhPIj-EM7ugfUsJHwfNJKxw_D9aCTvfQCZ_3PSwicia8dS6nD2nk6cxLzifsYhcKa3hU1r74wmhCXH3Czh2_GQhvnEhcYzgzUg6Zni7CYRtO5Am1IAHHev15RK7Kpc_Dx-0j7vGTpJIPUrmYPSLiN3ef_YsaF35IszMgwur6-KchkA5M5BF1MTYEIw1jkh88EkYBLNJUZX4grfF1RV27Vp6Sspsn7fV9Qx3VLUhGAhpPYptsuLUvQK3D1_7RhAiSUk3U9EeCvCLY6HiIm5jK574o-M0DJB-gc_B3-ok6GCim6RWkhhcU3ocZyvN-6QskJWJcbosX2RsEoE0PrriYlTtvpJ6FMHFu_ECev0De28A_0-Dx7oQoR1wrRwbEu3bmcUP8Qa9uuguPS0TSp-oFUPUtEsmSAEaQAKQAaMAoeA7JRyEkDW2HwNMOrobVxq8bk&key=AIzaSyB_RPF64RaB3lypfA6VvXil87xSttgcUNY
Live Oak Park,10144 Bogue Street,Temple City,CA,91780,34.1027938,-118.0478671,https://maps.googleapis.com/maps/api/place/photo?maxwidth=800&photo_reference=AXQCQNQh1F-AsY-n3FjrG6f23LpuPAIbMXrZYy_FBUNAdRYSlgoJ63N1Eh4CdnSSfyt4qhd0vg8C5wivTwtMDk1F9wgleDoZdHwrA9kqS4u2NzA_LIHKqCJ9YKJptmKLrcg4fQQIAdRawSMPMX4MI_MASpia59RiaYkEzYFysFWA3B6HJM3_-ktrE47Rnr5bTHBQZgeFqeIodV-YeDoXK9oV9MW25NWcbw4Vd43tVCJp8GpMD-9RKClygWPL3AWE98hadVBikyYBUV58xlSH_LO4DMQFdUCZJPdMPaDLGDzplpdDHQNCa-xVX9714CJ05pbhlYiRpdifflLFkOxyNKJqrSr-9BkilCfQUImbaKghltPxaobnhCjTGS4kOUYC5IPp0kAO_W2une8GVkM3es-aV8S6CDLshP-9tN7Xdm0vLXtv9RqfOlleKuTDpEdZGnWs4QSP-dgPmYytYze7THgz8RRYypLE_g-e5BU7mrMF746tLCfP84zwSCq9MwxC6lj9oU8BVJqcKEwqtPvl9qTtB2ASUaY8Arc_UBbR8Ojda0wHqteBwG47cg9li6sFRprCiXTZhSE9Obn-ThqgUhsE315pqYzF2RkEb_f48_M6VSizJlBYAjzULvHe-XK4H6Vlek-eZQ&key=AIzaSyB_RPF64RaB3lypfA6VvXil87xSttgcUNY
Tennis Courts,,Pasadena,CA,91106,34.1440197,-118.1209544,https://maps.googleapis.com/maps/api/place/photo?maxwidth=800&photo_reference=AXQCQNSO093xPXygWLFHCU-ILttR8Eg4NQ_afsmJDl4UpjVd8e7RGdxwwXnJ0KkYy0Hu6aNi8zevq5_4HtlGQqZOhCG3Qtk-HS07F4-aQdPL1DvcEJWPQVDO466mR-4Acz0BHptJ4KOq9Npm6ikFGxljCgOutMQo-xcAVyA9tgfssEeYl8_luyIEa0aZKJKtvpKpwqLlrpAsJOK1QL3BZh3CGwZ9iMlrDVBIjkY_lijxaWmFqrMzdtCu0xc_NZzYphuDl9duhxWRKHmE2dXYoeaMqW6J-3u5TefFJ9RFmuaH_009aTG2qW-BTrZsMbQx9-bsqXfrtjl8B8PPs2AfcmnRcxW0EA4wP8TxcjX34Lz3YIeUXieLDMTUxWR1YES5Og0_EzjdYPrjHmU5SgffzWqaElxIPItd3hol7xbkEKHqI-mvB_4pmoNaqP63fSOpXchhjSrmWAg_hQGG5AI7dFoE1LawtsrmzPxPT7-2bqRMc1ek9_xHfNitjJr0o8BgsFcPLr3H3HPqLos9w-3ZzomTOEO51hrEOgIcYAmaQv9xZFS5YzLshTHsz_bgQa0gFy5Y0LDAeb7cUwXKp4mxv5ZnOewmeZZvNSn1A1-VBOVVpCGkYI_1N0eo1NBMvBYSm461InQwVzb1&key=AIzaSyB_RPF64RaB3lypfA6VvXil87xSttgcUNY
Del Norte Park,1500 West Rowland Avenue,West Covina,CA,91791,34.0785475,-117.9367204,https://maps.googleapis.com/maps/api/place/photo?maxwidth=800&photo_reference=AXQCQNThwv-Vv7eQ-FilO6PM2NcfTBFJ1CrHK9jaOgl4-kES2Kv4EY7fZcEg2rFrTQVqyc6dwiO9Ma70ZtUYeI_ivw-STJn9MI2DRXy0ADsvfzqpXiiWGc1vwvkgNzYGRnQnYFR2bg2Qmar4u55qQ_QY-2rgEuvk21aKClmhQOwTdcYXSSD3XNSmHYcNtE-GarbndottK0rn87zweTU7hcWhF_FG_CoseK7_o_H9syyb2jhe59f-r-W4XFi4FvqoA7fk7tLFgGY2XopI0penrirBZoFPNXKzEdMD5ShofEUgOhHNobHmZbQ8EO7wDTtErXvFF1jGxjaE9up08ui_XyY1TSwk1EfW-c41K3rehUAG_cOhL-K4N-wb1m3zzosOyM7_baiM01R0Fc1f8ef0H3DB3RsVUYRMoFMwWpcvDBC0-q307DE-b1hyUHr62xeMyQKVB-xkmAfipyoDRtws1aHLrU-Q51oi9Avm7CpnOy4GVPDQ6-xtyCm8MMEbDsE98kbagaHWKsjiT8L9FCkC53G3DhXXAQFeTdJY-a1TU2hH-c6xdojranT3UQH0JO-U4OEak6Oe9-6P2jLDUh9XtRsxELEEk6BzD2MERyLtqtMSw9crP0nw_ueb5PSvKk84FIbE2FkeKERz&key=AIzaSyB_RPF64RaB3lypfA6VvXil87xSttgcUNY
Crossroads Park,2765 Chino Hills Parkway,Chino Hills,CA,91709,33.9806526,-117.742835,https://maps.googleapis.com/maps/api/place/photo?maxwidth=800&photo_reference=AXQCQNTOZtthCxi_RzNczZQEwqgPUsx1NJmO1z99-9zfkPuZ-iKtkjc-J4vPHhkKkJQs4Ol9CDEdQ1ecdHAl8enG_EII5iBtEAQe8ejvjFq9HD-4zOG2uNL1bk9a4pHAhzdw1sfMZeF8z_2EjLnYNrQ0A1SSqG-6n_jqWQ41juUtMAIxkDKMkBnQwgEYj1rznhHB64fs7mXwvRmVX8tLomklgLH0hgdwcGZqL9GcYydF5Vu1CEp4j5MwyctYBFU-rpE8XZzjQnNn4aaUzjVPkpugtRm4AUhorGadV8bwzh5li8IAlsTuR2Eagxhz0DMNq1CZW3fz6MSk-aBZ40CNiEq7uG8WRlZyZGC1RLIQBzgmLY7H3PxmAKQoK_F01n0xADV8fl0OMPJn8qzgFe_BJZTee3MSTauwv222rxRh5GDQib0svFND5WD4tYupQGb05qVy_6OnKOJxR0CWn-45Cu716SX8IGylpfOE7pd53v8rpVtlaMwlGuz-mSJ8XpyEewzFWyBAGtHUZ8k4XvD1x19GkN_7gxYZeJofYKuDkbUN0gYtjy9t1khCUnjGO4aBtsXdwn3v7U5JCjEeBFYTxoTwjS8R2hjI8xLYmOkGZQ077raTv7STQi2p4niDE6anTvfD&key=AIzaSyB_RPF64RaB3lypfA6VvXil87xSttgcUNY
Beryl Park East,6524 Beryl Street,Rancho Cucamonga,CA,91701,34.1357399,-117.607548,https://maps.googleapis.com/maps/api/place/photo?maxwidth=800&photo_reference=AXQCQNSeTG3DyOMxXb-eagdKV5G4y2N96f3JAQGkG71RJUoQd54PoT0bGONvcpovRw08hO1H-okLAqflzTw3a90MKMYGeMGPpe1qFHIug2x-VisnKUOa-b2pCGrH3oKM2Thk_5ZfvPFd2evkwHLADciuQn1DQO5nELodWaa9XdL9jqb3Ai2ZRa8dEsShYGM9ZiVrqvhClNw1toLy-8gp_GxrO3l-D8INZOTJt9r2GZ0yA0CLXZpK2jgmHkPUPkf6rNxn2wi-M2KkrMziPMIjq3pQcSSynlH8vwun5j1vLjSGQZvg0SAaieoIcGZQ8q7pD7BaIly23tN6M-H5wjXvT12fI1GE8FN04tfDPiTpmdulXbm3A0WvONuf4INdD6oCc6CsPA6A0utQkmDqCGBWKPZu4m88FTXwu1MFbGmf3UHZhY2AJ1MYpSaUD8I3qVVzftljfAnwhAkg9i0iCgLZbjhPE5VocSNKJ5jnuK6jUkJfnI2rxG1VdY4r5KP_TmFZ2_tkNB4543mPZVSw06w6QPF6h_dCjIIYp7bGmOiCgDCEV2QAMKybs-CIT9fSCPfHKyN4YDGyKpdwUJ9v05w76CBitK0dPo2CJmw7-GBxF45KpRhm9RH9KFbyaCLUKmjDzXDc5irslg&key=AIzaSyB_RPF64RaB3lypfA6VvXil87xSttgcUNY
Bryant Park,7950 Philbin Avenue,Riverside,CA,92503,33.9385537,-117.460419,https://maps.googleapis.com/maps/api/place/photo?maxwidth=800&photo_reference=AXQCQNQt9xD-N2iHM6TPniVusyGnOUqvGMJPAOIPs4amd42eZTAIFiu92tHffoD7NmIqcS_VKMxj_M_Y9JPGObT6aAo1QbNSCUSHhahl9KJ43vpMBICcr0hOp0orfPnwn2onEEwBk_5IYhgC_bCeBP_PbPFiRkd1tVPvFaQ5HsWwILFwSXACU0PmWFktWlx6Api0Oy1JvR_suOVLO0O7i0zYZaJsNzbAEdcipPhGaB1xrog5182HHy9tEhvZ_DxxUmyT3KbuM4WISt90cuRHfK8P-rkYCIDWK_X40GHyPuSrJkr_8rbulY51QrEGWEBanRa9NHXR6B8QW8byowyGqiXj9d_csEca2JPTXIoBczldT1B8qzdIWHRq3Op_cbcVlB6JGoTZdlQMOhCHNuIuUHmMVyDc886LqBBZNETtWhkt4mjzqmFR0BGSfGUxANLs0slOJxeYY4Gu3Q3ARHfwhJtNehff6WoL2omW2YEPecCBwrgEJMyQ3UkIM1qaPd3nMIuofWhprzuB2NB_24ur5y0JH92zjINjToyWvYoCp8FbXKV3DgDTpXrkfk6N5UmGmq4N1M-2nBdkP2E9SvTK_914NU9KH-cVVX72o5ajGtiRr6H02qhlfAxAN_hdFWNCTnq-OrD6K3Qa&key=AIzaSyB_RPF64RaB3lypfA6VvXil87xSttgcUNY
Cameron Park Community Center,1305 East Cameron Avenue,West Covina,CA,91790,34.0617326,-117.9181383,https://maps.googleapis.com/maps/api/place/photo?maxwidth=800&photo_reference=AXQCQNRrvTMFOMPjCL9ePvamGfzkq-ovXhBjLnf-RN8bQlgUL4BzwLIjOgf5jredOm1-jxnhzNTO57d8rUm1h1jGa2WBe-OFX8GeSphYkAspN5GS3FavBh02HMsCpQe8zgaSBzzYGRor9lBDAsOdJGoGApn0GXS1tGsDy-WvVxPIXT233eNzvLMrlfIiqM9Ucs7NiP9gM4LbYtOu9LSkNwE52zoPqKtHIeVY3zVyw4JtqSMgJb5oWAjN9NXfTLbxIwJ92gMoKcw13xq3XGo-zFwgb6UqmvhbkABru7JMWTmyKEmpy7ywu7vyscMxaqJx_yMwvE9TENuHhZmB5dDYrY6-DFicHEvlysQIyjMKPqUsS9OVlXQ2nCxofb5Xq0sTj_rc8u-gFKufXz9ole_NjDjnPjjIBWs8pJGM_sgOOpuv-FCluodaVI3_2DnJFeZPAPPKKAmOjMsIE6WRDUWXeBCgeyXoXahN3_kBbqsflN4r2HqgquNqoQO52AY1Z0nZE2nAeqiwItoN8E7q8bS8sN2esyVXY4JvW0lsKR9AeH1pvwvjbQIOICQcf7G5QxTIbbFPy2izz2YgepGKdLaQvwt6CDkZJWEdKP5oKCtH1o1ZyZ94a07HzW8AD1Zj5PIfMTr6MJAMFg&key=AIzaSyB_RPF64RaB3lypfA6VvXil87xSttgcUNY
Day Creek Park,12350 Banyan Street,Rancho Cucamonga,CA,91739,34.1441817,-117.5354471,https://maps.googleapis.com/maps/api/place/photo?maxwidth=800&photo_reference=AXQCQNRX00oflDa1LLrE_EUHpY3svLPVZOwFv_a0unU9pxLEPvnZ1vzzuVNcc_dHj1mm68IvYyyQGOOrg4JxRQc9mBesS15QIk9PI7_9SZxaKJ0qr1wZDdeGj0ZvYRSI1nsH9X0PBeSoodt0L4M4QDA5yno5GWBiAH1ad5mfrRRIkERe4prOeg2diXFCimiMxTIT6XUlN7sLjD8Ofv7GBZrLz-OwCIu7lhQwXP2AZ01ik4jS4NX-iQW40yRoos73MJmmE0CTZcWDg0zmZfyTbZ_vNL6_7YohIJc3IX-hloo0joR88DMa2tUhmsyvG1hiw86tEAUD9tZAPNKOoE06BCKM4Olb2bhD3_s_RZjesxFG8nw2Ox87RclbWd9P8OCJPk0ACOuqpKtZcSdO3lTKZFqcpZLM4VWUL5ys5Tc9UD2fYNQfccE1_ROFIkEB7SahE43Lp0_ZmRXgigs6EGXQJP-yhKuBSJOIYy1Cs-uF7c-X-i8PJTM5b75s1Sq0iVQ6fDeUJ7bxGib0eFo647EKOY38pDUjjSOaDyc4M75xzR7LBlYLhxNPIbIBGsBVc2yNZ90X055wWnGdMDcFPNYBA-oF33-oNrZeB6WGy8fsGCGRhmvPuNQglb4800fl9G0WFwu6JMI-5Q&key=AIzaSyB_RPF64RaB3lypfA6VvXil87xSttgcUNY
Chapman Park,2515 San Carlos Drive,Fullerton,CA,92831,33.8692337,-117.8857184,https://maps.googleapis.com/maps/api/place/photo?maxwidth=800&photo_reference=AXQCQNRAAY0FTEvsz1wgr9si93YTq330R_ETlRmipjBnrH5pwz7fyk8ZVQAv5BLKDFn0u47nUlQ9cmogUwVZeqlmDF7iVNC7ZDMFM-EyY7hC1OoT4BtF-jacHaRwTudelgNLC1ljZqadOPL7G_Hf6wkASYQ8CHhjUd56eX9T5CJq5-CbSxmhhNqtHZZ_2qa2D7-jazDwaI_OUXBgeZZtpz1W7OMfLapH0D_MzCWwC31xc2FWJB0Rw7GmVYYa9WWJAMsXeC0q9o1I945RBHwopIblML8lSVUnFCSqQt6-zw-lfSN-MkZwr6ULR8Bgn0heUmqQXqjE_qWZpiPK3gGN9ZcF6m5kDD4KRcWvT68w5CDddLb1M__83MbM0SdciXKImJgxuiCoY7s9LXxN74aENxoOA7DeDzdfVUWyVTvPqn0ExvcdeBdwq6krdzbjHIbh6TMe-b4sLuOoS4vpIkwMP72Y9Nbn4M78wqwK-LWptRycoLY3MmPOBMqrZWcQATXtjOvApPfjT62mUpeP_wWLevJctXDP6-XnvwJoD2W_tqWzvDwSgvesRia5uwRewViyd_UJvfRnJk1zrLwPZuxM2czb1c8AAhmX4tT_TnIPZv5LlXPuzuE7Pw0sr1iDn6IY4moqMBUpqO1m&key=AIzaSyB_RPF64RaB3lypfA6VvXil87xSttgcUNY
Larkin Park,660 North Mountain Avenue,Claremont,CA,91711,34.0998515,-117.7289028,https://maps.googleapis.com/maps/api/place/photo?maxwidth=800&photo_reference=AXQCQNQ8dxjkfWQoqdP8oMg0LAzsESh2OYbGLXIQGAFWqFfu2fmXMTN-FDFeJscTekjqzNXoam-R1FeblmCD4xpAzp9MSqNQU1yNer8UIT7Z82BAhcywUpaf-KpsxToA3_S0aDbW0D9dnXOXr7uB8t9_s2qdXwDf99s-w72-NoaWS3LSZ9gz3RAxBGpgbuSCxjcRqYk31YGuUrVpq19ZhmaFlRgeJGccB8qv3Vp_z0Wfv43pPKZf6b6n6WUjSpkBh31wm9zT4D7inZ-dsxQOMFfi7NVEvsdAgJtqLrk48JhELWEXiHgAOhmteG2fz9SzP3AOpSOGBshpss7f2ur1VHohNHoTKMSnO70rDKjV-y8Ym_04ay4dcW2XmIhFgRfDgZa_up9x1XZGTDge_Y2tSKg4dvqY-gfpxdx9KnJ5eXD4LE6AgbfAmVjVp7kOiSDLcGXQ3XWlHLx1zGf6xn8ZNswa7LuzI-iO9CP54wyuOAEb1Cfa_LQnF5FhchVD52p7UQ0oZj4OIrQwVC9FU0AwWOSN_0zRlwDGnMHHFAPHhsNv4_8mRSfiiZmCPY6ngOq54y6niD-6e31uiFQ-eUs0Uh8Q1O-ylchdcPTOK-jwrpPAXNzhWnBjQDS7XgO8Os0OfBWb3jjbGw&key=AIzaSyB_RPF64RaB3lypfA6VvXil87xSttgcUNY
Brea Sports Park,3333 East Birch Street,Brea,CA,92821,33.9196749,-117.8508553,https://maps.googleapis.com/maps/api/place/photo?maxwidth=800&photo_reference=AXQCQNQR3-924YVoMHL2MZn5eg7r7z3uteEnfPtvfKmO1mImgwiBcCsbThYZuYwoxI7UmLtNyGsD-7OTqeVe3ub07I5qbjdqzDbokyljanJjfgmZMAdhw6akj04ClTlayGfu5Fm8lr-M0sm2FPmUisYKbWTK1fqgt8xDPS81am9MQ_XxbDRNpltfhjtzA89T0ktGfo0OOn0ULCQoexIs_ZpEorx2iWlPc_mgLBB8kkpsd6VS4-KvNtsQA8zkRvEWVxUFNbuOzj1RMwrd7MlCCGrBsCb0bb-fwqKronbDhH46GYAMk9CTL6w__K8pKqDKkRKRETEblPduak2s2LEXwdROvNL5pQHCUgiStvlZf1rr20ZLjNfEEaWFmC44eqCRNjALeZD1kQ-QDMkLxihwUkNDZEn6ES58_gEfSaKByVGcVGTJ4JU6ki6p4SvlxNwiBbcTtBsSZm8MSBX2WwFBKiOft-IDWymdy05YvWRE4B75Pq8YTJEcslSdh2HdDHt0P_BsJIOrs7T4mL1JLGF2nZ2nAgSTBx0hP3TJe9pIpnQV6xczTE8Su0T_9Ii4KugLY81xFYIUWoUerVkWtM6vjYigK3YedHhFowyI9ukSoynCCNafTghn9P4MAf-mX6FhwpWo&key=AIzaSyB_RPF64RaB3lypfA6VvXil87xSttgcUNY
Fairmont Knolls Park,Fairmont Boulevard,Yorba Linda,CA,92886,33.8933295,-117.7910603,https://maps.googleapis.com/maps/api/place/photo?maxwidth=800&photo_reference=AXQCQNRpTBcXRPObF_6PK8s6xV634J8fxZ4w2gxHysSQedf6WRaIQacPHnRgUnY1Jb80UiC_4NeCoXi5QPcdY-k6v2MePNYIHGYitRyykImZ5281st7CJIQnq8xJ1_690Zh7GVNQKZV72V8qIPn_zYCa2dDwP-ub-6HROQZuz8tR8QfPLrZJvHntIQhYfEozQ6RnbnIuaqkA6ytBf5uxM_k0AcL4uPAyNWjZ0bHHqgXmHVqv7SdPy3kh4GjUn_50krV0sULUeQ_a33iAC2BS1g0IQGR4evg0WCSBxKzJLMVXWo54Y82DFbiOS9M95s-MjGp2Id0y59FFyXG0hOZUcVJYFH2lY7Aq2353sNdBzaXdRRyNEOawgQ-etBH0uXq1HG76bGIgNCd7uLq17IU9AgQ_AyvVuU9H54jk54q5O1MK97Wgm-tu2RXxCcNg6OA7RAwW6uQ4GeJFYLdFHZ7iKiPOevn7WYcLpu-Tca-kBpMMDnD4iKYaYg9zgriztfa-v_rgM4K8VVX-RYIG6I1WGvECGEmbFGUs43SMkFAlZzTN5ZaVtB82IW5jFd9N5rFv8qHNTdwNTqCpd0ad-t9vlM8kd_q5jIO0ixAM6DV7ZNkHJlTLpX5Ko_-7pkvqklqwjOnAsPpDyA&key=AIzaSyB_RPF64RaB3lypfA6VvXil87xSttgcUNY
Tennis Court at Blaisdell Park,440 South College Avenue,Claremont,CA,91711,34.0875597,-117.7140105,https://maps.googleapis.com/maps/api/place/photo?maxwidth=800&photo_reference=AXQCQNSa_oAlYVUU76iMNCeBC8jneyYyJub0mCcvWlAv4nO6KmAL52VbVqr6Zd_ZycD8faQNS133JeTwoZgxneBoZAQHmfKSgDJVFCC-BEfdc0Sv4SZSbsjT7IpAXR8wLPeQ_JpGm6SqHsspFX-x5PTaXxkrxkFEabfzotf40oZuW8y-68Su53olB7q6npZKW0AAcAGOufqvQVLmqdAHX0hzk3MRHpJiZiPx8dvJe6592ibLh8G1oOqZGJ4MpicawDlGLI0Qupmi3M1MqFMAqrNpjwKb0f0PGVN2ZG1xDRFe154DpNDQQ8MdSTsna6b4ENnj7riNYTF8n18tI5vfXYg9gSCNV114Le8wz3Jlm2VuHL_zZ3smtHDosqz3hdpjs5cgu1WBBqTfTGh0nwGozw_3ksBAP-hoUwIh9WS4OQ2SHho1MXYFo-qheqWFqqqLvHy2Tp3LvIG1FtxoDDQW4KNKVQBFd9NCq04VI7M3EZuucS06K3bkSAsTgr25R-zilSFgn7MeKwp_5W2i5irtbneU-08RckBEa0KQPLlXdN_bPtncHo_6xqQS-l9rsVS6ab0l-cdtsqyfPJdjy64LFlwLdBg_Df5aEAloR860KpxLxFa5XBo7xplktsbN3J5E7-Cjfxk4_w&key=AIzaSyB_RPF64RaB3lypfA6VvXil87xSttgcUNY
Wagner Park,700 Trumpet Avenue,Placentia,CA,92870,33.8930654,-117.8507406,https://maps.googleapis.com/maps/api/place/photo?maxwidth=800&photo_reference=AXQCQNRwi5eIFCEBXjFK-0cW6n1LfayTieMhTWanYBXlNlw9VI6xRA1DTgB3rqv6lJxAlZVvnHf3I11VwL86lAd351y_KJMUq1M584yG5911FdtuVwfnj2kP8BeXrJVloTmgYjQ8hWltyTmin30Dmrf39hpKklKI-oGBVrX3Z9Texn36mb_hP_jkA0ktSmrSawL0MMB4w10bObyA-kGwNGJBi7w1ktnQap0ZLWz1zTbPpyFElatHatWEzwkiv-RygELpP2BK81GjyTFUBQ1ECHZWZY911hKubYpe42ePD-wk-feRnZohMY2agA0VFY1buyksY4d9YrwFjxkaacd1ekzj2u1bogq7i-E0_YYD7UhJ5U7nMn3Igw7IFsuwi6uuOl6Zc35ap1oZAeQLmDh_B4fdPkBsL9zOmTP-dTns0EFW-FzKxMQg60u9nmPGdnFn1MnAnRoVJ10gh8VNvSAdRZB8s6dVCFLfAOFUMznKDFqKzmFnPNHJ_cQzi6MrMmGplqs9y0nUAsJJwYBZTzdSNIQsp_onY04Cz2eyBNV8CR1oLG39eJVEJevIOvXd_lv_LkOKzTxZeRfZMMIA66L5F-2BV2WK9mbMYVtURlDXM5hLFhzZj1zeUfCTLqoDkSoa-Ji4UucwNZmVuUL1qicnEvBKE5kr4t0&key=AIzaSyB_RPF64RaB3lypfA6VvXil87xSttgcUNY
The Claremont Club,1777 Monte Vista Avenue,Claremont,CA,91711,34.1144056,-117.6998972,https://maps.googleapis.com/maps/api/place/photo?maxwidth=800&photo_reference=AXQCQNR8Io7m_CN6YMguqCNC1kmtmEV9QW3JePmdSVXjW6PjWHR_h3gj8MQnWA_FlQ9SsdYsiscqU0uYr86O9BFuAjAhM2ykBbf3f1nYNpB3qJj0vUM6hYzub3qrfSTOOw5xVOnDxjul-CZw5wiX_rsUFbo6DE8Iwm9fVr1CYBbubdwgincZ1xH7xOx532PTB2eX_2spIX_L9PIIMTIUk75KerjPnROUIuL6tVw1zMss6hP5wfA6CA0foxnPPLyCGBJKhwdvcwOoEgG192U9YFBhbcOM-fcc0-R8dxh0aVxW4zu1vq03uTFNgms3fzAGjRIw2XjWi4_JV_A&key=AIzaSyB_RPF64RaB3lypfA6VvXil87xSttgcUNY
Meadowhouse Park,7500 Channel View Street,Chino,CA,91708,33.9591194,-117.6411466,https://maps.googleapis.com/maps/api/place/photo?maxwidth=800&photo_reference=AXQCQNQeNBrKSbsiqN3ix27TzMiJdhXRWgdsBw_FpVjKVFtVpbF5zL73LTnxHv1-rsAvMn1FPK3oqeRPHll2ATM_ZHK0b7qQZhTlfvTYh60v6VB4dQf2NvTCHIKIJL8fbuKxcGfUzCVuPEupjpaQYZc5lUgXWOWqBRapq4xzClHcOjNd8bdxBJvMrode4sLf9D_L_iEs7Z8x8X9q7o8Ztr2IQeuEEWGptzwr_GO7Gjp0nElWebKOiQL-XInb8seWTRx55XsF7PJZTyayXfx3qE6s7OveSX4aA7Y2smFccQG5ECS7wHVSU2lgmUN5fGhEH_W_LDZSGGmZ3II41iY9ISifFBzohXQskW_aJ0k_8_Stwr2DOo-hJTPERNzaSqmvtqf36DIQwnY3k0B-R1fobTyQKQII67vmzXhGhSzr8jAG6Mu8KpwF5YDTk_JRmY7i_UunDxDgzKGQH6bb1tbXrOVDyho29mRb2kCsF4o99UbtVhhZbkGPUX8PVaIZSG1sI8J9bgp8_uQ4nHv2SASOnIHQUyXSkIqb379tvMCVSYKX-lM-LLlmrUhwoM1r0srZ9nCSMeA2EqDNQ1jlxHcuhT_5WWMrbx60-ORYHltntqJfAiq8QOxWaOxIRePkt0WxqV0CgdCKBw&key=AIzaSyB_RPF64RaB3lypfA6VvXil87xSttgcUNY
Red Hill Park,7484 Vineyard Avenue,Rancho Cucamonga,CA,91730,34.1175734,-117.6119451,https://maps.googleapis.com/maps/api/place/photo?maxwidth=800&photo_reference=AXQCQNRnM5LjU_go-M2N-x9ttfyjsqYsrVCGS23XgFm3vwfaRqEXQrLzauCfiRNlhjwlq9WAjPP7JieMDvGIO1ZRqcO6KMryNiUunZPU-LlYUdT744FMxn5xVrGAw9z4XeGv5MGZGbEBOUa9thN7ZD0S3cljAQBKAsHLFVN6z7R-AlbiQuJ0GxzZsQBFlsPZjlKIyzGLGeHn-heNIQtjyYJPDYmjoEptDkERVQrDrbHSG4MrjYmTG0r4XLIksVog2I4FcEgPHMZ_3mzzHXBckDCk9sXVnz6RoX_G_qR1iXSi5TyqhleGQXHOV6tIPWI8qkHjLq2VI1hvpe2n5BLEM9NiVPcse7NodvhH17Irks21LofCgzzFLbPqymaRQJXs1ZxuWWbjRKL2GVgugYI6MLS5z431P1A5TAj5cYvdR2qnNZvDz65wE4kVEpNUeAXsPZIHSvPR5Y9zeV8dXwpy7QRIntS0JHVcOr2vCVXzDliGoYsEVomRy-eW9bjUia_MU9IOEU8R3_qqhPF3uasSEPIFN6RNhrBb7deJs9CuC3bPneRwBYuajT8sBIJ-nH4WeAZATJ4o3PeHsQrGuKj_32ZOQt38oWmQeJkc6V2hjGBvt4QJGP1gxn0VGUNrXjKP6ax1&key=AIzaSyB_RPF64RaB3lypfA6VvXil87xSttgcUNY
Shadow Oak Park,2121 Shadow Oak Drive,West Covina,CA,91792,34.019624,-117.9000047,https://maps.googleapis.com/maps/api/place/photo?maxwidth=800&photo_reference=AXQCQNRa0czkmiCVfKhn4-Bd73IeqvBfuj4PzhIBjY0nvg8XadhEDlhUVbyRjxx2YleHHL4FORB4iJmKXlV16lkcrmUXt5gt367YB3XVjEMLLxp2O_jBFnzGx6-WN_xADf4fgzgsVoEwZ84y8YBLEMFRnjGUtnyULZJ3mGaJoggDVVlyZSHXRHmPIDt6RmixZmfo3MmU_Xg2miKQZZ1juNqE8pmDlT9WLSMVah-1n5Iwn_--5eWX15v5hRCLI_pXjXYe0gkotSCrCWfIUJdud_M_lWMdsTYwQKgoq9LeCx13c7tPIKrG-jK8XbnklMrGipHProT4KpLLx_J9_FrhGcJ9nzMCABAHm8PeO-qYFPAFkQJ0zXHT88m63oh6ECaLWslT83iHPonKREU8uijASWYZfpAQAQBmd5_U8LIZ8IYq9URlp3eDKE3OhumWOkUrMHa-q0xu033NelTn0OpwV4Dr8TzimMR7Hu57MHyKOgiC5UQCVb0hNVR691K-uK14gSBPrWgL0I5qLZicN-YGjrcXPetC2vF8xTIe45jTYfhazEph6zCZKr7emR9HdwlxEAets4n1k3NmOss_K28OOIysBPU8i3sIyxosBXApJ8YtEHZamjq0jAEfkDlOHwKRaew72Izv_1H9&key=AIzaSyB_RPF64RaB3lypfA6VvXil87xSttgcUNY
Fullerton Tennis Center,110 East Valencia Mesa Drive,Fullerton,CA,92835,33.893295,-117.926254,https://maps.googleapis.com/maps/api/place/photo?maxwidth=800&photo_reference=AXQCQNSaeM48meVERcH2tYXJJnxWlo0fwrY2t7oTOoxC3ZmfoJawFgxuOhLvbLP8GoCeH6jpWO34Hf5sKBL9YlzDeiRs8jak0s1E18TUKUWinp23S-gHuZEsqoQ2Igk47FOwxWOq4H7gA_aQJwkEVnPBzV5RIG55VxjF1GnjZ2_RBt1ClUmDwmS5abgy1xNvLoRYT-pKZT_EwnfyFhB2mJwjjvnFzS4oaAaGIhcyqgdsfH2J2Qfv6hCy7848Ti7BR_oxW9IVmcRosVOHl-bKyhD3ITfPCjLhP1cyH8tum7qE-r_4PM6igTkYou1hNQko4Eje3wLWm-Gkd4WUSE330bu8SAMiMWX0fCK_XJx1pVFBzIWXyixQH5ocCS3nu1gJI87vuMH6WttPt6WfeVMO_TgD8FyKv5joVCvgRWQWqzjEuWViunrUg1whrl7BhpjjqcBA80CcHkAlGEd3a-GHWqsfbX0AEMsdkMPAzcHWgFX2UlUWgOSbdCFcXP5fijCy1loh_xwE-oCta3hAoJoTT-0YmOK5yJ2tL-UErjYsXr2Cnx9I19Zf8ucsj2Yht5nxg-gWJCZbLkQKIIXptDv_i8xl_wlsn-X0WuyK2t6dh2I2xyygIhJxHoz7oD_9kNvPTB54CkGjpGYE&key=AIzaSyB_RPF64RaB3lypfA6VvXil87xSttgcUNY
Border Park Pickleball Courts,,Corona,CA,92882,33.8572776,-117.6047967,https://maps.googleapis.com/maps/api/place/photo?maxwidth=800&photo_reference=AXQCQNSS4ePrgzOTo5NdjWExiDCEWrGn4ROpk7O_TkpKb8gIQNFH3_NSPNmaB5qZrq-sEbKd4uoAPJa-BHsinYmRkJQjRbCNz6zIJRoGI_uY_oTre4K3r-B5slktLY64Laf-DikpfG18UCaTkmwtmg1_AnUyLjCj9SrVicv-MW2AeFvLSPv1_U4rf74B6tJO0FTa74AcFl30nPyoQwtkxnVhhp5snLZumo4QsHOYfpS-U3Nyj5qY_liDczsrwOAS2ioe5gJ4PJPUZU5JpkY3JykgfKtwXKLyzpIl8SXJwRuz_UieD4QKMmngV1Q1tLbtZKDzJZRcs8XhGrIa-1KqZhKoI9I1bdIzWXUrMZdNd6d5VzsQoiSzgi5M-6RozXX569rp-ZGG-w_HB8mMWTlmIiorLKN3Lb4UrRcOh6Q6nWP3dDCqyMJ75In5zS4MStcBIYQihJF5XCkmAwXEJFQJ96R7oL0nhCp4Y2fZ4Au3K3GRyHV3HbOxj_aJ37s_dxhnt7HvildmltwcSW-DlRshO9x76A4d2aAr0hb__g3wxTNn6x6esb65N3tiwRJPAAV9TfMkoR7SMgjnuoGWIkVPjE-B2iPAOoDMxQ4qiiAp4KVQ2J8R4fwCr_Bfbv0xZP3cD5jZXK-yQMTx&key=AIzaSyB_RPF64RaB3lypfA6VvXil87xSttgcUNY
Andulka Park,5201 Chicago Avenue,Riverside,CA,92507,33.9575529,-117.3477166,https://maps.googleapis.com/maps/api/place/photo?maxwidth=800&photo_reference=AXQCQNRpHQDkSW-tDHJ_67DKCUGhlUQaBhkztXf-xrfOo0zfXaj2_FxY7zxupIxJuHPript7lM5uBERlVfKR5ACgtXE4pEJ2xxh0VI9uNnaGj_BLqHgx15CiufQL6EOoeIhpK60iTbQwPP3RG_Sr0KISbWVtVQyVcmjMbr1fukmsJRF-g53jZUunmXAIceC8FuxZO67ZfDjKvfOK2iMwey0Cvi02K6p73P-2U-zBXA3u3BUGUxykYQhwKPfOK4GElnfKDk6SagzFyqzRFo1EV4Iv82tL26i8AAnaFFg6HCVe-R7H4PxZTwskjs4qVxMhZDgWUy-NRkzOxE-PKswu7uKImsbSQ3crzodKUB20dpXEhDbyZZXK7cpAHcVw80EzwkTk2TCwMMWKG_TumH-_mbM-mHSeH6XzpWjcjVRZ3gyXupjG5KCQH98o9ip7FOhR6FYqg45oQpl0nLa3UBqpsYlk8eHELq3L43mAFErKUz_cSpfm72bbdxIDTWv_SGjO5GWEpFaN5C3oC8OL-DFnmWvL07uaBoIbRVNn4DG7WbyWgsCS9aVaiR4L-O_68U5nMafSBc3g40YqvvKCU81WnSsBM189YdIw_NMcoPsIlA4TomxNZFpqeRwHopgWLBcY5-H698Xl0g&key=AIzaSyB_RPF64RaB3lypfA6VvXil87xSttgcUNY
Catawba Tennis Courts,11417 Plane Tree Road,Fontana,CA,92337,34.045607,-117.4584104,https://maps.googleapis.com/maps/api/place/photo?maxwidth=800&photo_reference=AXQCQNQkSoDuwxr7v4-UrTvfkR3NdXZ5jLJziSDB8nC7DKVwxc8I3JLlXK8rZPzHu5OUH6lWVLTBRbCIsdCMCnCrsHJ-1yZIVRbfHRkOis1OWXKmbnXWn_syLBhtbE0Mdrb2cg2Mebwyxc-nWqlVHU8URCtx2BuMV-ArRMPPJ4sFGR8sh8eLeZv7sV6tFOu9756-0xSFiKAzOuiqD22feQpZqq1GEuu3wXz5jfGGNjcDzEss9Z7gW9hH6f4SfI8YKHQoOsGhP-Jf1xLUjy71ezy2ZL5yNsQWKtThKo3dzebxMnyrOhPdSPOw3fIJvgWuUuT1O6xXcKaL44hhPnm5fLrGrEMK351vmJzXTL80HcoBo-vADkNbe_0k3EZIIkPqCg64McxDSbljvUElqnSCGGdIHCrR8Lc6nLxiDMZHcr_ZAm92MjVtIE0maffoDii_0hj6xZGfwi8FftGGZJFziho2Rsk2RqZo_AwprHyVJPgLvn8ssFvW2Lb6QRSejdqzQIgEW1ifybcSW6f9Ak1IiqPwH8PIg-cCGMR5FuhOtcx98QJl-q9n5lF2N5MaF2ACbqm8N8UtOiPnJ7ApFuP2DxCQ14zD-R03p16RmbCf3AYD5SQCZ26VSTVWA1qtQdy-A6pLpfxLwjI7&key=AIzaSyB_RPF64RaB3lypfA6VvXil87xSttgcUNY
Brush Canyon Park,28282 Brush Canyon Drive,Yorba Linda,CA,92887,33.8785219,-117.7009292,https://maps.googleapis.com/maps/api/place/photo?maxwidth=800&photo_reference=AXQCQNTXDqYKQM4skT-ODJtb5NVZcJQbLChFDBrg3bIb7wL2YSIC8RH7UcUmSQO4awyibY4NaRdtRBoT1o-GFvU3AD7kZw1Ak81eqGL-bge6AEMjm0X8JVMUZjXRvmoGrAN5xXvx1kIMFfamANXZteKRK5ZocQyhpvtGp2SHIMcBn4zMnsYBX1zVhA4xSdpiNDp7v7czXie9hQueqhV2pwkvWhnHu4pR0wlkjggwgvv9OmE5KV8eCYrUYtmob0AyX2Ezo5sS7BX_GVNOLRGOb9q4mhWtZRgnhVhfr2rA1CJ61b-g8XYH8Y5jfeukUV2qf4F20ITVJYA7WAYG6rFrLHk8cKOYoNHwShtUOcp2dvoOVi3X-Cye00asWema3JqCXhTT0YfB-L5RV1ltnn-BP2t8voKqkzqoSnM81QBIxBsQOE0gD2c_uT0V_U5_fPcDKLDXTtNhE_T-A3GLbCfGOiXvnujCalbWrV2i3Z7j-WER202QDkv8rXT0TH2KZGU0NeSVE7vjEth2-yOFdqIdbOOL6k3bcSwZ42YNB52f2triTaIUo8jGve10rHSPR-E2JhuypbJiGElc9PLf4C5STjY647Txj48RfFS6fhCX7W-5x2uCZSZorLJY_uG-Kcd1RcAnsbxBYQ&key=AIzaSyB_RPF64RaB3lypfA6VvXil87xSttgcUNY
San Dimas Sportsplex Tennis Courts,,San Dimas,CA,91773,34.0959588,-117.8243045,https://maps.googleapis.com/maps/api/place/photo?maxwidth=800&photo_reference=AXQCQNTs9r6KKfNAsxoX77uB9e2hdyEgr8nof00B-CIXMNhIRORnNwgqelNhx-rb5dMzWaatXmTTwGQ1Ep441pc9yNpo2kOr7q7GF7jdtG6RHoF9ixf7WteESBvayhcJa0kaXtPlmzqOKXGKR-YRfAbdc6RhyNBSRdh4Gv5UEv6BDUIqDagi7JT3jrWeNjpJfdJw4Nath8aNgZ0m0EUqXw0QX8F5xgJlHpIJISidqUWVMwJPa5Ws290pwfiOrbZQ_6ur7lhoMf2DzFuRtkVtxedErudIZW3xFVI4duhmD4aRBW7FZPuQ2Z-2_IUEmLPAwDcRGMMQnXEir_isevwP0AL6U-Sq2d4Wpv3_3IR7wmgXCngBGlXefpdfnnXIUcgWEBes1rcLIYLr_XCIyiDX3sTbPLMvFIvPjNcKLp6OfF-JGNSZCKN11IOu6LKmflxYDsVBm4C-DpvaY-kNMTmgzPaXVlUUX752MJNl1XbVwSol_aejYGsrAxQUxWFus-QpOo4p_-KoMCZBZ0zCyB9qDUdUD6B2sqI0WQ1IZNwYMOkALJhLT4K78o0hWEmlZ3aZLnlFf3LykeKSSsIRAbkpokUBMYHdeX1elVuLoIeA75yBHD-bdQ0YIo9N7_2XHjsfxkd76OgmdVtp&key=AIzaSyB_RPF64RaB3lypfA6VvXil87xSttgcUNY
Blaisdell Park,440 South College Avenue,Claremont,CA,91711,34.0880388,-117.7135119,https://maps.googleapis.com/maps/api/place/photo?maxwidth=800&photo_reference=AXQCQNSubQt__M9PzZLgqO7FZEzAL7QRFictyqo8eyxB7C1HxiEes3nWqCD7-K_PB1Dj5gDv1pj_YZu9xVn9rJykweig1fX3dA0D-eMOdFbfWJq-SxFHFiNEkKx8zLZh_YTWM8mzZkOh9WNugjOjm2F1s-HSQFhagrDXeNNAks4PN2giy_HMPSBA_NLnW67ZXyrTpK_8fD7xQ7g8O28itOkxyZzCVGacSIyMHRG7K8QPUId9ZHDDLnuj5axRY-jwYSlZNCrrwpcFbs98TOlN65jTPYcxpLWtyw7pdbo9B8kBQIFiMIoP2vzuGdKWRgu0CGtC3RFshiCJtasqpXZx4nbzgWii6wwBzYnqrin6jJGTYrHAWhUOdm9oa5lyKkJWh1kJXKS2yfMzrvvsAaXepq5clLDgp-7CvpKAZTKHvZ3fQL7ckqJbqUkYFQMROusL4u6KbrLv7oDL5wyOKkw7thToMqTLdjbyzWFStmnGKEcR2VuHRLjowghpnOyRpaoxgrTqF3zwxB6M2YCWwC9EAOY9jpcSOLQp-vbFVX4vPLKC6Sn7-BWCW69Y7IzmFXQdgN_4yp_x6CzQPkXHxjW7GjnGLpwRAWKCbsnY7_Gq7dWM5jEsVyhF-WZQJMrpCCLUbN94U77NHUE3&key=AIzaSyB_RPF64RaB3lypfA6VvXil87xSttgcUNY
Pickleball Courts - Brush Canyon,28282 Brush Canyon Drive,Yorba Linda,CA,92887,33.8783763,-117.7022057,https://maps.googleapis.com/maps/api/place/photo?maxwidth=800&photo_reference=AXQCQNQYTOpggt-aJF7CkE2Ia_onEtWYoGELhD_FR8xHhmCVpFhN8ooQSnKXtSEAt8Ij4_n4LyIabT2OdNXPMrHtOjrJ7zn1qQImkrg6L8VTqq-HV_t-HgfZxys1LfSmagpc_mREnpBECTUfaiSYtupFzDsyQ5vDZ_6pNKjhJwGsPINXJs6SCBkKmDdfPnohCNdV9gFNQd2pT4ThKC0RmHnMntq_Am1FN-FaJoqLSoI3Qifbqymv5V2eYXInNVeJoguXk6GgCl6lLcQndIa3lHSWUFckwZu3a_Ni4G__R5cysaYskPa_5rgd5S31c5prUNk1hjjEEjgF72LsNwt73cY1tryiEEIIMWQ9LXB2f637_5e7CUc4omYCr6EfI4FymKNlbFk3lI4Ue6tgFdvz_5IQVs5_BWTBfJjRlKXg_xRICzGrqy_8HVswRQzPUJxL52T0wjZ9_QgrOVdiGc5INgAdOdPEiG-ZZK6l6pF6oAHmniq71A_j7OisgE3G3V7EsnCDCIqmr_wmP-eJKWukWvQSjlil5Vq9_81f2gP08ybSPq-dohxqo7ZsRJqE3VkH9vds8nd70h7S3vqyNTayrfzGvsXz-3H6_152Q4nNGE8RBuQsc3TNItP-pLoicarQn4stLoDT8w&key=AIzaSyB_RPF64RaB3lypfA6VvXil87xSttgcUNY
Basketball Court in Craig Park,3300 State College Boulevard,Fullerton,CA,92835,33.9093548,-117.8861304,https://maps.googleapis.com/maps/api/place/photo?maxwidth=800&photo_reference=AXQCQNRnjFLkQwyTYA4HKRJi1ZLePOejKXOOTZOhsMT7z6XMlV2rPAnndEI6BlpcBEPFLTRb51VcGR9sFDTi9VuIcRfOps2Ro5ONRcx5299RH_f3VPP0hGXLuCqib8RhJWhHL_eDjZimBas6WB1ZLonLKUUK2ORyg145xvC4EGMcza5yQ6Bh0DKgnVeMMR-7uoOcJ6fbJ8-StvTq2Jk7RVhGFS8vF-UXycvpPt4DW8BIy0NFan8CHTRHlvOQTQta3_FPIgRsw6ltAHMW5buQR4e-lxNf8NAjrrgu3faflhBY68J_M5iOF4oJhaYX2H5RP-u7YDjJ3o72-KvjjObY_qtBMGV5tZgqwWtXQ1vkAyF9CKJ4ywO3hCjv06v81Ob_6tViXsZZzNnx4-eNak2EY4avwFi_SPdjTB3JbGqr9vYiaO1r9jU3jbj18qy0bnH9myzvjVoVfD0f9XxKkHft6K29E_KznxwyR-51MTuQIQgcU04mPn91S7ZKNRYBi9U4eJXQCzN0B84gpMP1VfCJU1XSVTdu_ax2CAMRN2kCm7l-GkKwZTRZ7j3UFTApb3tk8yKrui0LOsFd7nwk013RSh1w1e63itTuOmajeiu9tSB9_NVuBWIJfXqvUu_dow8repvzRwAqvw&key=AIzaSyB_RPF64RaB3lypfA6VvXil87xSttgcUNY
Ojai Valley Pickleball,401 South Ventura Street,Ojai,CA,93023,34.4444701,-119.2470973,https://maps.googleapis.com/maps/api/place/photo?maxwidth=800&photo_reference=AXQCQNRifqemZe7Z2t0svKQ3AdJPHALMaQfncbgjhvO5a84gW81lYR6j9ObJaOUa4AcgtJRxOd-sPc45nG7lEmTOmkpQiUCR5LcuMaeYs21jWh2QmjWm3-CklenrF1wFXZy4HMKR2bnP0kTWyKnejhBOXEpcDxXBvIBSNsqef14shaY3NFRQ2ZxnS2l8_OOkAbGF0apazLpQ8Ufj3aZSY591cUhqv41MTvyxEjCZC8i_z0uvdCRXz0U5q0ZRvsMksfvZ4_NCnzPWPTXGpVBUNrQe0Z-kxfdqPAP1mz63Eh0rqo_s3qxr7CWZhSfo_CTrIp2Q_6aZbGH9xgDENiaTURRwcE4TGMp3WgEHnSdALsozORujsVz1KhepevhTxbYQBXYpTZcAX0H3-VZjwLKHCN_Om1hs4e9FVZZKhhlTJLDoWIcKbELfQtWzQt7iLkJbL4XLZMrIyKtBLOy-ewy0bQ-q_eX8ecw8PlHRmapTGi9lit6L3pFrCQH4I2pxVNxk0IqAYOVntaxJOH6ERvrC1AgkuE5PceUiPkN-fznzSIFEwTtKHz3PrebuyTn30tJmPvmiqhce3QrTX7SeJUfj5fyetspZkGREUfYKtj52YjmrbKaMK3P4&key=AIzaSyB_RPF64RaB3lypfA6VvXil87xSttgcUNY
Bouquet Canyon Park,28127 Wellston Drive,Santa Clarita,CA,91350,34.4531343,-118.5055516,https://maps.googleapis.com/maps/api/place/photo?maxwidth=800&photo_reference=AXQCQNR9FjrD_g__Y0VD7iF5Q0341t7nXtNj16cnNetg3tfXugS-lpcH3Wl3bwJXkJeZ2OBQGlahgGiePo_7fzCeyDe07KZ40xdTW9j8qF9HptWQRskKcBuIDDq0NnY88tQX4ZasQV81onqQAJmxnDrBzl5iA0SQOiwbdjoO6w77bp7N3w0OQaPL5y1rcn8t-ozbIFSxs3hEyLlbc7TXjjVAKyNW-3RbOM7vxNhEo1Zy5F9LE7r7pjbneGJvG91Imvly5nDOL6FSR4mfrz-s04U7aLOGCfCXzwZ2DR14ofmXNwadHWk4iG6F5U51wjWH4tFT-a-EiBYXQPcX_qxk6HkvenWMn2ZvBCzPhPH_OvSamcGM69XLOXRiirB0JtQVevQUiMleX-yyzzVurzO3F5HwAgqFLX1RAQtnpt3WPhRe2N3t4q71IDUkaehaHrha56SYdzPXmUKpoeap6C-g_nYByC6m8uzTZDQc1PuRPDBmqtwNyRXBcnCI6-89kZtr_Lq2LLebo9-yqYWc-1PEPDYB1iSAkY6JS84AoIXpFOc1D3QRtrGR8P2ICno5puVtaeD61SUXxW9gs49g2FQ_1xej7Oi1-bj0e1Zr7MWeOMVdvm70cvSMbC_kTzno3_jgvGQDK6PxZg&key=AIzaSyB_RPF64RaB3lypfA6VvXil87xSttgcUNY
Creekview Park,22200 Park Street,Santa Clarita,CA,91321,34.3763637,-118.520516,https://maps.googleapis.com/maps/api/place/photo?maxwidth=800&photo_reference=AXQCQNQiwRr0e3gnkKj4TXYIiJ4annqkn5yJLoYSVD4Fw366v3KFNBJSGeFesNjVtpDYaoOL5BnRx0LbBKMYUFzi0CAYzfCCwgjFVCxMdVH7ButZNcAmcT9BRvsTXcuERTbh4EJn4b-0nquBDvqznv0K7lzWFAC_AnlE8yGtA3D8xR7fv3NuZbuyyPfusdqQibyOCehtqnWyEQmmdS6mncpiLYDPiAxkMCyKdYXVns1Okprl-SDZtcGRff1hNjZ2FHrGQ4qzqSqwpuHR8N-FKMb5aeVnqrXT7euqNAj-LZ72nOpnhIXu3L1h3FrB-TNH_6AXQ9gsEIRDUne5Dj_aYv5aVnyolYt06pnIan6zeJ7cxAUc5rHQDBHrmuBD_i0PHBknar-yn66kwOrV9f3cg2Mn9YoUnA31esnqDkbqjcaZXtqYpDtmXaaeK_xGlw8DukqcfG13Jd7bJna-u3V8Q1IuVTvLHSxOekW_nmUYumkDM6wQXs3t4EB_jSIuBb0TWORTY-3GXzGHLS5vC8xa5gQM9nT1QCAGuYo5StINJ_iTSwR8UTddZZFCoW2rZctD-CnCDsS_cM61FDvLSCr7j0uM0GC1umdP7K7v4uj3DtpBbN5sOvCCmAe871K6qfTQFxSb15D9SA&key=AIzaSyB_RPF64RaB3lypfA6VvXil87xSttgcUNY
Valencia Heritage Park,24155 Newhall Ranch Road,Santa Clarita,CA,91355,34.433317,-118.559006,https://maps.googleapis.com/maps/api/place/photo?maxwidth=800&photo_reference=AXQCQNRNnOrEWv0V3F4bIqyQKTIyPzHy2ITjho0NGgVDR4au0-tCAvvd5Blx2yeuN2DWnJyG478GuyCk3GaZIfzg0I2ChWkyMd-4vTXxFTp_JJQpJCSaaQwJ1nztr6GSlZGkbWFqW6sPbyup9UJWL0e5osROx-Yepskm8NVto2LQtVNBNkGIKHp0iUxCc4pNQSuFyotX5kNpY1TE323aKOnjB4js3hxhQCV_W6Xd6EQvXr_89r6CE8LnlFZmB2UY9pndz1E1ecunByOV-bdscCo-0ckzVanQVhXfGDXV_cwcrUyTqvKpIARk6LsWAV_4rOk3nuh-KVfXQenfSQCTqpIJoeK2fHfidln5JK2CfhCJXX_0ea5Hc_7Wm5IwjeNqukRUkzbzZIScLuKCsyT0D0vToDHrjQUG1EMS4c2ZB4tnz16tA7fLRYeZc5ANIu6ox6uWTyVx-l2yvJ4loN7Fc74StAMBt-91UuKep1M8QzqIpkXZCIpZiN-NUWK0tbhCCe5N5X2UH-L9nIIbOD9bLdNH6LPc7ofS5FThX-Jx46Ij4-gpJrqVHh6ThsCni4JoZYQzKT2UoZLU5Q54ITd0y8YAX-wXdnMqOXP0Z5quqDMexluXR8Q6DF12wKVmxFzbazDDmPtAqA&key=AIzaSyB_RPF64RaB3lypfA6VvXil87xSttgcUNY
Pamplico Park,22444 Pamplico Drive,Santa Clarita,CA,91350,34.4507253,-118.5275891,https://maps.googleapis.com/maps/api/place/photo?maxwidth=800&photo_reference=AXQCQNR4FvXp4mgvHfXL2zAlDdDakY_Scf13X2xgYsmqQC-dqPIeVw6Tc6CtVzy_SooPpq_MiCCMWBSZ3EKfMV_hiJVeDwg_rFGQ_Af4jvkXs9q6LcJ2x6UIZrvdzDoHd8AG0vcHcRbGmkYIPHuKr5HENQMOU8JMkuSFElqJPRO-Be0UpDeVc8_go2vOdDjOwmOiSmfSpM6YHiJWkYpff1B8EdL5UZ_OcKCKOYHk2s2qGTg9O9oYCTT-yeg4uH30qWI0H5Iuc2Pw4112HXRUIXsfIiV86pDfxI6TLJL2q9dVJXLPBz5wWnzeUTJB24MnquTqljfUqUMWfoNoLBYzhKk6Dld3p-lcmv8s5yOr_H3d3FBHP8w-E_ETDo5OcvEsctUzmbk5QSIWE9syuH6kiU8zxKHolaxQtpO7-oYFFTmiKwTT13npuLWb2bRDLdrphHuzW9cIQPN-RRBOFJ6Qv5RaADOXBNB6i08yDlll4p3JaUUIG7RfrNCiZhvZigPmkM9Y2hbywa5v_DklrJqtlQdnNqw0t_X_GZEt7zHGyDf8dVAol0W8ewTTz4ZFXUB_ex3IC9TxiWvrYsBNpqSRZWPLX7TMBPS9Rc-Ltl5VqXib21ZylI-9MctBZe2BIyAsCbeCvgsP7eZy&key=AIzaSyB_RPF64RaB3lypfA6VvXil87xSttgcUNY
Santa Clarita Park,27285 Seco Canyon Road,Santa Clarita,CA,91350,34.4466453,-118.5353233,https://maps.googleapis.com/maps/api/place/photo?maxwidth=800&photo_reference=AXQCQNRnizZ5NxAPogtJs6hYK3vXryWb4sIM_dTHEbaRpC2HSUxemfjnt3OwRzOCYna-AbLuoW8agny_Us9WNc9yQfwLPd6LsVloWdIIK21Ji4pD3lMV_EzSITHbtIiBNOq1vIMBwWi6yt-dEVSoZqhE6x_gdsJerBTm1njuypdkidB3ajY2wWDwxfwyS1XFDlB2o_KtDN7NzGDvxyIPi2QXWzarDjv11XekTyr4omzULwSfO11y8FDvL6O-j9l04KwWtsEu8q9qWsr5bVSc9rbu7dry_QuVsqKG1cjp7C1Sh_JHfmLRqfbKbMU1BVh-w4akSVC63JQlY6eVvr3WqncLmEpgHoPqOdXmQGt1AEPaLVXKQ93ITe6OW79mZMuUEUmlbC30295X_aTtRlESCPGslJ5k5dgZYxOc8LCauW_PK5A1TNG-U5X1fjhBJyWzFdTKWx1gAPOKn7r7gpJMqxsnZtA5mcc4hDOR9hDbvZOD5LuJRfXvQGKafOWrrwYL9emu-fIhDzUxEKsJUPQoabV9QugyuRWJ3B0HiE__AcrwDMsnvYaoVwtn7fn7atB_bMq99YcAxKpxlP0yvgxzrcVVqmI5Mlo5_rS3zUilU0Xte-R4ZytJKdAmm9LbR-lHTfZ8&key=AIzaSyB_RPF64RaB3lypfA6VvXil87xSttgcUNY
Circle J Ranch Park,22651 Vía Princessa,Santa Clarita,CA,91350,34.3994935,-118.5341984,https://maps.googleapis.com/maps/api/place/photo?maxwidth=800&photo_reference=AXQCQNTVuHMfZj0H8JF1aFrc5tSvwuFOmA6EclEr8jDPUPF18LV4Eb75noZj9XLtU35W_aV-C_GDdt-QXNDMxi9XMk-mITZN3jratW08mEJuBTsWBhoQXKacYthKZCCsfRboDnAQaXj8wS_utKjT3mPXCwXJv2jqNCrZ4ybNb_COVMQFsVcu5WIPwD0sThRFuckvbuLaJXYINTXD_Ed9eCohlTpXc-DjJtuqugaVdmSXkiZo0z5d_wT8iyhga6lRL5rmfVCLb3KJCla2jz3Irtx5NDAFYK5q2nj6rMR4YfPBn3jUaXGoz89Sfr6WokuooFTWBbvPt3B3z6w9dmBbGkyQzCxHtRrBVGfLEWLAiyIgLlZnsp4zfQyN43XE_uTVuVX__VCrrk94v2UcvBTZLFojRYdv8xX9w4jN3GzALLyGMUA9xEbjrINFWqPou8A_u3uiDt6Zn3sVcuGjtCHTyQKMYrNw5TKHOZ48-VYU2FydUn3Om8gnR2i9nhUGQTRosE1upWqitIHSJNJ9SePJRZJYBjApfWrTI6VuLpnAjyjNjYsgo9VM2nWC5UK3vQ2-YkKFbHXkvKXcgjMMhu9tzqm-ATRiXPZE1LIbUR4DZGczQ4eJzlgYVg4u0UlGa5Pdir_ISbrPVU52&key=AIzaSyB_RPF64RaB3lypfA6VvXil87xSttgcUNY
Pierce Tennis Courts,,Los Angeles,CA,91371,34.1830117,-118.573128,
Shatto Recreation Center,3191 4th Street,Los Angeles,CA,90020,34.0675004,-118.2893071,https://maps.googleapis.com/maps/api/place/photo?maxwidth=800&photo_reference=AXQCQNQ6S9_ZqrKHJkw1NQP7kvR2uvEJTzqNsNGYARNaLKbBAJ-Veekwfrm1BkP5FTA7cDBG43Wa7sKNhRZWgaWdDVCf31EBprgohP0W3AI1tRFd0ZPjYU1ZVvkxMZRDNLZBjPJ3aUDjX02_XNls3U0Mei_REyxUb0IpyL-tEsRudBRqWCDt-pv32ICpIQug4pwDvJro0-vw_Cu1CAFgx434VX75LLoOgOOxvbgpXPRVPAfZUFxH5Fks48sZdIB-lHyuNaIQENLGd2_u5aIlcy-j5OnczbZ39CbM276_4SbndFkXDrJoePMmObFG_TtNxHBCBJgq2jYAlD8E1ezjz8SXbPgHzaNA-nKg0qjdyndAP6tElRl9XxQy0fmD03ujCIXITP5GgyHWevNy0jmzbkDUerfhZ1c3seRp5aziZ6Hc259rE7_5XLIVovyOY1RX68PR9BDUQfaESrDcXXrQ4TWT49nVkAfPXsnvb1Apq8Ha42fWJi7nb-cCQ7VBRtPz7-tzgy2ZgQT0BHhk62DM-nZnVBFuUPA2t5eV2Bf6tvSfedqGhotr2wjBS8H1TgRELeUIT-dHq2Eb4fmYsszbEC5WtAmCOWKDLGRLGCFnLaMn1K5-1O9U9ZnL_2Zyp0AJi6hkIM1WDA&key=AIzaSyB_RPF64RaB3lypfA6VvXil87xSttgcUNY
Vista Canyon Park,16950 Lost Canyon Road,Santa Clarita,CA,91387,34.4174949,-118.429596,https://maps.googleapis.com/maps/api/place/photo?maxwidth=800&photo_reference=AXQCQNSU1x9_G5dOVgq02xQlDae5MTGvVSV5byPK-oSX5XgshPmZmBdMjtJDK9LnGBS5FJHaf3yblODyUcNYKWdYs9KP7v3x7ApIEi8u3HHVaLIQyF20ED9BesGQCgE39JA2IP2NAtV63i0eY2WMyPR7_yMzDL2feNJK2SPAq-dtIPVOizgE4P07NLuViV4sA5nbZQdw0gr8nQDKttpD87e-om2_P0m96NV2s9BzHgjdwWQ_OOqsTSYrX0Ue9UINzQ2YsdtBxLoMzH-UdK-Dt0StQ_TLb6TAN2vcHy_EPGdI9WSsCyZ3ryH9BSM0wwOE5g2RlnRtnEcxGTxfaLABPQgaItfM2wPq5znHC9UMsuMMwgP6_Xs9r2GQRHEy4H1uqietoTznjjasmKSUsywrJIbsMxITP_vbhoyWEqP6_X177MmUyuX_CAOhR0stuR3Yp5_0jtjWiNed4NujomXqVeL9-xtwXfRmrVatjo1mFAFrUkuamEDTcte7HwzjOq68ndCPzuNRhS4TLepkHqObQ-pIsdmlnpWNxXNF6aZIMC8ni5__kVEy399bfnU8hZm53lFzh1FCYXtJZsJ6BoftNgETbQ-9I42m7R_xk4tu14HhRgoA83y8suiGhS8Z1wwFs_F6V0TLkN1W&key=AIzaSyB_RPF64RaB3lypfA6VvXil87xSttgcUNY
Skyline Ranch Park,18355 Skyline Ranch Road,Santa Clarita,CA,91351,34.4358303,-118.4575262,https://maps.googleapis.com/maps/api/place/photo?maxwidth=800&photo_reference=AXQCQNRE_3jW-qdzvi4cTH2cpf4AXhOHP3ZBoDvhng5OPKPqM8V81BaWO243BvM2KQo3b9KJjIdVDzLag2CRpkgg0VNhRJlR_9qkgC15mqCoisg45s7XlEKtDVtvc8NAWehNC0qKZ64jSjPCCqXgwVC43ydxiM5l1HFUfy1UxOa21aGGFIgvR9N4KukX-e5tpZ_EWx8U1U2sp-SvbR8EMROeZlhbLNoxE4N61jpxL9aqzw2Np3fJvDjL56yRzNSQm8-dPjwS4uXBhs9M8bFoClzwO7AatgwF-zgjgY7XaCAc-OzZPE9FKQfRUNYHCiaGZ2dR-UnV9LeUmBUaxVhIul83s8FMIdVTdYuLQPi3lIvnLVeLH7AdrOkWjN3DJL6DgmrLfiIqEeWiAG6qelLmfvGykL0aio3-RaxEWPT-pe1lLLqVJp5nNqiWgXPZalXd_qX7bwdfNxP2Mu-SH8IhGqfMWkfNUTgmeTVUad4tffR7PTykEkkYbneB1eKkobk9zUnFAihgIwGKiX6xQyVuoaZrxB4t9oYvnYi5kfwhrtmw1q3IqCt_xUzFp-gEkM4W94fMs8UggUBvm947P9JoZz7jktIQhsacXa9fm4dKPy1WSLzD1fGlAzWF7JAuk-C5-GnpclyBQA&key=AIzaSyB_RPF64RaB3lypfA6VvXil87xSttgcUNY
McCambridge Recreation Center,1515 North Glenoaks Boulevard,Burbank,CA,91504,34.1931401,-118.3206318,https://maps.googleapis.com/maps/api/place/photo?maxwidth=800&photo_reference=AXQCQNTqab7lGiY_cYHKF9QqfrMRJy2yc8xX1smkIqSBXRxTD3dW7UiNuFpoOKT2EKJlBA35ZSXCf7ekk96ixe_1iCAyMf9XXX8XMEq3oDroeM3t1WKr9cSg9f2O0xDd7Hg5FYKj_Z-YhlAu7SEtygWJC_rh6lESLxOkNqTXKQRI8uqHYqvjhTatHMabG2Jb4H88y3MuW_qYfezHww9tK4XG-TVIYOTqDe49jOqiNrcqN4YH2UPNco22FUrH-TFT4JjMDMvwqgO4gRipGyO21xzsV-JMyzcqODDeSzq2ewgkK_Bh0vod_sDR2TshJbIy4tmzet8onuup-O14VUljQZc64EVYrhwY6-7wrqzCY0OLkI0KC8ADIl8oEG6AiZ_bqKIezlZ9PcIyGECbiUQWGYCh_iesP6-bkDnVJrIuKMsvE86j8v-D269f4nuUGuCCj4iNhvA1V3juxyrgWPpEGpTS68y-23vP6pCmgnNRVtlNyLnYXcNHBlPvWAmqX4iyrxQyAWyeaAKO92UlmA3ZD9gS2peyRPL3pyez53k-yGyy14kxpDelaXRcXRDDq6x4eRJQUPZQ9hI1VAlocXHY5p5UKALdyK7qEICaiDujUPV_bl0pqut3AU8YSQDzBqLaSUC1zllSFA&key=AIzaSyB_RPF64RaB3lypfA6VvXil87xSttgcUNY
Yucca Park,6671 Yucca Street,Los Angeles,CA,90028,34.1033333,-118.335,https://maps.googleapis.com/maps/api/place/photo?maxwidth=800&photo_reference=AXQCQNTBfdRX1ibViD_t58L4_qqLnuoqtdXjenMZa-75-2kuajecul-67HogIAjbqj0UMxcYW29QDUYK1TGc5k8UpfOi3wGUmSSvxIzuFN4_scPvg08-lw2CpHwxTZhCZ0PmbSFFKGyTQ6EI7X1Siq8wWZhrHvzO8BrMK8qeCtNLpQ4_9babNjxLffCV-1faqoELGJXOmZU3KQ6xCRhxCTukItwGfzMiU2-9ycag8OXbY2yWCKdNk20WLfdo5bWkWfuq3AVn4WjCMReRIAkklSSjEDQ4vmZuQOLwRL_5XIbpK4mELf7445PZ_B2s42Q5vQ3IemSceUjasx-3EYGZy45XHQeC5hCbWjZpnAUxPB0CW2z97oNB5x0ihmXGEsVZye1eUkSVrgsIXST3x-P2_NrFjuT0TZwnkZKvEmLsEm8FGqrWZ6RxN1eRNvUmnBa5aH1AvAdXST3hYBG6-catMh7K8L_GyaCMafCthxSGiy3X0aIBdGBL6PW6EtoQdF8hINs-wPH8EWm3SHyrGALAo21s---MSNVbB47UguzI5t7IHRWdMDSzsuf5zRJdCP-qpRJW4Frlyoll-fHyItksHay6546Zv2buAmZ4VRBZJgJdCJXnYLdocA7xiYj2hyP5L05dgMi03g&key=AIzaSyB_RPF64RaB3lypfA6VvXil87xSttgcUNY
MoBear’s Tennis Courts,1401 West Riverside Drive,Burbank,CA,91506,34.1579498,-118.3152803,https://maps.googleapis.com/maps/api/place/photo?maxwidth=800&photo_reference=AXQCQNTZW08QMTgPI00KXjJpF1-Q975bJuIye8Y-IEn3YQCPG70yFeelgYSQHiPCbd_agyNCxZpcNt4WaqYJxoOQS35gXEU1qXvcA3XJQ20-QTyDHlGDb_nKbl1kRA_ow6pzpydiW1esmtNl8opu7D69W2w6yyaYZufXHjpFH5DUDpDr_Fk-x3toLFxSiHX29kAQ6kTC5HbWzu6d8LXTCO53Kw_IcvUGo2BLkHMogK7cpEzeQ8Qk-dAckG4TkXxL30J_jX4A5-nu2hmy0ssRjgSqG82mu0JTQ5y4KpcVn9mA_YY9LEsK__bkdXF2-dhgWeH92Jj0W7z4jdtAxaBMho_bzTttEPtaJDAkhABJPJfRivXF4OvfbD7nPVQTpXi1r1oB_EvOmm6OUjmQp-U4-pIG4-q_ZkDFktE6ievUtYQwqn4WTWTpUQo7JVJy_61e-1B9EOyPGC2q4bb2IlTeHUvOKvPjLDdkcPSj0zPtLMu0U5IwsAjp6CQiiSO_dn999kyFDcFgUe8yY3TFlWvwI8oBi3ZJUpkfiXIZ9plIofvckAaG6yzr94YhjRZU-_tFdoWZAH88zph0cS4Cb2oiYWHqziz5GVmvr_QZTP5InPwY0GbbUEkOaMU9KbxKi9esPRkUmsT7qA&key=AIzaSyB_RPF64RaB3lypfA6VvXil87xSttgcUNY
Normandie Recreation Center,1550 Normandie Avenue,Los Angeles,CA,90006,34.0446612,-118.2998004,https://maps.googleapis.com/maps/api/place/photo?maxwidth=800&photo_reference=AXQCQNT935__LS5dZeHwzQsDOBRhFl54cAv5_nhkHQb7ldQMm13Usyg8Q6-jeXF2zz9LxOdPRYRXVjMxLUSb-kD7MTiD_RadBrq4W7lgNaLegavnRGIQlKyXBN8SwB34_jm3XCm8g9RG7XINPDx_oZabDGUgRTVLaTbxXcdyWVWSs78fZUqzeoE6CpKHDvLjFp1kqp--UXIko3wuKp44ybQfgs4KUFEUlVl8L_Z0Lr28LdhMvrGa53J61dAxuaqGU4UQOHdybuoyw2nHN1tb3jTMuydxQVpsZyWfe9ffwliVTyIMEvHF_k9SInwUgT_Lzp7SqrHc3NF4OIx5eFK601_2S3hy8rn8K6Kbi3lVuKcEBaFZuNTw0yDJgSebQhYg8WGWG8JqZRQm2XzABawELtNVuaoxNdZpZ3GXO0TBmrJ2X94ZjK4PP1nAcJ0y2B_cMQtcPQtyeaX6fKPdG5JMhHAAhGsJa693ftVi_PnsUh0TuztwFMlKChxMvifhvdu1LiO41zrs1vxYU-1154QGRuIn6hZePp-EqwTIO1NQ9GHj8C91xqJXe-fhmC0OMOG9Fl2hgVC58Urdr5GCuArWBWiMLQxCzEJnAs_MyS4H5j5arF9EiBZAIU2LDfBwCBzVO7WEaosPHw&key=AIzaSyB_RPF64RaB3lypfA6VvXil87xSttgcUNY
Sherman Oaks tennis courts,4918 Tyrone Avenue,Los Angeles,CA,91423,34.1602249,-118.4443532,https://maps.googleapis.com/maps/api/place/photo?maxwidth=800&photo_reference=AXQCQNTdMlfU03u5m-ALOHV0p5qScR1fmkRi6cwZ4R5cjiv0HhXYUG0Ym-eAE4O9NbXcL0YIb1nSL1jNSLe5aS7SPks3Isrhe3XaiU1Xa6bTRyYioBpqq9DK2yezlvSD_vhAK08V_vZ8iRC3hcn_qaRr-bouAp8EsAqfktryXuqzvVPDj9hK6LWNnNowT7sh3lwb7Lx0LwFIl30e1rYceAANohV29rnjwQDqXZEgAzUfjVFk0qsgqUAyo0Y5yVAvzwGMzXA5XfhinrpdqQa8mU3J8eBEW15FqOwT9f1nBeHYjWRBcacDcuqPbPhCUiRiubhUbxigwgoWwqL-KeX9WH66i5gMfL8UAgHLzDiYFLnoq_z37ZVA61lspkc6B4pEVGOx1nkWslNKRvDiPAlUVK9VRTemkum-qcJlgFMj4XdWnJjZ3xrfMkMgGgfOtJvPDNQ0E1uanenDfB245wgAkrcFwj3u3ct6BO5UP-fVmsOLTfsb2FLPwfb_rggv3YdxVvEE-Q_whOB-danOqw2-G3Ma1bQSv_xuzP9dh2w0JSej_7VncusQ4My2QrniDK_xz3PYgJB4BXz5Bq_IB-qsI2MqpnVDQ2e3dpLYH-F4fv00Qs7vn5N1WHM5_b_8tzAPRio4A4t6TPNF&key=AIzaSyB_RPF64RaB3lypfA6VvXil87xSttgcUNY
Cheviot Hills Park and Recreation Center,2459 Motor Avenue,Los Angeles,CA,90064,34.0447953,-118.4126307,https://maps.googleapis.com/maps/api/place/photo?maxwidth=800&photo_reference=AXQCQNTjbxtJJ-WzNhRBl-RYhE94MsJ8WID0NzmEpssMHq9GIyoNmsjSZmXy9e4cp_mI57Ie0-Xu1PkSQfgYbOiPoLXBQLF66uXOmx1q9VCUBsns166AEh2k-cPsa530XuPMvSdkeY93RonpiE6S2Lw7qD7gfGMKGU_SzQRmKyDHw9o-Sm4hmF-wfdUgKgnH7NMKxyTTLUODLrEF5KKO-wuKaV-Gdl15kwnU5S7M2Q45LKPwNh8gCbHknulpy1T-bl-YiyoFr9SVdkBPNQIsgfBXu66HRmKPOorftAqa14cIRcAcNNk73mTW3Nr4xqtGO0kFvEoonyh3UiX37TbNSDwfg9Bejq7Mdn_ecl-VHONG1a6GRzxvukTmvTIPmuDaoFDz2zrIrMDKr-AfFYvdHIqR8yemAkwWASHqDAuKhMJH5BReUb5uv4kUN58OUrsdjHmkflStuJAV5Wg--akjKRRkZ1QFq5JlEN3EqM9yt_-X889DSEG19lvVsX1mGy4Wi4TrlWfcMAV0gfQlmKLgC1AISgWZLJRmbYFI3tZk7xlr_1mrmh4HqZWA8j65FqsCh2-QRTXmD4n1RxSbeCgD-OHRRmFjlUHuy_rvDrNlu7FgK6uMLjhYzy89W8tbTvta_1pnPTBqfg&key=AIzaSyB_RPF64RaB3lypfA6VvXil87xSttgcUNY
Verdugo Park,710 North California Street,Burbank,CA,91505,34.1643687,-118.3400808,https://maps.googleapis.com/maps/api/place/photo?maxwidth=800&photo_reference=AXQCQNSTcB9S4IQXEvlKtJUmiDVmatp88m4wpzUE5FJY5VANr8aT7dMgCpMnGXJy3oWhS5iN0MrQh7ENWJ5iFnGtoh9kIJzc7KlyYXziCmjpALVNHtuTI-GEnfL58IpaWZx3iuc9cdOWNXYieG_8ouagOWqJl4MFzgFGCs6xp1zBb6O18X8ttTTg5QehgXE9-j3iJggchS9Z5a7hMwpJPOUGCTyXpbdN_LXgbxr7oFSAvGLP76Ch7AdrEWO-9kxeuh3KZsX6IcM-wzD0ljLNKhUUpWatIsQ6MPN8WuRg_-WC7dofZia9avkaDOqIjVY_VJ-fplqWWVAEOeoOGFyC6BAk71xxUzbBKmX9_nfK5Ebz9ZI2DQU3NtQkzxKyolWlUgAI9ngeb_fIOg1MU0t47XD3wejOxO4iOvBJl8HOJZZRJ4T23Im77PBbCF6hguKohtmTrwjKg6Hdg88b1ImNF663-0vOtZz4xwOeBE5T8oTkOIt191cWPw9t6CfHFNSTamlri4pGCbsqgfJ_M9Cv2Svcuo-6Z1G_qmY2GTgcQ6RFok513-WAhTtqadDJQKFQ0q2pxFE0OpZkjIFzplRYdnNfjPkLckmF6QyUqBvDL4QMV_U-Xz3SWkMK8SOdMxX169C8xngAaA&key=AIzaSyB_RPF64RaB3lypfA6VvXil87xSttgcUNY
Hermon Park and Tennis Courts,5637 Via Marisol,Los Angeles,CA,90042,34.1046425,-118.1880748,https://maps.googleapis.com/maps/api/place/photo?maxwidth=800&photo_reference=AXQCQNRwBB5vh0PWgr930je3EkabpY58VkY4XSxBgt__TimH39u84HL_ytRgLOJEmrD0dr5RfaOwIQJB-VMAyEuYX8-lDnQjx1nA6Oj0-Uu-8d6DEjZkZFmOFJ6Vknymt00AM-TGRiJARKv6GejkU4xMjo6SeWSADBPyhcNIG0lVb36r0-8I2G4RCFWC3RhQ9srYJ6xyNng7UHnMq4ZT5MeLd3keO5pN1vZZAc7NziOceJPr8vB6dddsi22S13iYXSZySN2qacCZZui8rojJ3_AamFN2piUry2wpdhEZquw5SyKok_ursbNp9JkwFKlV5LSh_pDolrvElzKIc8R4IwroR-63liQmH1KBUi3je2RCMo1jOYvTmgzhzFVxLbfdhLUh1qNKT3Ji0n6ETHSMCGrQRPYgR4bLMycMJghR4hv3-ZWWR6poFACMQc6gojfNwnorNJfj0OtqQHcz2qt5VZR0qF3XcxZGVBHG48RF5iPRw2CtpKTV23GHYUBFTEsxzOYnunkwa5KgM5d_Gn7pBxbhOwdN5moI3KangK-fARcJQ9F7iLqZ3dpXV9GGpoD-3990DeOvEGW6RyQ-1_VeEukfOTSHh-sUYJTq-pSsgErrOWjpx65MeU4cgvd_iO4BZtowJl93NfFy&key=AIzaSyB_RPF64RaB3lypfA6VvXil87xSttgcUNY
iTennis/iPickle Arroyo Seco,920 Lohman Lane,South Pasadena,CA,91030,34.1165997,-118.1687403,https://maps.googleapis.com/maps/api/place/photo?maxwidth=800&photo_reference=AXQCQNQR1AVvgGoPqJj3oqKOrK1jhdREm4ZUk2nUOWDwWSmwpokVQRpb8W0U9XxF1WHc89vNamalXKwpyUrTKn-kVceyv5vZf1HBIF2ruEJGij_UgvamNa8TM3vDGVDeiKcylgvxV4sHlE-rzB0LZKj7lZpUFagsqYS9ufUWWa1SzRGgD-6txX5m4EhwXgaeDMC0qiSNAHSsTwA3r_vlAZ8yPhU2zaQGZfQOm663H6yPIEafyrUfkrrHxLxnPQgNV4XOyKHvkbjPn5M2EJLEbtkwunvqTncpZo9gURzcihByNc5byQ7lF5KBFfSiFA_4Mghr3JpZLXbWbuPJN9AXsDjdQVyMZq_wt7npkSFtB75sO4vQc7OBuN4oo9lPXeFvZcokwc4tfYDvHRf2NDoVzEgovqJiMoZdYBCVxD0k-CfT6gIXDq0nlhwPj8oWFDUhrFas8abMtcMTzvcnUjpHAAW-PWq1bVjpsZiy5HJ3B8sD6SaoZZ9UppoOApR0yh3F2av-qDD1OoU8B2y-0I5fRLvecFdMmV9coPtaa5n_npaYaLImOm4pa42zsS_y0m3dElIa8HfJ8ZXquer5qlXGtri7v8lkCKQICuxo7mkkOAcPskGKWTqW8zQ1X43EFM55JagqDdgphQ3l&key=AIzaSyB_RPF64RaB3lypfA6VvXil87xSttgcUNY
Griffith Park Tennis,3401 Riverside Drive,Los Angeles,CA,90027,34.1167604,-118.270283,https://maps.googleapis.com/maps/api/place/photo?maxwidth=800&photo_reference=AXQCQNQ4u-gi92DOvF6cGG_gvH3lFu_TmEeQ32ClEZHs_BUyNuIXiApMc7gnKoAEfcHpHkk4pPJGyoC_buQh23pjp8UNYbaYFA0g5I-Ca-0QTgKFNlwnuD1qSZjD2DMBl5LZB5otmk7FS9A0o6tNV8-_8NYnD2G-6pAXxp22KSo-IPYFUgrAF6ZinvYNM0gedE7Vt4Lk6Jzwx7FfvWTLHkd82hcobaSOa1N14TCkm1j-B8pietZEYRYSDpZPGlSAGGqHfkGhfTa5lVLPOK3HtAQrnEzpGKib8jfLqeetru_wYRD4PjyJ8zyws7Aomm_WSaaEuuXW0akpz7SDJ-DHW7whkJ4a3NLrIsqobP8HozkcwOOkWuEwf558uWPC-94HsT0sQxHnrzbDBTQAm-P5fM_S0t16ToKS5o7qqGkMxWFgcWUNzMtI94gF5LWtb3TGA3rtOVIsXjpQRf0VTB4-eNzHkaLE1WN9Y0lj7jxWIzc6x-6XhFsGZlNHeErRu8FTMJ2XAzCZTupehgycL_xOzbLuBpXnCk7mN8KaLX2Bhty4UkosrqJb6WSg8U0fh9cVHZA2TGuRKtB_FgOwZbfQAM-2d-CDh7lbw-hsvAiFTzt481MMwaeOIDr41e1NSy2mGpCHHTxga8Qh&key=AIzaSyB_RPF64RaB3lypfA6VvXil87xSttgcUNY
Glassell Recreation Center Tennis Courts,,Los Angeles,CA,90065,34.1153789,-118.2340267,https://maps.googleapis.com/maps/api/place/photo?maxwidth=800&photo_reference=AXQCQNQbSAQqaJJPcVPCgQMHskPbThzjEHoCKjWAt3uzG4PtY-bVK732mKMpdTB8Dkm1FaRQMHnEeo8Gg0PftfYTwJIJHCe8EJLHyBnlRY8RYJQsrxJEgnpbUbwOGvNfyGA1q70NXebkjcXpFo-UzhmemvNhTTo3rcL8QtyfzAhGzI47YFcDr9GQWVbB3NM87ST67Wl0cLRoiDCBOipAbdOHShSoRzbvUK_jkTuFe6qgLp5y9vqLtfI207dnXiywLptk3xjBQkLRZ5Zvu2VUgmeUEVKt3bFcM6fzlGD3FdDZkX8YWPwX2RlP76zxVTOJwxuaqKd86PpOi8GQEj5-kaFRxZQnaMU0nCNixmWFcy46erK4j9dAAt8VIYoKxPpneTAjrd8IQJkWLdGnR9tAtbI2oIcmedGvF_HXznQtH7Ks7WAJ5SLoNIgM4dW_XwRcUM5sERQ5BfnJITZPEDyf8XXn6LNBVy69Dm_E-dqjLMMtEFuC74RWPEhKc4QlDKmeUuSpjsRcigKCWDw0RnooLSo2Rj86tlFTstM8-igO1By_eYO-_2co7ajVVU3AVh44j77tnbOIuZQxWn2K7AwWcM8jX3w6k7lr4G37aVQ738V3VG-pApPau1Q47ORD2gtvPIcfq--phQ&key=AIzaSyB_RPF64RaB3lypfA6VvXil87xSttgcUNY
McDonald Park,1000 East Mountain Street,Pasadena,CA,91104,34.1626518,-118.1274965,https://maps.googleapis.com/maps/api/place/photo?maxwidth=800&photo_reference=AXQCQNSFJ_BUghpacjD8lfuehY8Kn32ej-VUvcpDJJun00hmIzln4_90HsJHwq43QXw9HkloyDIn1A9_EiEw43CXeX2KkUc5Pl8lRj6AsVgpv3J3PdgW4el9QEXW5zNtXx-frejqKCei2yNBYddlk6g-EBZwojDwg-i1uAJkWW5fwLpgCY9Bnk564abQT8il_gUFS20ilbSGUknTdpIWRwaOMmKlxS2emo8JPfqZsbq_zUvH0BcCOkh46dT1R7ikUtLjL0tHBBlRmil_jU-cu1S5UCAfRobw-CPzFHzp-BSKUfPXTG71lCKsGJzaaeLVQlZYhg-Z8N9-tR6OdGU8LCUb5EMXJBqCcmjE56oQMyXdeQX96cCLm47F4V3jf7t3HquOpovaKatGYWCAr4uC6KMdsZC9S-QFGWMPmCvKuOUmioK121ZpwNBH6fVCmT3ZXAn32v3_3-m34iRDKR13iwej2pjYC4P63RBkhENbsBcPuE-sz735q4fT3VjS4RCZUTnsUgZzam-wALBgCm29nsjSwqydQiFp9AJMORdnc1Wk1EWircV04uAbn9SNaFsdLtTjmOOxAK1AuK45WW3RfiLFIJ2KKZnN3Kh4jO991GONHFjADQM3NyhsBryvkhSGekxocD3O7Q&key=AIzaSyB_RPF64RaB3lypfA6VvXil87xSttgcUNY
Cypress Park,680 North San Fernando Road,Los Angeles,CA,90065,34.0888881,-118.2254551,https://maps.googleapis.com/maps/api/place/photo?maxwidth=800&photo_reference=AXQCQNTlqnP7MnW_3daOsfBUecYNS8HEraetBGWbFGYsOR31uSaav9YgS_8FqvYyCVREiVA0w1F4ASIx6a9NHTJzYEfrYzWzQB4cZpV8ivvQNriZ6brZ-5u_2fNy-2f2WxTE6tZ5RpImDB-7k7CB-fYGRIOYyAaYc0iTNIArbQha55Eb6dK-YpMm1jlW-FIWRdQBLRJ5095bQ30O7p_KmrpBgSKrHZ05lIGxRZCk87LX8Xq7MFJhYWFwgDjRdP3Ofy_IeTO39Ky75Fyi62I3KvKPCcfWUFMf2eQu1x9Kf9ojD84bXkCZKErExzToNvOPT1Cl9iNJrrUdb9eth8xV_KCL8FhTuTYqA98KXvvDJs9Cn2pifWj3bogBDs9uOFyHuSNYTKWd1NLGMeN1swSsXEvmdFKMwiHC0vbWpBE5O9Uu9FgEsE80U7pJD3uEQ2CW-Z2dTvMxwF9ljlp7Dqh9xk8vfhV8AgUvjw7M1tdET77Xjc5HbfIkhcTysAXDVVS9FLfNQwcbqxRNX9_gmtke8NiOrfp1k7e5POjxDa-XRInMuW-kB66WHsg4V4TKQBxaQGzKGXkTMFmG3idS2bRERmL5GkTkJg8x6bEFppN04-506xuWdZnzLP9eMZaw2Q_SVYhRQvP3bA&key=AIzaSyB_RPF64RaB3lypfA6VvXil87xSttgcUNY
Montecito Heights Community Center,4545 Homer Street,Los Angeles,CA,90031,34.0957569,-118.2032604,https://maps.googleapis.com/maps/api/place/photo?maxwidth=800&photo_reference=AXQCQNTxnkXoWvQKqNNEFLkV7BM1k5Y-FU_QP1fWbUSkxzh3n54MnKxN6OCRvuWt3IT72S2YJQclbiQmI3lBxuZ82Kep7cpqpcwLM-FXZfFbBncQridflk5vPlAwbq7zBEZ1-YBiWN_Ign7Li_HVZe7AqAnrEEfg7VQzelu3HK9YqLtOzusKlQ7BSSNfXJobA15vz4jKvpGTPNVupeEKVlTPsVl7awXmVHR5ArALx5X5JhfHLkuZLAbelTceJl2UHSEsiV7qxKCEiHTlufRxT7KhRpGuyQQGNlrjyfz9Kllcdwqrxvn7lA7puTLJdwOabR2SmafhNWpDU6LSGHfAD3eEuBuTj08vhEauIyKfaAPqmb0IGCdwhtclzaHKSb7jkjMn7OkNpwWgR0I33rO2AQWbZsxktEfRfEwakUuliuoRii-cIyqpUVhAkwwO_TuJ7gN79HEUpmCEENe-1ITlERfWs4Zd6ky10EolN6Y0aux3MFLasgMou1covchhOfl2JjwdJByTxRw7iYaR9Qnp50YcjSNiJ3geEfikI6qQ4jq9JErq8xeZJi_Y_Vr-eDALotVDqEKBBlzs9MZfiNyM5SL8T1S9h7vhufmA5d2ml9kdTJ66KZW3j1thEU_Rc2ON9nUTndHVsw&key=AIzaSyB_RPF64RaB3lypfA6VvXil87xSttgcUNY
Jefferson Park,1501 East Villa Street,Pasadena,CA,91106,34.1549352,-118.1192171,https://maps.googleapis.com/maps/api/place/photo?maxwidth=800&photo_reference=AXQCQNR4Ej40ED_e4otPwrHmKKXT17y4qqUSXIA5ZnkaZzB4dNxppR-W1Q0pIWwcudHPb9HB7pQSeK1gE3cJk4Ko00mXanDoH-_PSKeSevLfYvXZ3q-99Qrvaz-3pb7mRlo8bBpP98vsH8EJ8XJPRBcJBjOOXoiNOIHSkdq49WAYrgkpo17XMJAn8Dn5h--akL2z6whqDzu5DZux-W9nCgVzO20WMOVtsAhadtiU3y8lCSekh48G3JbosClkO4NnQneKPyyXzCqDqI89T6-k-n3VL7yKIcUs8f_obeIzRZTlCYICHLamoNKLj4e4DC82OMMXHMkBG6UoGotl1wC2KE0c1-hlxZ8BSUpN2YI_avRHWGdHwjy5pOTKyUtea056Zn93IaphjhSDI_s5F__MU0LX2j44iEhJVO5E5bw-xqFTFKSYRQYyn9WFe-SOF4k06Tz0vk4cIyxGaCsbPNyC2i4H0kA850h7nyjgRtREzfnMXeITO5cbnZef3v6ucj2ufzk6VL2Njg4cpSj7e7EWMIQyL0zgOGCdXR349adpteXM_XgWQwmDAlFZ4_ZW46d-UwTjpwOprwlyGUIftXZCzrUJDoU87uEH_AC5yASBtSjET_1bQw68yp8P1j2Wer4JDeRg5Qibhw&key=AIzaSyB_RPF64RaB3lypfA6VvXil87xSttgcUNY
Pacific Community Center & Park,501 South Pacific Avenue,Glendale,CA,91204,34.1392378,-118.264745,https://maps.googleapis.com/maps/api/place/photo?maxwidth=800&photo_reference=AXQCQNQGjgdNTnkcTTZSi_l7oLh_iZ3z90UQtk2QQcQPfFP6OFB_J8Rg_Ry6TXNGKpEH5mPRHpAGV-W1UrG0dYUNo2Epa9cio_6SkCRIAKmznQJZlBN4cj3bJUwIP40uCUclfJgb07QgWA3MIyEbLp0G2jYLSSrTKD1BIeBykznHo87Qh3FLj6qUi6hM_jed-2_IXpl6Fye9PUEGKb2icFOnz2tcskp6654PB-UyzPmYhjL22-cl33mlm68RVR2iec26YKUnEXw0hPb5o6NtWJFj9SiDhWNzyGBlv9B20XoJo0WQNqDOd-ZaeS3xNKOIua4R_dWNwkujkcXwVwn222hzmBt3PXMmIap5nb_iFJ_up78pLUuWJKKcp0RTmgxG62JQ7De3PosRRkLHg6rhQ77Ou4ObOSIyTyNjJIwf85cE3y3_SkksmmUlUSRru78jtOOT_iQllOEm_YGuqjX_qp7zuMlzXuIUfnKvE3S-uxERCEP_Hqr1wK1F60szi3hn8395oyO2mcWbiwnC4N2KPvjvYH-AQMjvin2lAdZvLtLhiujPBUaY9POOM1w_okz2Ho-uM99DZAFjp_iFReRndhpDkjlSoIzHmOl_Ss8NQm296EsenFmGJcyUU7GWCGn24vryeCVh_A&key=AIzaSyB_RPF64RaB3lypfA6VvXil87xSttgcUNY
Camino Grove Park-tennis courts,1420 6th Avenue,Arcadia,CA,91006,34.1235625,-118.0183594,https://maps.googleapis.com/maps/api/place/photo?maxwidth=800&photo_reference=AXQCQNQpeH6Mj6cDtRy-pWT4v1VOqYZZlHMaGWwzARFQe3LzcYWh4hL19gzNuTqmiakDCaUWv1CmBqIapdWYAE4LByEEx7CdjGawWSFkuzrdE8Z36kN2x3AMWUVc8N88mph4qFkQlFowG7rqXair46twb2I2jeui6lYyPHPckTcoYQzeFEgbMT4CNiIcbW_BteZ47gN18bDjJrgpH1FYnDv2rDlllkBcqCgpRY5Qfj2H4vo92MiLhtIkz5tGfng6kN0XI-oKp9TtDPZ0ZSQ06pBPwpmOpEOEJwZ_6bF2SggbmINQ_4JR2EsG1ABmthcc_arDcNQwKcyFJ8OWclOptwmZcInciGXgiTkpVzVyU1ULAM0CAx3qYxo_VFW2HJCXfoOuSZlugy5-sbET2plmtri0Q4orjoJ4qm2kDyOuXdSVNRmfq_g4jf2w_L2qY8IYDSuibdiDXEctOhD6Gc5wOb78E876MCsof93anyRPtwZRLqLNCI25AqvHmxr1KCneLlT5ms5i4alIVQplzDjVoBcmy80p7dVQJFKzIsoixIuqia0GG2gwtAw6sfFZMSmFITHqcrDFTS9FppkzeS3uAaSf4PIUL0V6_kTaKqblKj49zZFsfOt1OrDhVl5grsAh7VS_pOWK4Q&key=AIzaSyB_RPF64RaB3lypfA6VvXil87xSttgcUNY
Highland Park Recreation Center,6150 Piedmont Avenue,Los Angeles,CA,90042,34.1132731,-118.1877994,https://maps.googleapis.com/maps/api/place/photo?maxwidth=800&photo_reference=AXQCQNQYMjAL2BuL_m8gJuYV4V6FIsbnde_nR5VSHKntcMajrYJbK3ZJru2gvbd4N7Mm3AiQQAEFfvQmTGz6VPZvG1JjmIBHXc_T_eQ9X1jZbmRSOtuaZqxetmfn1U1GpXXw6qNISCn7b0kY7GGZF2Om4E0BFQhe_YoSBmR44edmLXKB1Lc021UIkNffd_WDtgtNIio8LmBQGIc98GFEJvX8AkJhj8nMUbb-41X18URd16ztCz0QARiaoE1k6uzDzTl4QtY8std41mUzbDAqrHdyd-j-waCj2VCTaM3SL5aKRLjefKIkfJL26XImQMnRnjVfod3to4RD3tm7r2elTlnQpeDnMIYNi4IFdiTsC1wQbSMgj0vP7pn2eSqef8jqE-cNf0SnYvxWieLQj7hEGU3Ie2MwqsHwNofT9Alr-1RqCdA4-3cuYY6u3-qzGEnMCSwlRpYjrtq8WXqSRoX8MkyV-vgW1G-B3ZV05guVL4FV9-P16PKpY2BvOIdkJJGpWZz86qKUci-X8FuF7m5164FRNpAUf7a5Y3bRH7erQJv9ie_s3UxmR1mcsH_56mAHpfSm8741o5KXOtVRywJ_N50kmfwx4w_OIPDCvryQYPr0yt5XWlGOFpR88vbWoat9G_VtI2ESWA&key=AIzaSyB_RPF64RaB3lypfA6VvXil87xSttgcUNY
Liberty Park,11860 Telephone Avenue,Chino,CA,91710,34.0377062,-117.694564,https://maps.googleapis.com/maps/api/place/photo?maxwidth=800&photo_reference=AXQCQNSKKCTOzPE0UflJxBOtUz72nJJZpyIUaO41bM30Sep8O2QV75eP2isVEv8xqqLR8RpHNam-rwFWbUFqg_2muQje76lyFLJfmlofNJ2G5QXM0hyg-AAuSOdAjF20dI6c61YKvipl0hLUbeZxduiPgTbECix_AE73NNAKLjZDo_R35ogMsGaes7sM1kfcr_RseA_bvdShxCEE2JOJwOjb0_xo9N_6cr-RdeUlJJRoky8aU50VjMn3Sa_laAv4IgT9wzPehrLTMZ9y_5tgKDIs3630SQjb_hWwmyfNb_-Ruzg0UDubCZ3MieGQj8GADbano-HDQtna1VLIpyeFLbLArYkXmeaTBpcgod5l5rRf9OK1K0eYq--oB_l26JvFD2MLyTdH6Dg7ekf8XAVOSE_28DZl6urzGWYWk3mwrxKK33pfWSRvK_x6s2nE42SY08XB1rll-wJnACDoydXg0jAmpKtVIy6L9XIjZjUKicjg40EaySudV12UNXnBe-PVOHAjZb3RgafIez8iNGblpIOvwJsoWIorGV7GSmwOeKq6ceEq4S2u7ghF4_TS8ibTyDPlPmR2MY4DpabZxf5DjBTNE-68JYD7W7A0xNmxdBBAdevi28lzTcQDifUO7-pXoaCDn-E_iw&key=AIzaSyB_RPF64RaB3lypfA6VvXil87xSttgcUNY
Flint Canyon Tennis Club,265 Berkshire Avenue,La Cañada Flintridge,CA,91011,34.1884254,-118.1822912,https://maps.googleapis.com/maps/api/place/photo?maxwidth=800&photo_reference=AXQCQNTV2ImNYUL26HhDvlRVkshUafamPT47O0p46-hXmghGdTNg55jfLGnm8jka2p7r2YgnEWSTLRYW7AjF0EraJYdCH8pSD73UK0LJT553ibAgl2yjMMAo6bNn3xECoUP-sLlJLOuqal8pPmLRYV02EBJiv6ZE9bg_VpjBkvUyAes0mDoRCU1nFbe9IbQsqKWfXJj4vkl4yRd3ukWGTzGcnAVoS4iInRqWN0Y8S-nX1d8H0mJRPfL89oyqGEymyBNICuFPfUl-waXZj6kacRwAtnBw3mp9BUqjDztnQQ-4taIensj1a79Rh0SPSkJhEZpNlWnhU48nUqk&key=AIzaSyB_RPF64RaB3lypfA6VvXil87xSttgcUNY
Memorial Park,222 Sierra Madre Boulevard,Sierra Madre,CA,91024,34.1612757,-118.0572586,https://maps.googleapis.com/maps/api/place/photo?maxwidth=800&photo_reference=AXQCQNRcK0WmjcIu0muJ1gIy6HibENXuEH5bk6z_VXTMhZFnu-Uhxo24SvCHQnFiodKAyXCfupaCg0aLYKlyvapTr92j30cWA9i5zGW6A1crjtI6SR7YLAqrT15S6ztmLEhmWsxJAWcSDQ-YldrvUHBiYvv_hlPP_Fa0hvWB3ViPfhuirfpy_SncOVKcpjWLe06O6_fwg-Lstf9tsx-RaKKQ8IM3q9OZuVPGUhG-vm_89Eem4FMKWyRbRISbmk4pjcbhzEOXwhmEDHLS6EyloQeEK8YlXUEHwd-lFj1D06zr9yeK11LVxfGiaOtOvZw1Yk64sFZ569Bfjp_LUM9010WOnmq5jWdrIMh-sEJWbVVKcbXooqKthFOZk7_HZP0p3SBcwoLEeR-qam6sOmBmuBllTVArHLjokqG_3LbdiBJ0tBKxHjNT6KtKy_riQksSayb22lPD0IolhuRMi6yL75XyJaFzYluO8mTSlT1aa6Nji7f4VP94bWrTreftjCsGoifzA39_1cOfRzapVN4Twwb-BHjhpcCBLaeF-4jZOwj9rRVV38wwZ9i0f7UelIp0gc-s3gLTBsEXRKrOQi6Lz9X2sxM3eQkarK-sw1VBf9uGEvSf7coIr7XDtsIinO9GyehmjKMFEQ&key=AIzaSyB_RPF64RaB3lypfA6VvXil87xSttgcUNY
Alhambra Park,500 North Palm Avenue,Alhambra,CA,91801,34.0971973,-118.1463038,https://maps.googleapis.com/maps/api/place/photo?maxwidth=800&photo_reference=AXQCQNSOFeHcZHpcQLGCJlCfBIo7HMy3uki4AUS1dKeyMIPsOt7YGWk48uYcYisExKIQcfd4Pgl8DJuyUnbGvk8xtYiQ4Kqf7OVtV38QM_rWdX4Fn_MTz7tEQG1Flilu12BeckBsAG43kem5A40iefty0yHN7dBYVPwBQ2bdQcof_ZrIcC0FpzSSj5xhSuEQMrdR2lsg6dUgrlj8Rt6OZv4jokKfWZjK0ZdvYIhCRx6Z6rmgPhdddWrkh4VKv_NLzmOEZy3OmJaZh8j2K1-lNV6Ti6-Ua--Op8zfbWSkK7TSSvJ8Vu3oF5fl-lw39weua_9RM-QJTi32YRmpdnmZLlKf84C0N67I4gdfmRIFD30KBkyQZaGhmGzMAQNiwCjQ2CFklzhwEcc2BomzDxzMfHFP_jFkDihe96fomSaTg3Ctvz9uSvC7Ts9CUOFNRXdgeB2nVRdOqO-EYsEwLWkoa_ts6JeUGex6V9ftOaZUdBvZZijaHjHlrDwfHNPuSSYsrgeTYP-RKd2b_IMwYxMkJPFpB_TjdJau5wiVBQpaG41mbG8Us1G_2UjbupGauDkLca10TT4lZLpkrGDYksX2mihkbXdrrYBqEWxXQG46UaCl8R604NCBbiPjJBpMFFk-RT-HkmBPKA&key=AIzaSyB_RPF64RaB3lypfA6VvXil87xSttgcUNY
Recreation Park,620 South Shamrock Avenue,Monrovia,CA,91016,34.1458947,-117.9883843,https://maps.googleapis.com/maps/api/place/photo?maxwidth=800&photo_reference=AXQCQNT4uO4XhULv0lHozWEqmBjwyN4LMi2I9oKNY6o7hfKRaqwWu_xZRYTjFhK0kxTkdyxt4RwBk7yHR0ZkWOlGG55qOOhh_zoB4tgb96ODUbl72cmipAwHFnuF6rBYLSqUUMxdkaeBx2IWBBXl-3lgZZJ098kY1SiApKXgYz0-bGKPrm7fEQcHxSZmlqOMCkMDT4X-hW0SQCylCkuCxPzoOwJURMeS4k5rFkyFQ6PWXPsU5kRJaVD-qoi4T_F1yl3LNSa3A3hp1XeHvJ_g0p6V8Csy7P3TBUvWhKpwHWuRg_cF8JbyTH04WvSEl-sSfzhmJxujB9feywjxNnYS6iav03aplHagOP-SZ6Vb6fdGjPv0AVGfqbbrhipk-leD0egTcCpRsk0aWD08JLokImsTlt3SnweONbJ_6z7d52pVDbjISuHfPsCkCiccNRqNnzFtrMG1xjhAE7jJz-cl7jMaqlDPpIF91oZMP8Jg0skJ7HQfpIlodRsodMB_gqNwV1BhLvkBAX_a5Rzs8z2T_5zHUu--ST1yzUbfpswhRQDdS8zpgNBq63zGOi1e_hzLVo7NeYOelkUvK_MwAkNRfigxtdgQ13feYe_IljgN1fACF5U_7LjTLcAfPqC4Mx2BvbOKm34eydy7&key=AIzaSyB_RPF64RaB3lypfA6VvXil87xSttgcUNY
Pay N Play Racquetball,155 West Dawson Avenue,Glendora,CA,91740,34.1180556,-117.8658333,
Cabrillo Park,"11th Street, Between Mountain Avenue &, Benson Avenue",Upland,CA,91786,34.1037157,-117.6759449,https://maps.googleapis.com/maps/api/place/photo?maxwidth=800&photo_reference=AXQCQNQWdhHCfx3IvWQ6x76CHhoRn7Yc_aXe0q5EC1BTpy4-6J9UN43qSmi3JYhygYvntIjLRDGov_fG4N-DcrbFX0txJT2nYKWk28Nz0DqtEk7ObUpk4CRhEJ7OD7LpT0kV67dAQYn9adXMXtS9GU4vU-veX8q25KDSwii1Ot_yCvPCZ5gJz3Cp89yoy3Uq1VbQeCcbtkcfgS9buuW3ALq2vq_03LZETDtNfBJpaqv2d-H_cLTX6s25SCNrHzEii7tKc_oY_hyk-AHqI6txubgfRbxG2r3TGGfR30AQbMu5KwyN2SfEmkRUdNADid8H7IUKqbdht4pX8GnGi3ZzJMZYaFi79kPF7Yv3NaRFu_DYvO3pMxHlGKkC1lSBgjWtUogszYIlurS6ajRkxGNn1BwG9CDzbhON9xDwxyyhVW0oFapzzk0OAaSGgLGbqR9d8HhBTpkgcPKOZCipFG8drR8T_4pH3GoKHHyW9pRzcWFWaYhfUAAmtJZtkF9K3j5y88g0OHN3T_cbZDNnr2srrofeXxHtX5O7hb6X8J1Xvt52FUkRxXeGgoXroLg0mXGsP_j6ah_IJubxr51LzCv-gqFecYYAdaqhnDPgyj-KapGONrYDLmRdolfn59Zv9qlLrbwn&key=AIzaSyB_RPF64RaB3lypfA6VvXil87xSttgcUNY
Victory Park,2575 Paloma Street,Pasadena,CA,91107,34.1606057,-118.0963024,https://maps.googleapis.com/maps/api/place/photo?maxwidth=800&photo_reference=AXQCQNS5jvH6WQV4BcYbsaPgzQt4Icv0qFZiV60JmQ-3vUzGlmrQ-YOtFgVOABAl1hiX10QRiv73Kbh9_VBqvkNIhrAunQFUZeJAHl34wAKJmZOu-CCCkZz5iTmzKgQ_vTc1xROwxok6SjxUZTi2eaBwNOA3ZE_gKyrgz3Gm4lSrZUDhye6VU8ZNMmjem3TOA7hJA2tZiWLvDaVRLkg8NKPHNDlsQ4U2I0gt0vibAkVyvKy4GJdqrw8WuUdn-QjBljjmZcMwrqL6LNfiO8_ObhAhvb3cgtaDpK2fINT7o_F03go5sUUqO5rGyqJ6Hgv2rgXXf0qtXJON2KSToaJvXUnDxOBPhYdjqyowIUPdtwEEQXNJ0bADvgOl5qHSXnbwRrQnXMKouK1rjptpf5lppD4C1ymR-0yosNr_LyB4QVPKpet56Nt9Epd7wufgplc7u2NnWZ5fikUkkS4F7VGIIO5hyLnYcnt01msvItQIlFEEaqt7ppsbagXKway25Tghb9ZvIFJV024Emrmtaotn_aExwu4kOoWXu5tGDWAFg8dcwcnxLh8L8SyMRaqWsl5G5yD-Zf__VnBjHQ-EFkCWUYZX-uPKyuyMraZdUowsHttPKOR1nL-gOV6Oqu7TYl62F2XhGA64vv4F&key=AIzaSyB_RPF64RaB3lypfA6VvXil87xSttgcUNY
El Barrio Park,400 Claremont Boulevard,Claremont,CA,91711,34.0972205,-117.7043652,https://maps.googleapis.com/maps/api/place/photo?maxwidth=800&photo_reference=AXQCQNROYmNt7zpaqQrIAkeNkSndeSV65GnI3tZdAdlPImgdvp7oYnClk6DYCintFjkUYE31kcusKK1wcu1_ZEQ_LbsSgmEItQviBnyKUali_zpNbMKCon0v8KT1O4tHqOn5r6gMZBRK3CZSM8vwmvj-EaHNhWF-mP-1gRhqEzuthHQgE9_MmbnPTGxfkEoGwEugmN2dGucBRaDb8iFzKTUXy86ccs5vc4UzjJkszX5Oy6OoFZ10b9lyccKYmLolB2n4oXxKpWlgaBXLxx7nOSWMjuvMR3fYx7eCLBFcSP9HreleNmy0MR7QKkCxqKT3iY-_53HtGR2s0UaIAHwErj-UGZDhHJvH4HP7cyAbErKM3TlyPkE4cMtWmrqHOfg3TXz9atrW_UD9m_bZFAxxLakI_ECkrdED-n3Ut7P07RqzBsP1fuuCVrQcbyM4jSXSYzLWDGFk1jPMdAhZzWj5OUfSJUyBO67x0ElMVUvSAp049QXdGxWOa4hNrhO9M9xwyYkm2ktIzMyg3zmgGq71npZNQjyBIJntoIMXg3xbqmOTt4b0gEBKzINSYSdjNmMT-JcIkb832_P4N6VLGKt_i8b_Uh7tgOiEzcWKfK4a6Bbc1zCstXdaRQx640ASNMePRra_CmInMvcS&key=AIzaSyB_RPF64RaB3lypfA6VvXil87xSttgcUNY
Lacy Park Tennis Courts,1441-1459 Virginia Road,San Marino,CA,91108,34.1209775,-118.1241636,https://maps.googleapis.com/maps/api/place/photo?maxwidth=800&photo_reference=AXQCQNQP9Y0_Up_txv11P8vjPzQeilW06ylkOR1xR7Cbu_ERBnWpvWtaTAvUwxwNs5cBq4U1_bOepJj3noQTRAQd55UJVuw86KZPpw43bA_BPDlZgmRXbs1zm4JcoRfYuEU5-_G-0bq135slN-82Oef6L4HpDT1Rc9P-2SPNbOrDiLrrtdLGZufn4hIY_AeOvQA0W8s3XgFjFbZLUUKv67lLy3gl3uPrbAxgxZVhlW8IA7ljKTpYYCaL6sH_Yi9BMNMPL2q4O-KNUaaodesHZBZomfnoiYXkCa_GDbz5QVn2vfWYqjM_PCAG0h_9E20z2q1oCW4XIxHN_XjAe01m4K6gM0c3oQMMJ-JErPmVcvJufFqIVRS6srep8dHMjFDz_wfYCW_VVqqfb4QAzIWokDDA1R-1NLolG0zmtxLU4vYn8p0xaEplGgp2piBts-TOaA1VMpYGDBOxpSMpDN-wIQjyqggnrATRG429Dcovc29zK2Y2SCV1CS9ls2D6cfTKTQRqHH5wA5esH8ehGaAec3jDxjLUVH2XIzrc8teNA2OcnDdbeWz0iIVG2ln8ghKFdTOSvUNvO8s4U764aJmvpqk9Ao5_rLs8pGCNtWmkLYx_dzHzKTubKhISwrKiKH-bktoUWMG3aCpW&key=AIzaSyB_RPF64RaB3lypfA6VvXil87xSttgcUNY
George E Elder Memorial Park,1950 Wilcox Avenue,Monterey Park,CA,91755,34.0408783,-118.1272621,https://maps.googleapis.com/maps/api/place/photo?maxwidth=800&photo_reference=AXQCQNQLHoFNDtLn2uc4dd85XJ_-d17j33Vvq0c9e-J_sP8PBYVoW4ZWt0GvDpepiZ0O4mb5DGyxemM20buKVD0qKfhRiVn5fCd4MAu9GNGqYpuZ7YZaLXwrS8NXg96t_FezKpgLvteM6_DQU9W1FsKIKV0LWRUTCpOo0epBTyIMumG7H2sUdZXj1EyJilZpHhqV2j98y8iT_GElM_-7ckYQseE5R3xCK_JA_db-2bk72gyB6CoV7Pjw-pKmN18toAtqgDJrviTSDv6Piv-iIfUeEr65y_5cu-bfnjqHd0DjYlZn6mxef6TbkjU-WVpqsI-SSVzkY8cXcp4_coB0WGHMhOrLoKsGxFZuAZ8JToe8_yl0nR9DqWwaw8AeH1h4cijhtWkJ6aIx5qMBkG1ryxBqh_VFLK51GzN-pR7XIwNCBPwjVmpFPxYqXVpi9iQ-5qon_tFLwT1szChVoKg20G0U0ZRHtjqhGa2k-uvz5NJNuchl8IavP19Td89kaUWJ8DAGYQ0rR1GQx_ja2Or0eL6UY_Gm9AZejm3Y3vV_ndM7OUkfsFMUcbnOzylC2Sos8Ne2zOsPg9_ubXlZrudajowCEndNnI731_gXwW8iirb7MO84WHkTHVZKotgINjnzCRhWrn3aj0Kj&key=AIzaSyB_RPF64RaB3lypfA6VvXil87xSttgcUNY
Northside Park,601 West 11th Street,Azusa,CA,91702,34.1418714,-117.9137008,https://maps.googleapis.com/maps/api/place/photo?maxwidth=800&photo_reference=AXQCQNS7bWh7DeCDnb0Gli7BBPh135LwUltlbOu1CdeKyr2nT92t4Fyf2yuEYrv1jxpBC_2kw9gQFEzvUzJyEIwSondsr1G_dni5Us2zdPUgMFBBfShSdUc174f9D9clo_vIpMlG8OPGVF4HxsvcDsQVSt6XQQM2ulvrg_fgcyZYpV6dhR4rz4XeakHxh_MjHfPo6dYm665rHji_PxNEfc55bOqWuAdJOuCaEn7hGVemsqBVtZXrD1xUjvA6-o4uSyMsSO7sgcELd05xZIYqAsQTh-wk5e3jduWv9Jig1laJeDomm-G3Acll1hAisoN9K4CNmxWNQOId51274jPIJosubkuK_mRV7kMyZrTxwXqW3W8eTKOP4xRqV8nkzvPousP6MNj_iH545t_H2hkW0B6YVzNfWLa9qYVVKJJcEyxnOrkqvVHCclYSjH6HzCmRZwSVu3tQpcQZcyCv8FtXzaKILtym-vBQyYFwzmDLue6ltW7oedss_podCOLm0I73lbMgDdK5ma6jeBqziaWy2WEJE0ukx5shctlVxGz9oJbar8FVwopj9A-2bKfOexOO1tPxTvr1AqrPoeYqebQ444s0lHTIkMpE5C0dCIujg16T-sBYr960UwajI5Rw0_nQEsk0&key=AIzaSyB_RPF64RaB3lypfA6VvXil87xSttgcUNY
Shadow Park,14250 Shadow Drive,Fontana,CA,92337,34.0455944,-117.4943603,https://maps.googleapis.com/maps/api/place/photo?maxwidth=800&photo_reference=AXQCQNTNguOIUvprW0iVFzejvE7MPQPUIMSjWHu5n7yiTEX5QAH7aI2UugH6HaIk78N4jN9Z1i8FeaD7I8zENpdtFFA_tOtKRF5C4BpB1OtioJSAE9OOQmdyfUuPHmCkM5MURmApa6vlbPQEslNOEfX6vc6in6b2rAE6xX13u4hUCwYihd5UXJNkwhR2QdnWp5oeOiiw4ptIW98TuzRiibflB1U3T-9S391UUGd-d8gEnL8UQxbAcd-XDj3-Z6snXyogLut2l3g5LUmWw6BHmkOTB_jW-pbrLss5NrmjeMnYt69o1k7OXPkYdTVzddwgByYuFwd4FlyWq-Yz-rad_59hX6JQUSaLLsxTl1tJLzN1fqrvPZYGf6LEmsEmXJfZIuImKzGmAKMCkrp1gOFJWjgP0mtxYWHFgzmwiNXET52aj4kJDv-hYiygYTpRB957hGJYXcw8fPk56WTTyrS5JXDaLW7qoLYmDfLOCge50C2FOe-43F3fKzmAO5wS1K76FW7rkQKD5cK0SyeGXTBGE_tLgdnb8zWAkaa0OG9SJV527PgC_4nq1YIF7UYfO-cW5nHB7pvPpFVcHwRMUPF2K_uLi-fhzf1od2jiE7iP1nX4u8A2EfF6uO_mEMExzm7bd1rQRHOEJRw2&key=AIzaSyB_RPF64RaB3lypfA6VvXil87xSttgcUNY
Duarte Park-pickleball court,,Duarte,CA,91010,34.1373625,-117.9752969,
Milliken Park,7699 Milliken Avenue,Rancho Cucamonga,CA,91730,34.1125819,-117.5573694,https://maps.googleapis.com/maps/api/place/photo?maxwidth=800&photo_reference=AXQCQNQQ3zKcdKw1T6VaNH1XmfFmSlkf1vTlcjTUai3mAdgGQhF84QZinLMZoN1j8XRffQ8pdyE0ZXWgfn7UJH7pbSk4P-AS13uQuuT27OiONXEMNac_Su-wp5WwY1dWdZ1bW-hYT2BUtqA3rImEvOwrSQsEtBdOo-BANRjEWZyhdG3QCQEQh5QtKQOtgvaghHGwIxBaHscbda0ubvpbSJGcatAsxLkYYLwFW4odYYDYwcSCpHlTm9bLQainD-FFLnXjwjXfuDaiyAZZRdViZt61ce4ATu2BxVeUwk1MlO35ra68fZSJTaO2QI4encPfpwg0EFzFKAS8zVZB5c_FtPFdVBaNtd-Qai8epBhQOphnfX7UNyH5XsCLhlUKQEjt7Y-egZXkkq0uQavlxP_XYS1m_X7588XRbxc4tNDpndEdqWFitrAwaIx31FK-Agc2pLwfl7vmAQFMjrG4QYy2TSaXgW5DGNhJFyiRJQ96sGxCrR2m8hx-2nhgAaPfQD0ByoS_gTeJ6LTRdWvM6fz5E9nmmRxGC0wuFw1cxx9zGgx0riF7CaW3oN2waHdWBWOmZy2o5KpdSyIwT8iG5oNKjH1QsaXESHYcZgiD2obCDjYJ6SEEUGs11DOt1h1A-wL3ZVHkvkxNTQ&key=AIzaSyB_RPF64RaB3lypfA6VvXil87xSttgcUNY
Memorial Park,840 North Indian Hill Boulevard,Claremont,CA,91711,34.1023673,-117.7194883,https://maps.googleapis.com/maps/api/place/photo?maxwidth=800&photo_reference=AXQCQNTkMLfb5fjnQsR4DflevS9U3gc5SlRgA7H8BGnJSo-q87vAL3OilkaLGRMuXNT4IAHwAEbZjlkmCoudhn7xUc9wbZi7_A_rkZrZB8JOKByusygQPcKTTaxr3MTprekV9blQEkwje1FIy3PEQGvhUZKUC64B_afPIdKnF4Ue0WuA3yNR06fPvDF93WkbvjVzNnJ1o56pI1ykFkAR2JRKvFe7FMnX26iNQ_GNL8Fgrfwbam-FMnwtfPtzpPeNCbZRP0vQHUpyZfrk5tRNEzzU0A6uJ6j5HQeX86hWbIkpfqgNAR4DGPBwkJBocDBQrcn_YPlH4Ma0ExkwEbWDGKq_q9xoqIl5uWjZf9uYhFwI-a8XJkjvJ_uWwi5EnB2mJn1AplL3EZaHOpc3GXJTuPBbrhPm3AjwREOb-usoySy78t8cBdXnoJy5UAKDFoNLkuZ8gtfDejpAOeOeH7n_qyMzMkrYKNC6XCcWnOxuN8-5FpybTt6y025Y4NbP9BLT4huEpuooTqeL1QRxxaixtBymYCHpeLzuolkdSlOG5PY1VdMGCx_bcRbiAp379S7kqIkbp6qG1kuLhayrodOce3CvUFe2W6rlaukUKUv5xOdYpoDA9xFZFmlUSizJRLUbcx6TPCbWzw&key=AIzaSyB_RPF64RaB3lypfA6VvXil87xSttgcUNY
Royal Oaks Park,2627 Royal Oaks Drive,Duarte,CA,91010,34.1438761,-117.9484486,https://maps.googleapis.com/maps/api/place/photo?maxwidth=800&photo_reference=AXQCQNQCfncwi6j3ZQ48CX8J8Nkz5HxVTrSTK_vyKWTOY2OflfsvYWa2Kn2kHPeCLx3hOrEN7Q4KmSYc-gt4zk5WVmxwnDTQ9usYicZMlRsccPTzfbcnkrFvKx9VD5Zt_sALm9myzT4uY7VA0uv__bu7eD4tKyG2tvS_FD5upycSX8PAIPs5cjG5xzRMFWxvPIoscHuxrENrmavo09Fk2NIZ-AX9e1RIOWl8FKn0VPJdSlAtGjxcOfM84imWDdgh6DlQTpURe5gVzkvQfdq8x0n2sKW0ZydAdsS4jxdItIhG6RWz78YDk8lo22wqa2fZMOv-lIgxMjMHDms5RIbb5DO7ecFe70NH42TcFMZrOCOKb133GVRZFLp6fzQdciTYIzLdkQ1iCDXGekRnbfK6uUSRylic99Mm0CDUabWRNmI1jTxFSScZ214hgDz5lpR-g1PzV1r0qmjIMYc9pb37Zm6f_VloTNlqtd6IW55aC-0M_cm7OFR0T-MbbNCrXeS7KobqqIqhLOvtDfRE3YRaDJS1vEkh4ikP_zDgeQ13UHfCmPgNMAytaGYvPkRDrnAodQZrtwQs6x4ZjFYiHpaWzz-YLT61tQjMt838nb3D2FcC8BjBHM-JP5zS-caDCDEFZnZIzokuBA&key=AIzaSyB_RPF64RaB3lypfA6VvXil87xSttgcUNY
Palomares Park Community Center,499 East Arrow Highway,Pomona,CA,91767,34.0902594,-117.7417321,https://maps.googleapis.com/maps/api/place/photo?maxwidth=800&photo_reference=AXQCQNSSh-uOyO89N1Cwhawk8oQkWqbJvVIDSY0nXHFqlTkmrbihlTrGLyddAUvBrbIpjfIASFg3-iBsG_4oCFNPv9dDY3cAyMq8TpzzwQHkyl-rB-TIL78S4Y65sRiWhgg_ndQHi7-mfTBRgzNK7ZpenUONPgueKFBSzWCI6pH5-juQCRtAd56-Y4F2A-RGLm2vD5bIkiam7KSi2__2zxBALUMCAuHMx2s-iMLJtjj6T2Z4Ig1bLu8wBiAm-LhUTIuH7de8qxS4YSkH8REW1qk-nKEpMfJupol_2g3SiYBDozBCGa0tEzUwCFr6cUHNJEFL19cT8MjmOzPmfa97OPBx2kSJSzE9aGFk7RtXylSTuiB9PmSsZ6pt4y4BxB6zUtHZ0qc6ibslW-SBlrMVm6w-L8S9OxAHvBxtmcMfMa0KbkI6ILumRuAEEC72YeoUk9SfdYux7v60Lsu1Np8SS7t8vQBtkIKWeB3n8ZqYDaNwAqc-5wtXK0wYsORf4C20HBDCe4AZX4OHCaX_8CIgTSG0KhS6LLjAzzs9UaLbC2uSovLcKyo2xc0NHTnhlsMHsBvqgb2AuKG-OP38Onqt-UbrX4eAiftOlT1lcALMg4b_6wr_Ld25Vkw-mZJnByWiDG5bQg71_A&key=AIzaSyB_RPF64RaB3lypfA6VvXil87xSttgcUNY
Sunset Ridge Park,12808 Eucalyptus Street,Victorville,CA,92392,34.4566853,-117.3829464,https://maps.googleapis.com/maps/api/place/photo?maxwidth=800&photo_reference=AXQCQNQx6tnLEjauDXyCiA8trax7UHFXSVHCCMnhj9Mwo5woscldWeZQY_ojdjpUnqxxJ957-NxqOzxa-MDOVbKIDpoxix0N9dNP403FCntU38cB8MdI4igd1n80gMmpWX9bvr-p0xnJbhGKZTcxyH6cwp0NoCoqSvfoNJNUZUufq6b_ITVEC2YfsAI24v52lIlW1ahoPGpdmyjIfphUpI1Yt1LzOrUAqPoSRO7--fEOepQjnZzN_JP3EjaPTzKM2tGfeYJNrmZNfcYYlNQnJf_t810wjwiqAphsbGibSAFasOycgIxgm9z5durX-y6nrjltKHnaOCaT2oAc2rSW7FVXFmq2T42jCkmyw4COOM8tQrTWDpLiWtnPZqy72v9pGPHR8gMlPj5KIaamGaP66qytg_mXaMh-P7d9AsAzUV-XBhjVlQ-LKTcEoRP6jMbjIyOjivrnSj1ZKjY_a70fnp685-Jze0eIGN5284prb7SL2bYeShj5r97Tq-BMLjQTjFxikGeVe7XB5Z2-WYi74ZYAZ8AtNuaM2VH_BkKKVCVL8uHVvyNREr3PP0b0L9FQmFXYiLv7UqXsRZAsLIRJfsst7EiNqyBJEsweAzPSh_VoNgJe51SEXQw6cOdoemmtLEVrWSKMj9q9&key=AIzaSyB_RPF64RaB3lypfA6VvXil87xSttgcUNY
Center Street Park,15413 Center Street,Victorville,CA,92395,34.5263889,-117.2966667,https://maps.googleapis.com/maps/api/place/photo?maxwidth=800&photo_reference=AXQCQNTNaGFBZduemL31kqMpfhBGY4SiayyE8__HIDnf1TYAAhiuHGI3pBFtakp5UwW0ELzpr6ZXhkJoFVIQGy2wvM048wjwtXVlfoJ5t1fL5Bzo-Mhi_MPoUxcvsYxwYSNQsb49pZOzq0bp65CX81uOktHQVqy3wcnMDLFjvkEhxvV6UCQG9BqRGAIySU_Ufb38kC_TNF14ehzc9tVBQX9pw2dFcnH3gkH1RxelPqTlbuD2c9sTi0JhEEQkn4gXtMITlE9_9x59HxuxjUGen5BTAFNcdbAVRpI_jGordEo3wxHQaxA2y1-2LeEcxQuoUvNEVYqZtwDfSCGBcbjcOHRL8ucwhAiwxKaGzx5-4NNsbm9vqOkZgDNOqA57Mbfbyrrs2wVMq_HriMEqfwjVQ4VknMt9a7CvSswjBe24L5j_L1MTLFlJM-qA8SAYz7iUbLTsLQ76F8dPBDKV6LCXhoo_XhV5cIwYX8fgdlIp3c9vbZAqnhbQqf3HLIz6nTHOaWvCoX4u63erk_Qgm18g6PyDW3JEvwW4bp_kwdIs7Da3OX0lN43He06VtX6saK9A3ZXsl5Kfhkt2F1oX3e9utRQGMIT0xHBue-WFE18z2iOCo9b4q--QuTcGnGpgceos6TK6ebVsxw&key=AIzaSyB_RPF64RaB3lypfA6VvXil87xSttgcUNY
Dillon Recreation Complex,901 East Alosta Avenue,Azusa,CA,91702,34.1315029,-117.8874149,https://maps.googleapis.com/maps/api/place/photo?maxwidth=800&photo_reference=AXQCQNTPq_AGJ75f2biwZwAhv_aJGuaT1Fqv94MbNylDRRTKymgmpQt0PfRqPtCvX03gUM6stpw48K88Io5dFM90_Ia0pbcxDz0AxgrwuhMkmD1Vde1Ir1jOGLhK9htY_lYVRG-xy7DCK1GEjTIcS5FUQ47wyONB-R04aPiIZyhOF6x_97erGQ6-YDJf5b1NQ6R8KLfFJY6JnH-tbcQw-LptUHl48nxDhvXi0Jtd-tPEildEduwINbAIQXLCjCLq5TrIO8EzTynAaXd8o3SvXbP-WLzy6dgTvkD47Z_7enbgP62xW02Cx4c5Ytl2DzBQUuJfU7h5FhpTl3_zoHgg2utQlAOnSrKjHOqicW1vSlKELczS3LGZCdovkdT25iuAKyfaNT-ph-rkm2LvbskSMPMwdEQ6Ch3jplv6yt6CegTHiOTROA6DuZup9PYvPXMxdL6rFB6teuBGmOuyyjkRF6T7MQpBBtuk9cchVbxAjp0rOHEJRu8ge-gS5XkWW25TkOfRyzksY9FA7jqXghPHOaDb7vNv12RfKwkv0_i860orcUnU3G7cSK6iEGmIHDxKP-C9uZsCycBCaEUcXr5UXUgDQbwB7lAXB7E_2Tx7KTs6poKpMJkiEVZVV3HyAOXrUFt8_xnmKw&key=AIzaSyB_RPF64RaB3lypfA6VvXil87xSttgcUNY
Liberty Park,13016 Amethyst Road,Victorville,CA,92392,34.4873096,-117.364302,https://maps.googleapis.com/maps/api/place/photo?maxwidth=800&photo_reference=AXQCQNTD9t5hOzX8AZkyhtZhfNYGMwS68n1bKG7aIBbw_Rz-wwj1Amxfj8nRS7kDCm_Sma3Bfyt9M1y5E7e6CQggRY4St5iOA12n--FE1xlt24xCia3Vh-d-AXdOdcgCVNRk-HaMENB8ipFY7TOyllSNLg67sISgBOY2fTD6KBBD9_dkdPr4XYP4AkDu-1zsKKzq39NeIBmfGaOfAU9AK2vQYxewrJxksh-MxGlQjgD2ZT9XBWtUfXDuZxFadC3xqQkY25BrmXsnr9oqPOI11iG2k98574MHaaA9hwuX22s0Ycimhpb5ZdzYWYOEal1Vk1XYskrFj8FKPXMLmn0OBFRPnY0w33Rtc2vYzIanOe9zJGK5y5q-mLDltqGVEnxjxZrzcxUsbLBwOwm1wwGdo6UHSB1moZYCo61bjQ7hyaqTrWkd81jHnnpLmkrJrtqQJubItEmgNbCDJMjoLk0rKO5xAxIi04X5zoQXBamlH_ux3nlocJmuGKWPQktUNgfB2Hy66VuFZPrcjydU2HdHZAr2OKMYH5fO0grQ3xQ1JOcZ3BSE1JP8rTpSWcjJzugOmw9s-ZVZlgHpJPdhwtLEzq-aSjKeI1PsHK_sP9edwmPTzR978qXAHkO_7FGs4p3AGHo1CxYzqA&key=AIzaSyB_RPF64RaB3lypfA6VvXil87xSttgcUNY
Kahler Russell Park,735 North Glendora Avenue,Covina,CA,91724,34.0931415,-117.8653598,https://maps.googleapis.com/maps/api/place/photo?maxwidth=800&photo_reference=AXQCQNTaP4O-3HzZytwOIKWB9nooNrBRcY0q7EYZ--BdWE9Dkx_1WhK7UTk2AmbNa4ScUEZ68BLgnemYGDDhr7tS6x4w1DQTcFAY8bT_hT8hXwVyHtYPZlvsvDjw8aEQd56GbRKMKFGA__4BNS0Kkw8fXYkIXycdJOd1drbWA3eK0_VCUliPulDK3x0zP8KY6_iERZi6ELR23vOmHFwtBxZzlCGYLl-CYa9Qyx5vBH3QI_RPcmWwk_rnJD2BcX5DHYHL-BphLHeSIcJ297nVlaXMFGi-v-9XDGMWnMn4XxNpp1qjPQj2ARsRdtxY0877Fswpe_P1Vi8T8hqZq1q2NLls0dVlKn5yGKf5zUp93c3Js89mQzuw2iIEkDfxkP42VVCJIfcyLcUcGGuIhHnqN9yWV0pZqSsUVhGlKY7Y3gXICWuPI151nWz4LBroWLoEKmXu4sUEJ2h8Svu2xFPmVC6QEtZh51dewCLARwk8hjZmp9c0_3yMVeTx69bBgdHUdQaA2yfjFwkGQ3AVGk51RJkukUN4FDUIXkBXHyFkHTDkyZlumSEqsGVvPnvAs8sSKWtRpxqO0-iL1K2WAgw8zOc-OHlnHCrznkfX8FEVz8ZP8AOTPkmFrKDvvVvF65dkYYWMNBWSZg&key=AIzaSyB_RPF64RaB3lypfA6VvXil87xSttgcUNY
Rancho Cucamonga Sports Center,8303 Rochester Avenue,Rancho Cucamonga,CA,91730,34.1029308,-117.5432059,https://maps.googleapis.com/maps/api/place/photo?maxwidth=800&photo_reference=AXQCQNQCif6wdoceDJDkly6t1Uuu7UxZB6eevSesHCbrYYfP9B9G8KmKpM8E4y7rVZ1arLzSLYIY0h36-Vsr8xDo8vskl9GVZRW6elySyTuY1r3u0JNU2vdnenalb-HJJdfx6kvpB48-xJmxfyurMy_gooFlwlYbGJPz5q0wfMXFJrh-Jw9GmXG-ihOt424zzxzDHENkjegRITYMLl1uaNc7iGJmTGnwuaWISILu43MxtHmBw-Gqq3uCXEzyx9LpALHkhhDGEzAFDsc0HWdZefnmyGHBNhFvQwBgzxVp1Rcz7Lc3weST8QlYBUPeG2puK2IvHetZLmq1gz20yRuMbMtU91DrPhfChXPxk1jPSPjvKH8iy_zOz6O52UM4xalVmUgN-d3JkB_jEDDKDTc1M3ku2ICXiVs32pem7skUVl-zwoZDwEhemwnv7nN_5kkiSW-KvIY9BzlFtuERB8zNTpVrG5IB_pf1JhmmjyPOVTrzGGpmLd2o5awi12bjEa0sXR5Aq7xh-paE8AaV77AOUbPWzjKfZx8P1JZwzsf1DmzCarJmoUnvZuR8EJxHOKd5EJChRPu9b3LkJ-pURuJRXzJR4MZEXatgf6TxBiFVadjoqCwTtUZplx-Ac5UV4wiA708bPJC6XQ&key=AIzaSyB_RPF64RaB3lypfA6VvXil87xSttgcUNY
Geltennis Court,432 East Payson Street,San Dimas,CA,91773,34.1118343,-117.7989078,
Epicentre,17508 Hercules Street,Hesperia,CA,92345,34.431723,-117.281379,https://maps.googleapis.com/maps/api/place/photo?maxwidth=800&photo_reference=AXQCQNRvQNQ43bi_rDZTwo11NwMtNhYTOyo0TEky-hRDTyR1GxDQyzMC9Yd8QGRYnDjeJ5Js6EbPeLsWuwoPKt3cKHq28wqhB3nOSrEcfoghq5XpWxNZ2cgTdxAgZnK1ze3mXUFH9RtrMP6h6jlieI35uHM7-d8NjgajF1JmtA96zen2TdOx8TQvXYUob5ZLZVdWN-5GPz0iT8kmRrvAwBu31xGOD3ZiYNaNH84oT4vbysFlqASbaJ1La9rZ-0D1rV47h2jDW5KtYPgxQGClPFncgK8BpaHUkhbSZC3Ei8eZkHeILkkgBbEwnWhytI7yoxllmOCX8ol3j_Y&key=AIzaSyB_RPF64RaB3lypfA6VvXil87xSttgcUNY
Balballa Court,477 East Bonita Avenue,San Dimas,CA,91773,34.1073974,-117.7985017,
Alec Fergusson Park,2395 West Sunrise Drive,Rialto,CA,92377,34.1595351,-117.4210697,https://maps.googleapis.com/maps/api/place/photo?maxwidth=800&photo_reference=AXQCQNSfj8Rvl-zFR-K-miCr3R7XR3K8BBkcssBa1B8LyPyy7vda_I15j5crjnOYLQXIMZf98mSRVuDtKBd9mtmEL0NreHfgBpCse6B2T64HUqA3oQSkacDT6_G4uIUaB1F2lRkTS3ceyUtpx_591PQegSabMO9ELPorOVajmn8pPLq4z6cB17KV8NTq-kqwCyW_R2Mc7Q-t4Qj7vCtB4FTvoCxbulaTKZ1eqQJ9XicP6dr9Kuk2T3tNydGdNONu91plTfCi8eaWd-53PdknHaNitKN891utQ624nZW4Owl2XdjTrX8ec2WDKfJPHDVA7PyZEPtQA329tzM37jQqLYhejPrmcM6_hUIePKDYAegvsQTnAlLaBy6SkCXl0YiSDsEnKKQ_nPVSs_nUXDb6ZE-WHIO5DPi5cgQkuWw2c6rewx0VtIKRtnMGpwVYdf6q1Pn_KON2eMtGdusnDruyw2ZpLSvBiB4I9boHxIY6FOk1LnEfhzS2TvBtiQ4Qv4C2_I6CXXF9pDMKFOIWVLoB37N_2IyQm3xKUPe7-ijnMtANnBDuX5y3NnFfFKxDDhgNgpgzKHJH7xK9QpLGrK1rNu0rxwRia6YObNiS9HR3jFJVPhNBOIFyLvrgP5qII4M8M5WeUkMHdg&key=AIzaSyB_RPF64RaB3lypfA6VvXil87xSttgcUNY
Chino Rancho Park,5325 Phillips Boulevard,Chino,CA,91710,34.0467922,-117.6888978,https://maps.googleapis.com/maps/api/place/photo?maxwidth=800&photo_reference=AXQCQNR33lS-onKhFey2wMl3E8DGnVEqKpsLQmUCK5rkMoUuxzbTCoUAaAgmY6iNYkgo0XHDxlTjpm33Dt0koNz8mpK0EEbd_22A7tyn00n22YJjxRi-U3FX9zDxael54itY83jYIIi-5frUluIq-p35yUh7pl0pQsrRYF8wv6WLyEE07OKbNMyWFsClEnC3CZawX2HJnmI9hBNGVnDe58yGxU7GA95-i5DmVPmeQa-gj07v7q1gYLK0CaTYOW1gpmIcHvtvoDreLNVacuaqS2tbof6VtW0WP5sHD0lDHt9QUgHSp50MDYAqpI3bTxqhXh3YkU-4_DUmpEO4SkS2WUUxIzFYyMpBaITAt2xJKirlgxxoVl87WOKOeWoN34tHF4gygPF_rI3SXcb5zmiP_ptdwcRQO6-KfaDycGhDudTU79YkiXAmBbrf271laekVfVE50lJazlq2gzeRT6Iatq9loC0H1Hh64k_hlIFtfY1zCVjhsVechGoatUFhwpkHSqRAMSI0deWFe7poJclLacy8zp4ab8KnkxI-QJgtapFugRFW42JoKIYOQ1kr2OGJjqNjYkSK_WiVYqAnZXYNmTCzYw1zBXwk1dQ-5GSI12fCXX0jntnCpMypcZmarFKhAfic&key=AIzaSyB_RPF64RaB3lypfA6VvXil87xSttgcUNY
Azusa Pacific University Tennis court,,Azusa,CA,91702,34.1350698,-117.8985927,https://maps.googleapis.com/maps/api/place/photo?maxwidth=800&photo_reference=AXQCQNQOyVZzMWTUtrtFtMBuYYUXIyzTwcPkeluTF3Mh2jk3cHUipnmq16ADcIjf_hucocJ1jJHG-WhdEGXs6wYXPXWoEHUGNJ1VMvD8JFAYqts2oRmAj8cqT5QK-qLRm4wYDSqih7GB7XCG3kxQFeCaRBqq4K3xTrHYWhUyTzzSkXSJrJkwauBof7ctw6UBwHsLS438K4ZgLri6_Of_uXWODPuTqcGwhJDr7VO-sYP3NL53xQq1tq5eKt_QiWejKrBsF4vLd0BRQ0HkbUzeYLwp2yyLYXjUUjXCIxT-vs2MUxnZlcS7Hm38qtNc2rKOvdxtday7I59XydEflkg9xFuGF10Odmmn9DlTrD06l9asY8g3uYfFLTQBOtkjC3XbourR9xfM8avSaBpSX5rwDCmSRFi5kqW8NgdCCqu5O_GwPZKsr89TMWYP1p2bSOT3k8Wsu2ehnB0NcoRtm7Q88H3i9FAvxhpd4bfce6YNfD1amQmHLpUip6P8HfnjokGQGAhdYAIeTS2Qb62CVlS4y_gPd2CNIZGFBwmZ2CWAS_aQHR5--Drl1r9ZR9k76C12txGavIbmH0HUa6QhYxED3LwLCmenSGWXKxj8JCf_WEl2mfhMJrBGMzfwUskXEbrWSO2zVJ-hXA&key=AIzaSyB_RPF64RaB3lypfA6VvXil87xSttgcUNY
Sport Court of Southern California,21 West Easy Street,Simi Valley,CA,93065,34.278607,-118.797133,https://maps.googleapis.com/maps/api/place/photo?maxwidth=800&photo_reference=AXQCQNQ7WK2xNI8qgjhZCADXVCQblAimYxthML-aKwDrKCKTg3qhuHQG4wAfw8RMNIEt5b4PyrLrjcz1WVzKS_A__JbORpAcePfL62GJ-ryydjRsYce_bPHA8O4hWFGhI2NHVD9uFO-0QdbsXVzbrV6aUNuhOiz-4gUIk9WUzp5el64YEG7ZCwR5YSF8BPoPTHKTDze45qGYVJMYbcGdOwyGd9MQDKGAHMcFZf6mL00NV17wKybY91firf6m6dL2DXLDy99z2JuxptyiVwSNrpP6z3iHLJPpZwFj50KDgag27JCVxfWs-T7GZawOT4_b8MEeI8zPrLEsnPo&key=AIzaSyB_RPF64RaB3lypfA6VvXil87xSttgcUNY
Tennis | Ojai Recreation Dept,510 Park Road,Ojai,CA,93023,34.4522348,-119.236801,
Dog Park - Camino Real,3972 Dean Drive,Ventura,CA,93003,34.2665111,-119.2378955,https://maps.googleapis.com/maps/api/place/photo?maxwidth=800&photo_reference=AXQCQNRtX933-P8hhPcI7KJQ3E3PvsOYVTzrZojGuPjifXlKP53nL-QNq1Y8HATgR7Aoowu89ft1FICkOFFH4v_gz48oCTOChkCIczWMcarCxAOa6BrifRBHs3V0BEXaVhgzUR4BYMGIvBtBapnk7sToIStWltiT5PFMg75OlZv-g3Fffk79ZKaBeq-dNuSwVvd4WctmTnJRJcRQPbtZP3dcuY-Sznl-_k6pn-s1WdSTWEPoF8IcPtQPcx0jDK8w26aQXUzxPds5GUZcstJAG5GES-DF34MgBC0pq-ZDje0svngP99bQswZLkt_3ANHPZAk1k16kx-zU4by_dOPdXkkID0OkF9Z6wIANFA4m-bOk1cPMhkGnbhI0GBfAVjuwLJg76hRYeFjwnRHQ_qCTVL0sgUnVBjMJfFOMKLt9gXUC3LDlJC0-j_EKNWi4Ou4KnJd2lviG3zwe29zkJEzg2035YDma9nz1ge5OE7qRvIezh6q-LKvcElnyA5fnmc5oMTfG3Sa10wmxyNekQkrM69Ep7JXbfLV-fl1hPwm2FTCateJeB5gKBuyUS9nrYUyfpaDPciniRB4XrFGwSI5-7tWX7eDOkvrdKQUNpVzqx_PnAv7DRsiMN9WT03d9K4scelw_&key=AIzaSyB_RPF64RaB3lypfA6VvXil87xSttgcUNY
Kildee Tennis Courts,1156 Eston Street,Camarillo,CA,93010,34.2289743,-119.0280904,
Ojai Valley Athletic Club,409 Fox Street,Ojai,CA,93023,34.4444914,-119.2412418,https://maps.googleapis.com/maps/api/place/photo?maxwidth=800&photo_reference=AXQCQNRA5VI56lw94kdJllNTOcJ1NzLJdJtjATiTjVmgLigjbMicLDee2izHc6zzbPzI552bX1nm1OMiWNGadpP45Iuh4VtZVS1sZvKnPusutw97wAwZf8E3kH2bYgWoJ9HGBLtutdlUwNTWdP9VL4IBeE6p0CvBODiz1EiE_X-aVvlMI3gz78nvCilsGtZiNu27w7a0E6w94oxfE4Q5-y_ov-E_REhRr-56TSRiG9k914GTCwiz3FS83UcxUVs_YQrCUXTEAwbY5z3OygGcr_zNQ49zp9EbHIVUGBGF0CWggMaWCUzCtxkHnoq0IypKNUhysLYCKLCz_WQ&key=AIzaSyB_RPF64RaB3lypfA6VvXil87xSttgcUNY
Las Posas Country Club,955 Fairway Drive,Camarillo,CA,93010,34.2505843,-119.0715997,https://maps.googleapis.com/maps/api/place/photo?maxwidth=800&photo_reference=AXQCQNTNSukuZ04kemmZ6um1xTwCmalJoDVeQ6BkwnfxZtvApbFQiKWNotK2Z6rIVYyZSlCWRXfFFaoDi7Iwx079-J-c9RBrmeo1TSmRNBlPyPHZjpbfM0_D69uuI5ZGntgPK90b8fC_OGZ_rM9DJJHpcX4gJjxlMC7gSNmJAcJff7h0AIriICGhd5qt9Oo5mtHW-zSRcXEg7Ud4YMUfWj5c_zvH02LgRhmcwo9xVNP45DUCuNl3AekkqOZ4yoDHcpzyd6Fjrewog6TaaNHaVyWzff5HcWOTsZhAtF1RzSRKOpZ9aYN2d2cfR5jR3o2lWpxAoH_PgfRYDVCqAfPguoaiJCorEsaRNxY09Lg2dkWbAFqEHI-KIdW8cBp6Bo_4gW4FuKTDemRxnwBGTDQ0Z-yuq_d-rPa4JM5q3MvotY0W8WKfZ-8-lSOFwWd52C_mdz-Lquat8uYeJpiA0bxGOIsV6-meJqKNhu9D4GgEmAtni1u2jLmnYCNy3GYOoFjL0saXpw5WNS9Pk6VPu6OmWU3kdop6IU0upr7qh-FFRLF-9i7Mx-XgAuI_ztJ9vvRgaFxSHpVyVnrY2GbXV9XdYtp9d-7kf146QHkN5CSnfbWWrWtnDly3_tdbiz-3_jy6X3ywFdowHA&key=AIzaSyB_RPF64RaB3lypfA6VvXil87xSttgcUNY
Moorpark College Tennis Courts,7075 Campus Road,Moorpark,CA,93021,34.298768,-118.838013,
West Creek Park,24247 Village Circle Drive,Santa Clarita,CA,91354,34.4560732,-118.5595318,https://maps.googleapis.com/maps/api/place/photo?maxwidth=800&photo_reference=AXQCQNQdPLzZpenc39PG6iKmf-wIw4UYK-627xHZbJg87SNfr5-6Gn6u7A9NkxT0h4MX6izDmz_lrLDiZonosbvfZ5DN3LMEiZ_kya1FQLXIhoKHOfoT0gwkqhwPSgRugIF_WHsXwuq9-OMMX0NgrVc9iTzbggqdsM7fbKXP3nbcyQAtP6PDJJHvjbRtsI4lK9qo7oqNWG_i2N_JXyjaY625sHDAu5yKN5lDfu7KnqbPX0LE84JL1psZBNM8wZp91kGpT2iuhUi8UbeZs5kdgmzHyXjeay7XXldq_Xi7kG10jMJXU-xNRTfdeG6cHstksJUDWxrgbIBIJyNAporz-tqDbZi5MXp85-l8UKDYSy1ASqJK1gGsMNmEDH-XmSvwpUVU6BRsoz4zPrLRi9kQaqLKHEn3KOHUpCvpFmqWEVEnjJcVExv_fpsW6ZBbl6tQOSFbxmVvjj4RsTZR3PjLEr1b_67yS1HAkStRiQHTyWeG6_xuXOlunoJurHBlAzs5nPY1dcQT3J7T3EEI69WobP5hMibokRAYw6wbuwp2LZf416bvAjVjrtlj3AznsbICUq77Umdp3mgoX26sRAjwad4nXXZ1ZypQmgVW3VZK1XXr0R6kuTS-u_bIR6isqJ6xz1T9_yRqz51u&key=AIzaSyB_RPF64RaB3lypfA6VvXil87xSttgcUNY
Mason Park,10500 Mason Avenue,Los Angeles,CA,91311,34.2614245,-118.5789238,https://maps.googleapis.com/maps/api/place/photo?maxwidth=800&photo_reference=AXQCQNTQiQ1hxjyYSM5_53_X-bz9kQxlOf76h3QS4QWGTtDsroVUgffLjfSP6zrekKvaL6PVkRVFfspcLVNVZLGtnrQPn0kcDgSpFZKfTRLs2IZu38RDN3yQHVLHBoi__h3MUYDuKEebYQ9qJSbeqQKponJYSzXZtRzuFni0GzbmfOIK9AqTeysJ69v3Nt1jHnJd04xHpSZCHnJdVLVTEah4IXxK0m5V6qJ9Nf3BsZcA3SVW3Z-yX44ZyRxhYGRbBfgi0ugBUNOQl0fLeUNhUwb9yygfdC8y-3O2PlEqbeHzhBPlbhfVP9y5rZrpO4EAaiuCPZOssxOvqiZ2ZSIFJrSLDFMdPLa-pDSEAA7oRbEcIrc2B6SGnO8aQVNOXpt-KbZyrS8Xu1Kp4LKV6mP9sjVSOCSjwHW5QDSFjzH_BU5F0Dq-8dqMuMSQYLjBs4xSNaqdFWHVqOOtB-yJQc6x_eRuosV538bNiO6IO8RIDnquzHaBiCzVr-d2fZ9t34uyWfDr9hLZImE1lmKgAcJQG7XGrGA1hFimzozMRMt_kPRBKpVyfbcNB3DJuy8VQIISGhITYxN20F3gUAe5ctMDEhfnwmb8n7dFXTOi34bTts7xYs0__dZXJXqqQQ4bFRTcsDXqmrxctw&key=AIzaSyB_RPF64RaB3lypfA6VvXil87xSttgcUNY
Northridge Recreation Center,18300 Lemarsh Street,Los Angeles,CA,91324,34.2551763,-118.5324913,https://maps.googleapis.com/maps/api/place/photo?maxwidth=800&photo_reference=AXQCQNRrugVAwPI0AgBO1UFMleGoyxVNXds13AKyRcxlxG0nZNdbM4jAQn48FjemjkQanIH_chOMh6CUR-xj7vksOXKXnHdmp-tOUBXxC-yd_Jf_KXMBVHVuMnlLLBZVy9YWiHY36g_3rUpRZ9veTqSc_yg0-u6d-0faeA3XQtOzc4VD7IVCoZ_j8VZ59op0zr-z2qK3XepvXPAb3XJqFmBI3K7a09C-J_lz0paiRAAAtssK4I5eoF7LgiPIz0YT6P8BS65058e1_Asty_FUYVQpEJsOJVJSDvr5Ln9RhAXX5q4IiY4FUXl7tUHGsLVY4tvkl8NWStoKVtmiLJrWirsQIP71VoE2C5zYEEtojTLM1QbzeYSG6xiDQoNKkON9NqcaJzcIfTXsXhDxEkSH7FRBN8ARwo8M0tDNCGi-WqJRbSAYHWnTBXuL-njRq7Lihc-I_pXYBOiVgAqfnava9cRBn4ZXZ7eH342UakEyQ99w7MAM3MJAvUY-Ei7idV-xFyvSLuej31rOTgqIz9woa9PD95SflluxP1W3vJZ7n3tpZpD6PqMqXrM-3d7O1SK8qKHXVczs7dNkOnPVl0WO4iCe83vzlEpWV2vJICsyuvtfv2KX92Lqwyb2fy7yqI7m8OTjwP51gw&key=AIzaSyB_RPF64RaB3lypfA6VvXil87xSttgcUNY
Chatsworth Oaks Park,9301 Valley Circle Boulevard,Los Angeles,CA,91311,34.2398955,-118.6290485,https://maps.googleapis.com/maps/api/place/photo?maxwidth=800&photo_reference=AXQCQNTT5MpjfdEGNI2vwDtjemIT_N8g15ySBbAG0gvjdiVwAfVjJafxdCV5ltipO5WdmkX-3WpGiJ9E-ejU4FUNf-Arx4HwBscxODX1SwGs-9PlBrhCJANhA3bg307Q-qtFpd8tPDaYiX58OV67IWas6qDvRn4j5YURB9kbL-2f2jMbiz7ra4RtIQq6Ve-LN0e7tzGinWqlficNQNLUF3vkzH_s3SHWZjC1Fm7SviVj6ULHeunS5XomI1G4a2bapp-oPYwTDBZTO0wZHVS3Gp2lLJa_YMaijdSVZ80jhmT4N6Fk2-XGoNFYmEP_YIEcgVvn3XqdMmI1dxDHn-wHJahn77k9AqM5Qx2XxZjTE-2kGfLziILwnIeaMnk6C3d1FEzzH6XbrFfXMvu43P_bL4YtzEspFlnRomK4CYruJe7yB7p8H4-gonI3zRK4ePF4lO0hbJ_8SIsxz1K5xlGjvY6ToeP_nBNQrtMzL2ljbzZFQxRyd0kHpUZXppXIBD2NBe0tG18FyGLbRazcalH-zSwdpBaU0mzP78km266UVVyBHRxvNrwRQps2RwQmj3ECcUQZyhetYu43iY6MKWvSPpgZGIsTnwTgosh9cfC6vsq8LhioDvf0a7Qxq14lSBtM8Sy2fifbig&key=AIzaSyB_RPF64RaB3lypfA6VvXil87xSttgcUNY
Woodlands Tennis Courts,27018 Mirasol Street,Santa Clarita,CA,91355,34.4109722,-118.5654791,
Valencia Heritage Park Tennis Courts,24018 Park Lane,Santa Clarita,CA,91354,34.4330407,-118.5574298,https://maps.googleapis.com/maps/api/place/photo?maxwidth=800&photo_reference=AXQCQNTpsvxk4-RtGOHvd63sS5zCnclRWx3UFllmSWCuBhjLqENUDTiTAzSlkMIswLvIaTiEpUurg6bbOp0agRbhA7HftJQCA0eVy9gnbVJj9G08H9yg_Cb5c5ZNV1HHj0Ws8ooSTGXfXCwTVa_7qT5QzlyrpZYL348KU9xTvQFP3TtEqTgnID01w2q1X0XdSMKprLWnc4CiRbgqjQxr9CGjtjtcXKTyprGWCkfv6Rkpat3kQ6h1G5g37OoEmleQj1c169u8CDqpGrnIZr8v01CW0LR3xiaKfCF5ZaT-vOSb6jrU8-UIyCDSGIBsJ1jff5PI8d7FH5MQdE0QYsMUbyuFmEIFdYNKHU3p5nuRhexZ4f_GisIG2UEK5R4OUacxxuoAqc62dONQG1h6Zi66hZXjkZtLIwWzlaXy1dO4WdteCmQ89RaUu4b-CCJW9Kf7el7rC7rWp1_MKlWzaccpNeefE4-Oh6mbRETwojCgyE-r9JPa91H7sWZQGvZXPzYRpYSfkWbFZG3TrjqI7-nI6bywA0coG9HRxlvg4NFddUdCBiBF88p3HxYmMkX8xOmWBCWXkgI9T80tr6pNLrwKtXN5AR_nLT4lX-qYDC6JAevcVNL_uTWhMmH5Bd0GeiSxly8T&key=AIzaSyB_RPF64RaB3lypfA6VvXil87xSttgcUNY
Student Housing - Basketball Court,17950 Lassen Street,Los Angeles,CA,91330,34.2488524,-118.5255293,https://maps.googleapis.com/maps/api/place/photo?maxwidth=800&photo_reference=AXQCQNQFsR5bLcRA9qWgebm_nF4LamcbdjeM_08G4ejlOIlQ7aC-L83TP-k4jXCx_VH_kxNYvZ_rV67t2KvGHbMU0gSbExnYep2yRIRUKbhzHo5Gdj0JSDqdtnWJSpwPaRE2vE6dd2mxavDya3YEa2YW0VcChmiDFOPJ6ijIACT50U07Lcv0GVzSobhTQX8bP_Gy2ozCt9YjoZ8hBqkT_wgD0WvfVqNxjboW2GBWN6JmfbbaRzgmRP2-CmrZhJqv0ecZG52Uw3zyHO9w2CR4R33MNFrX_vo1swpSLE_EpFKUxKrHyQ6nmocpeWsL9mnE6FAGNe8wmpf3NtIYHgNiAFJKqTwI1bVisKaWm0MnkXDCVOjcE3csSEXE3lzItQFHw-9ClOqnldaS3V_CMHdzOZPCftnGLpbfxTxlICpWXpV7V4lf8Gu6n0KkhgqLt6-i-dM5ft3pCwjy4cOmtV0zKsZNzAPBBLeIGOyXh1eUfFkirSiQra204h6Ekpm1OxEk1j4cmhn4SHK8hcJ5nU9rhas2C830xAKGAKz22Cbfi1BQad6czqlY6yXeuW2qmMSHs33Rxd-2ImWnAo0TtwkghWM4j4jAqWtUhSaQD32XB1E6QRzlSFPPuMwztRZj-Xezjflq64yW6xz7&key=AIzaSyB_RPF64RaB3lypfA6VvXil87xSttgcUNY
Holleigh Bernson Memorial Park - Basketball Courts,20074 Sesnon Boulevard,Los Angeles,CA,91326,34.2930699,-118.5703225,https://maps.googleapis.com/maps/api/place/photo?maxwidth=800&photo_reference=AXQCQNTEbchffRN-9j--3tchdFQ8geNiu_ZRx9ZHg_4CeGI-zh2449SXDSHc7J28MvDjdqS2O95k6nY7zwhWGyzQ6p-IG_-yVLyZ5Xszf4KhDg4FtaZH1v4Nc4S07BLYXgRhzrOwtDlJl6QtgsaveXiOeyFdyHeRmSVluxXJ8qwI1yIKSbbBtz31y4ke0CCMF9iwTMnTwBmc45rXcnB_RFiBqeV7_Q0RzklaP-v5TV0RkRvCDmgvcisUYBA1JDmNqt8Nt9vqTzOWTU7spSd164m_akujdT3AMrV8qD_fASlnJ5QEQP2mNZ9aBmRRA2-YluofSGtA1zY2KaQhN5L_-9en0soxXmvSb2Z_KJyYiToiId0o3xqVw7dB7TGioyK3RPqHlax7l96Il6o_E0zYY36p3b085yU5H4QuAIBZf-AZ-gfduzpOHgHI91S4y8UEaUW67Yo2dxdQolc6hOJO8Kl50veqJPdLrWV9fKQh6iKsVAScoZFZw_6IgG5wG-MiptJyl-GgTK66wxVIkSnusV8rC9ENTFmRsLBo4XahCBQ1ft9miFEE0I99XDjdnSa4fnoa6XorJlaoNeRam7M2w25FjBYcTEO9jqvrcUPEdssJtYRRlNVbqiqiPBH9W4QDNyn-sCFjbw&key=AIzaSyB_RPF64RaB3lypfA6VvXil87xSttgcUNY
Cougar Cage,26455 Rockwell Canyon Road,Santa Clarita,CA,91355,34.4053373,-118.5696301,
Student Recreation Center,18111 Matador Road,Los Angeles,CA,91330,34.2398769,-118.5249206,https://maps.googleapis.com/maps/api/place/photo?maxwidth=800&photo_reference=AXQCQNRPdqJWyvdT-ALgDKP0z1OzqTfenc-Uxf9Iw_e46vPCDgIVvO6DSNl6l2Jg2FcAQlTOmk4ZEewGQ8an4l5O-1v-WMSw2AkgTvrnFwjmH4IigxZm1qeAYIue8pdTI_p6JVSjC0EYTXUjo7SP-_nCmKwnlT6IYcgosv58Cf-Z3Jvq6INfNeAAHauVwebkRFwmoRG-iG3sHUMPeQCKt1b34G_PN1tsYPmgR7Su9W2vgJSeliWURsSwHS9b-VP39cE1BKvtoxFxm8R1buRc2nNp6d5_h9y-TS-3nlPo6KtSKQCCazuY6lkBU5IPIoF6AaOd-aAXrtvUuZRnnDo2Oi9WxuiZK80AyUZPiiEOHUAph_9xANF-bftqdoyYDkcmwJrRuQB6DzKOu_fF05l-vrAxUPaGcL7dBScXrKY1mmhLOam5eNBWmQvnmX5erZCK5CzbIAr_LKAh-K82O614AEJzvqiofmDzPZ7NSgsV3W4cWCysUh8VDxKYCT37-DblExLliNN1fd2nao1yeMMd0Lfb6qC7D-Xxd2LVYHwYfGuyG7athEKbJJ03tI1SDGbOigl8OBCS_gKdAGOMXGPc-WHECNtipWP94anSFhrMqN5fzasulE7e5eL4Sj8ObWfN2nf_WbvvMGQB&key=AIzaSyB_RPF64RaB3lypfA6VvXil87xSttgcUNY
Hart Tennis Courts,Arcadia Street,Santa Clarita,CA,91321,34.3834051,-118.5386405,
El Cariso Community Regional Park,13100 Hubbard Street,Los Angeles,CA,91342,34.3172422,-118.4167512,https://maps.googleapis.com/maps/api/place/photo?maxwidth=800&photo_reference=AXQCQNTWd-1lc84MG31O0CZfZtn0gOwttdmnL_1vMjNZv4IMaDQskEYqJLqymNmKKeEyx4aBo5S82yclAO-jUFGb-GcmBe-wFe6yOvcPeuKW_7tunTU5Je1-uF2RGMWDCd1uM-smJ-FuH3y9hUboyYTU6mZliWZm-URO7qbm6PgbAwdFNqldwqdKyWcutypnAcUo_QP15V0Omd7anD26RuUh0N0V0Tf6Tj7SBA1kSESUn7ML6guV6FzblwCQa8cH2rhmaf-PObzGF6Z0iSPUIOOy4bRJVgBzV7ZLr57FqA7ehY2AB6ryCGCffyPayM3AzGvAK7-wSDhtgITkzMJRJYFW6xfDE2gWZEShwJ_WgtYsWirPz3rcgbxVDpZAv6D2Ostm4zriw65fI7CJgy2f5w7q2aVXToQqlqThViZBKpiWFq8hvYevq-e0XU6rrlOsb5Gywzz-7-9ZmhKZoXTI5Bh3jqg_EJ39Qn3hKdjm0DgBUZqmjDDAuZ0SXkQvyO8DHtXZ2CRTUaHlZqF0SvlFUMy4dln48fflA-4vRbJTfuJfe-0Ev4cPlGQ-3pGkcJWt5A1RnnGqdTAIkJURQsFELT5zXZVzp26z-Bto_b_rXKP_ZuuXYzaSAUxiS64NabUk2jYvO4egyGZ6&key=AIzaSyB_RPF64RaB3lypfA6VvXil87xSttgcUNY
Tennis Courts at Valencia Glen,23622 Vía Valer,Santa Clarita,CA,91355,34.3951137,-118.5477946,https://maps.googleapis.com/maps/api/place/photo?maxwidth=800&photo_reference=AXQCQNTamcFhTt8hm8ZEC_W6WqXl-5gv6Or1e4RRV-D5zbBzFM1hkSnk0Yb8lhT9ok2PIxCwYYZ8VqSo8bu51PyjegbPtcz0vvQu1GkpmQ4J08WKdu2CeZjz_eMilX3FNiYXDE8z4GbH14_mytKG904bWlnw0SldzisW0cL6U6i_D-XBHMKbB22lmdoP6zHPsPxuni6wFEDkNhv1KzTI00L6QeExwaJmQ7sdinNqtKSK2fiR_-INbZUkQQcBzGTotQi0VkCtWUWG8MbsI1QwaBvsHI-yOfXWSwuvXQp57XTKxHezcIMOAwYo0RXn6eehJ6DSM3C8QA4TxWuyaztucrSqcn8dmR0wrrwjpE5e9N8dZKiZeyWaB5RNBcic30MLLnK5KTRtE7MUFCaJ5ChhvQvOJG8mAI3wvmRfZxD0Vde-ej63CYxOAeph9jvg3hdI65Pb_M5_cu3uDRMK3MsNuZTZ5VnElGnWsFEgw2_FK4iOcWprthYTcwh4Gh4_gg-e2bzti--nzRNNhLFGNUpPirZtSw8ItR2EYJ6z12LT49I2unsB6iInxel4jtxhfb-wp0rP20j2vvSXCQL9FHkVait3jawIuA4t5VmAkksTuT1-AjTdcu9Mt9RoSc1aC2yzZEkPnJoTbg&key=AIzaSyB_RPF64RaB3lypfA6VvXil87xSttgcUNY
Neighborhood Junior Tennis Program,13100 Hubbard Street,Los Angeles,CA,91342,34.317455,-118.417827,https://maps.googleapis.com/maps/api/place/photo?maxwidth=800&photo_reference=AXQCQNSquzb_c1y3u3hku07mc0iDYqbSBEaJza0uRJOJO2ksu3nUCJnYjoqT0dJRoznORcr54fvJzGGeFSdKhKgPTZcLP-dVqrggZVxhdEBtkDHfrOxFWGqkWSp7grSX-6ysP9H9c7CUO472Ol_gGY26h3DHKWe-WI7mXgLbvAJ7uXVqXjPD5uuQnMcsagxnSBsTM92I7MrwkNw-Q-D7IxzEt-C8DsfCn_CXSumpwruhGgyLUWUEmglZWfhl3K16YDsWdFLGcrjS7IkGClMhauTFFqIv5KKKV186bGMJxoFLEXI8X7O0HHEJiXYCScHRfqk_8aMC1qEhu0s&key=AIzaSyB_RPF64RaB3lypfA6VvXil87xSttgcUNY
Canyon Country Park,17615 Soledad Canyon Road,Santa Clarita,CA,91387,34.4183584,-118.4418033,https://maps.googleapis.com/maps/api/place/photo?maxwidth=800&photo_reference=AXQCQNSky1KdHzM4eduNhDfw5jE9Mj_u1Lcrj8rAAwBoksWmN7ZvT33K9ftovQURJGxqaAvcHs85TTT0ZxncqTn-tR_71bMTvz9r8GoP-8wXM7o672HSv51iToQ4DC0-P_e8stsIrRW1HvqcH7VszCaRWwHxjsxsOlW_PEJOap7wu6L2mLuIZak9Mn_fHbkbykI6fJpRB7hFYBU14NTR97kk0UtfNT5P2IfTuJkXPqgJDSPm2X8h7YZ4NGHmuyv7SKbQNaTc4KeXSHq_BHiL6kNdsB1JHqEX7aACW9Po6FGc2fL86Bb1HNMEySrP0aKuvravFMVJhggsxK7iY_hMkopKa2mtIlMWSI7MoahdHc6cCgGt9OBrX2Xzl7bHebVZsAlXHzq5FYBz1c2DJVG_xc6khORxC04i4M_sXRxMiV2aawQY0bJr20CrckUpD2CSStcg8yxWxPpHaWvxUFcduiorvDfHPWk4UruOG6p_WKOWZvS3Zq8V7Vmt9NOUx0h7qfdiUV8FL7y9-5pUrvIyftt8XZ89tMkWOFzwoDgoUFnt1Ea3u2UWKxpOxGXT7irMKJPdB4em3gPhsZhJMaEhHW8cHxOIvNIFwieR-OIdUp0qVLppbqh8_38eNwgCbpIDJjXmDfjUKg&key=AIzaSyB_RPF64RaB3lypfA6VvXil87xSttgcUNY
Sylmar Park Tennis Courts,13109 Borden Avenue,Los Angeles,CA,91342,34.30835,-118.447182,
Matador Tennis Complex,9541-9583 Zelzah Avenue,Los Angeles,CA,91330,34.243978,-118.5240155,https://maps.googleapis.com/maps/api/place/photo?maxwidth=800&photo_reference=AXQCQNTeqwv-1KwUVqLPTEMjMYmGp90vNxXC2iOeFl2p5Yv8bHzvY3J0gkwW_cljbUYgmc2jC7SGoSRp24QQmBUXaNT630lo97_KICZHGl4BcW3ZcVXrSskrWzrYvLO6AF-luSt256QpCnHs6Kesh_HqnrBqTD_QZCYPxexgn2Zi01srJGNH6giHjAjJif-jZo2u0GGwflJPapfvpzV73F2ha1jpX9RcC1bnrCLHUdohnTeVzloYOTgIcrWhhNqJMHVEJT7ArtljG9rrrW4IYbYipWudZ0PieZ-t7xh67v6FtLkElAjaOZooG6UbncAzSchWEkcmG4uo3PO6GGjGZdHN1X2hXW0dtEdV98zpknRzHawAK1fo1_hLPJgdXeD5sk7cR7idiNASzomc347Hl3QstcSDYXE5VPi3NM6XeynoUArmmw6remjdLYRsawzCGxeGI0neF7RhiOl9NOMdfPg1DCegPquep9mkI8VmNDteZXNB40X-XKV0d8sSlkmJx-WzGUdoZdJZk8VpfEmwX_womKsaS3yyTlJUJ0RG6E3i1LpYTsL0BXp77RRDkq8dwgW-U50ASHEzIEddwQp2VC0WH74ANjJN3Gk3KoA5CSoHi5-b7ovhYQ-w23r2ERI0_KI5kFIzM1-Q&key=AIzaSyB_RPF64RaB3lypfA6VvXil87xSttgcUNY
William J. McAdam Park,38115 30th Street East,Palmdale,CA,93550,34.5752909,-118.0777609,https://maps.googleapis.com/maps/api/place/photo?maxwidth=800&photo_reference=AXQCQNTF14nC0gHS_qMy2TnkKvs9kPBcOj6GSX2nf89An8XQrjuBBsUlD2V337WYgivl1j_UrFORaFIwJ2pnEAEEiIM0qLGtsFgJzG7YS6E8jgrmClIGm5SE-7r61cq3_AIHM_M1loXR7zZZT_LZ3TA12A4Jb8a9IubAVEBLcaSbWd1_QVEmJ8vAYaMTD4pvrY3eduQ4zngRTjHcBorqaINAwGSqcvM2NKKx9PyjRDlqVpf46IZsuAV_PkleTXzXAlJPnHxFYqKtgO-pRsi93K2nuHJ7hYArLMIoN6mW4eOV8d-EsJ83eUM3VL7Xhi-R27fVriv9rZCjQ_El6oR3mxJCUf_bAxI_ZNZtZV2C1AWIhS8f8kilLj3kkEzLWnpWCcz0cbatRQUJe_s9AEJS0OpERwuG_DseNIZTdLOHXgvy0261RPtXVktDxoRwpLt9UEstXcjjJeFpxKF7OCm2fhZI5O7YwBl678SO-BApc_qCYQctjzNyKIUEV2OExnHlqtLV4exsi7XDiglIdeubpWRBoQDxFD78FNTug7TRK6N8fUeQD-XjRAk-XXwVzegaymvIL8vyNdthxLH2BGZugdwJByHBsfeaX1_RDhVIrNyH70arq_Kq0U-YRbZK2_TtSVlyhD8KuA&key=AIzaSyB_RPF64RaB3lypfA6VvXil87xSttgcUNY
YMCA - Pickleball parking,43011 10th Street West,Lancaster,CA,93534,34.6651853,-118.1487513,https://maps.googleapis.com/maps/api/place/photo?maxwidth=800&photo_reference=AXQCQNROIGUgVG8KjMSWtJ58J6Deeq9H6ZMBvotfrTr1XBG0nMRuNu5jK7T5P6cQgeHl2eE8Mgw3GQvyylNXWI7Vqku0GwsrGRNwgjwb8SVRBMqkocjzVuOfX-aCQE5jTh-s17TRKjggFg2A_p4YJ009JkVMte3bAyhL4T9jDWZfZT6Y5DQKXCque3hDzIQbaifFZfKcBY2Aky9isXQj4SPGzP8ab3bIe1NdAlIB5KTWup9DVdkgdKCsexYrKL-YR55cIAmKSMkkM0fbNTpTYlbO94akh1nRH0ng0mA_F5G5421qX3QnOiBCb8DIh60c9X_lbTBMb-TYz4nTopv2BGmOT4wrqGtb_f1nVMD498VaE7lCAra-VcRZ7cnU1pKpbEDi36OpZu60r47UzRwvX8S5LaiAmV1yFNV36uZ-aosGvJKGQ5P3lg2VcBxQJi17ZJR7MI6QVmkz7xGiKGO82_3nXHmXHQfJpPcJreu9qiPz3VtIXv64ZbJkFHA4UyU147dJlFJ5gSRSWYQT6ZihNM9_qIUG7THm-F7BS7b6f_sRMm-1fdTeH1pVZyPpW9KmxL7JjctDwbR8bQN-x4jYytrjaqWbmpe7EG8AMxBn-XMtvTMEiRO2QX91rMYSFrMxNjFv&key=AIzaSyB_RPF64RaB3lypfA6VvXil87xSttgcUNY
Sgt. Steve Owen Memorial Park,43063 10th Street West,Lancaster,CA,93534,34.6638362,-118.1488502,https://maps.googleapis.com/maps/api/place/photo?maxwidth=800&photo_reference=AXQCQNTh9JDR2FoPbjjzCpgH3e1zdO8JzmgurxKUyQJ3FABK3Ce5G-S2rKkUf7w0944olwkhUkhBhci5Qp4TPWwB2_MQiQcUyUqfcUDCZAouWGOvESWK5JNOqinqqPHDRO_QFymcOUe-GYq35ob0bRivUCC11mjHZ2BLqTAOPBFFdsCsyhhs8VIb6Y6gi4VvmOtLQ7ruwOz2LyB2PHKIQoMpYV-98muKHVRvnYiX1Xib6DLvvsuBVFSZ8ANQ6YkibnKILGNaZ6oreu8oph7jFdofHoskULFEzXICVMnmJ5J_SB38i6pPqn5flSWW4AhqRiZ4UfNgcY-K1U_9oB6ZLgnT2cAoRdaQ99A_Qa5pC_duY3DJCDaYPtecqpV9awfXjTZDgEPiPxqSCTe00j_RfzHD5oomar479ejowW7iZFNYb5FMkYVKqfLmqFm-FpRsU_aLgDw5xZ0XWq1YLya2_Z6efAhmh5q1Gl38i_rmjL7gqk-djbCOMLsNtLEwBT0Zo5qcAb9YU6VmD5eDbcfo2PTDj1k0Jn3v2-s9-hw07fz018jtkQcSlsH9uRHKcBPkY-nZIbjP6Sfg0aTK2ze1cLeMRuzwLc1q2dNNe9VbvuXJboU0CbRy4ghtMNbliNn1R0Y7rNG-UsBF&key=AIzaSyB_RPF64RaB3lypfA6VvXil87xSttgcUNY
Hasley Canyon Park,28700 Quincy Street,Castaic,CA,91384,34.4521824,-118.6197495,https://maps.googleapis.com/maps/api/place/photo?maxwidth=800&photo_reference=AXQCQNTtSczTwOzJ7ifbk_-4HYhP4r7Q0s4911KDjRLt10xib1F8mmqXjiF5a6ZyrZ13eWesYGtq0Sv0QW32WgjGLS-QlWxAEkSzqEhkrx2SaXP1bsolsp0y9IpSP5EIeZaz048VpMbtvcPwDlGdo5RN4IfIHkJbVRK3YDxtIUAEDbfeWZVvIZGzRUotL_Cahr1I5I4Ory1ModAXtl18xkh09aFPWaMI7vOTT4EpJ5YJNJ1JvlEPuqIFt8SyqtvfeG-sEEE_k3oeb1Svu5V7LGFpXU6sh_dyJqDLX7X-x6BP19ejUdXhI4fynXO1zm0ewPY_QTg6LuMia82IC7oQ8OoOXQ8AsXEORoYcSuLosdRfMs0666zFPzSO2FuaZnZp-W59HIkOVCcpjilFI-uNCEFiEtWBhE_LRdY5g08ZYj_svXOOCB5rnIep1YIpwQVKIICODJrLJvq8HViQK6Cc0fwxhUDobpk_Gb9TKEUCyojs8RJDZG4C1FiJweqnBJoBYaCEtIeMq_2VB1JcXggLwipPqHeUdGxiIb-dc6CLGaXtr-RkrLad_BMrljZDKpgxRcnMxkPnZBKeWlVDWinLDY0inMfN2Z-0ztB1kHaB5UWPiDPlzFE1fkNrz89DBUJUhC6d&key=AIzaSyB_RPF64RaB3lypfA6VvXil87xSttgcUNY
Marie Kerr Park,39700 30th Street West,Palmdale,CA,93551,34.6036659,-118.182041,https://maps.googleapis.com/maps/api/place/photo?maxwidth=800&photo_reference=AXQCQNRi6dNX0ebCJp1-8XqyueqDCXei6JKVeloqDdWZnzpAzU0wZ9m7H7ANZzQn_nSj7gTVbuZKB0yq1FIr8ZcqAgtK8bjj0VLq0Z7JkBmoqHkBSii-mgLpeB3BdYopvetTuxNcGk9UB0EcTagXIZvvarJxKTHLM6L-XNxd0wXFGlIHHnW3IGBnqrOo7Ij1mLwDQojZnmce8oT2yWfiXm5g4-OdaPRhX0KQxarli4MDgpSQHOZ-4AfEY4kC8BQUZTM3WpIo-JGs9yAU7WSq_DzTt-5J1o3IgfVHCAmNt_9iUQf8FSjDtjsap46vM-8if_kb67Z9DfSQ_-6Jc_6IdUgpFGAlkdvyKwpAv74apSUeetiFareAPryvDdE4x7QtZMy1VelXE71cfzcwQOkNQdrVRpigRfdrxcRyBaHgA-6dMMntnYPY_sglU5vYWIgsXt2iPZWZry5oZ6zdQF5l8C40UpzaYRODOz45-2Z46Nab5IbhaROE1d2wRdsqBRi8wzi5TqJ9IwIcacTvSVZeN7f-ILX2brH4HyaRSccd3r0c6qjnRzEqPv4qlGc9oXwB4OoFlVNT2P6-Dd5sVEQnAi2jsMjuJaMGEqQiVPVWLPXI8apPO0DkZmD_gUVvuKW6AqFtFbaWEg&key=AIzaSyB_RPF64RaB3lypfA6VvXil87xSttgcUNY
Domenic Massari Park,37716 55th Street East,Palmdale,CA,93552,34.5698748,-118.0297836,https://maps.googleapis.com/maps/api/place/photo?maxwidth=800&photo_reference=AXQCQNSsbxnWKAEhlnH-sGvQYywZ_mcBzRwtBZybgQEAW_STOqOxOBV8DAWFPxQKDvGMa3py2oiKc1RxuPMfIkzpmisRO4bvGhIZ6oSC9IxfsgroZEYMvJ22-kDqbcE-WmoiP73G8CmAw_ogDk1ZysGN_aV2fx2X4TfiUIiblGkPc5KqR2uvhKeoMcgXw9R1N6VgcAHiLnblTTGTofc2lwPAiLyvBsyNT0Qa-Q3tm6iQ0ojjRBydehwq81cLsFzcoLiZ79gFTZIVNaXi4K3EiwetC7zlCxPp4fMOVF_w6s7M0EKGpzqmFL4chfxpUo_0BWnp_OcQJbwkCDgOQlfcnz4sizZLSKqDUvWOheSVdtZxCJLLwqzBZKr3LysrFwibrDDgC9n0reMZ_Ded6CI22BsE8KdOuyNdq3-C9t8hsTFGmUdGcGn6iZ6JVoac3rOGFetVvde3o_50XK6T862K_LsFvq9KQugkBDdPbfFrj-bFqMWKjWbs7fFAw_q50ER9XLN4JzgQAeFb2svsqkONbQ1l0HVbzh9S8Cw-HL29rd8YuhS4j25zl-SIem-x6LOSgcy8XgcYmuI3xm2fzXZ1r7mv94wv2YecBP31P2-TmBzDLwcn4NIcIy4mfBYo6HN--tGP_Mosbw&key=AIzaSyB_RPF64RaB3lypfA6VvXil87xSttgcUNY
Desert Sands Park,39117 3rd Street East,Palmdale,CA,93550,34.593222,-118.12684,https://maps.googleapis.com/maps/api/place/photo?maxwidth=800&photo_reference=AXQCQNQni3O_afwMHBL6C7mqSpg73wEwaZozhWBxpydix8_gMdy1KD_mogIHHD82iPETFzUVdgoOaTkW2YImm03_dr0w7W64j5EujkfiFPxx1tfkBZJlaJM-Y0d93csFtRZ8V9BChlQIkEVF0IgZtoAy-9ozCOoi319k9AuhQx_Z-k0fnJqWzwdBQ3498tZL-im-29rS4m77NbnBKD2PDa7Lz67xehODHafCVVoLfT9g8W1ssTWY00yJZW_TUQwdmlRjZ9mX03h0A0C5z_zPocaqVNGDVHJA10cKJUGzql13rEZ5Hqj3QcqgD6Mq32wcZiT7XfF7yiNy7nRcCfZu6gEjhMva47K_QvemvhEqfi3MBd34VG_NjVPvmU4j6Si4PvjEQZCMsO_9T2dy5NZeUOEAlCklUunViglY9iZ3VESRTijUWE1ABAWvamXs9j14zjPWVlGAPx9S82aaXK56yYVeuuWRcRo8c7WiUEzu-7dbrI-fiioCWfRS_tnyteTNQ02U_WaESgfjIYfrN0S7Sa6pLPTkzyWf4iTrN9OBh40-5nGZCjHVFJrsH5XAspOhrOM1Wa2XQixZuG84VtUY6QsR2MgpcBwYQX30Hq5eGxSx6kTN-A-xK5fGpzC8xMmktk4fmniBSKOo&key=AIzaSyB_RPF64RaB3lypfA6VvXil87xSttgcUNY
Pearblossom Park,33922 121st Street East,Pearblossom,CA,93553,34.501513,-117.912076,https://maps.googleapis.com/maps/api/place/photo?maxwidth=800&photo_reference=AXQCQNR9qAhnWkssBh1aWJTtg5Atls6cN5NdPJJbpCRXsUC6cH4oAGtyJdnZjduysNinA8RL-d5Gd2DeuWXgWKhmbSynF-MGin-WEAIHoVOzYzyaHYszJmHo11nQPhKfnHSpxoi7-zjQnrwpoGVz3jjPMh_bpFGmFvKe4P1VO2lFrEB7l5oq2ToTEDZH9onj39gaJ_3OSG2lvd3M6lYHj4I7i5cigZVyc_G28DtyiVHZU5USBs8LtFn--u1CTzg2tYM2OD2bokRfZOXR9cK6K945vn2Ih4nOw_5nUltGxNOS9Yr-JTjLfJwOQDDWX8HbGyuvYhp3ReJ1d6wFYhheCRt9SqmZjyFbHOOu7T7-eerl_2lqggqwovIPN0CNXROW_VrxnyRIQhi5Q6sEuJsldbmJdIj81ZCaLGtckxNelT29KFznm1CCdq8cQ_oC4MfgPD__EIp1BBd5zPW5T_VK3lLsGIW1TFdUq9h1xdZ6blzVdVUgPCfE1l1CNrUiIFMSnR1avX7MgK1dspv2YawqzVilUnaNEwyO9PSexEXubwvGYyDSmZDPX_fSZr1KNu6sPqRVzYzmKfBnhlOQjKNhjubi9yZR9ccZ1bTmnNJKl5HspBtZ6WzhQq9LMmsnNyEBpHSb&key=AIzaSyB_RPF64RaB3lypfA6VvXil87xSttgcUNY
William J. McAdam Park-volleyball court,38115 30th Street East,Palmdale,CA,93550,34.5754125,-118.0778281,
Antelope Valley Country Club,39800 Country Club Drive,Palmdale,CA,93551,34.6055995,-118.1416488,https://maps.googleapis.com/maps/api/place/photo?maxwidth=800&photo_reference=AXQCQNTbA2qSrryyI-6BTsFchgZ09QdDfY-C_aIwTMJei6Y9pEaXyTDCRl_305DpkPhsW-NA7X8op1YI_uauoYfKtkNu3dE478o38gkXv_FpB2zyOb_y8-Ygg-bY282XnFfpoZ3QMf-DYlij_mtP26MzM1s3bDGGQW7yjDEYfSYMJMrHfQ4UCfYXFphK-IaiGIviZ93vEsTaxsK089DllLUzm1McXZT8pCdv4QHtydatVYji6RkcKZxNoay9GquO6uHKv_Pqncqmqx6YbbcwuLwYYQk7NzT3RKCAivxY1rEm0McHh6kYmbaH-tNRGQ6DsciZzISXFChbwes&key=AIzaSyB_RPF64RaB3lypfA6VvXil87xSttgcUNY
Rick Novack Community Center & Palm Street Park,13558 Palm Street,Hesperia,CA,92344,34.408986,-117.367956,https://maps.googleapis.com/maps/api/place/photo?maxwidth=800&photo_reference=AXQCQNTQyXTK6zn-_a948AmLZYisCLq8D9W96qjvGn5HD8Qq-xxMCiS4-RB_6G9-13arK9bGaazu-JqY11mHMrEwNYrFR7ggb8_LU9bfT_0MzvUi3hpQEcro4K2QrhPH32vabZ6uKwujN8Kr67A90tCGeS-WV-MlsREARBHrbwFeC8M1YBKL8rnlzWRH7zkwa8XnmjCNwToUD5cuIZ6ioQNnwTiXIP_medL1WYuK4dgFOoR-DC1lgO1xJ0MbQPWOi95AR95Q--96HH7utv010UghJ6B4Gl4AixNRcKyobjflJq6J8_1CCDe26xR9iClxlYUe8OFG9-DTq4c&key=AIzaSyB_RPF64RaB3lypfA6VvXil87xSttgcUNY
Power Play Center,10770 I Avenue,Hesperia,CA,92345,34.4468688,-117.2775039,https://maps.googleapis.com/maps/api/place/photo?maxwidth=800&photo_reference=AXQCQNR2ypBH3gIpdYjhw_uEY_BcPlaVVjk2fKbyOzrviKtaiUTTRmf0HYOw5dh9PPDf_NkXE7cGPLv7kNLAAMSRK7az_TPkowu4d8au8sOmcAzhtnE_YuIpX9NzdxAha8FdiIo3aMrQDzlYd9DyreSHbPQugXSk7o0KU6QY79gn_mPxV200gt_EuzLPPxEL6cJNhiG9K2-e-74t0WyztSTPSHT_RrCskabk9kBQneRzzmNeB_9skvbj0CRUYUZC3OT44j_yw8w1ZUoIveBdbWqlZitxkjMP7hzStwm-2vt62gTs11L6CYwtzOnbDwwWb1LJ61Ec-nTr&key=AIzaSyB_RPF64RaB3lypfA6VvXil87xSttgcUNY
Lime Street Park,16292 Lime Street,Hesperia,CA,92345,34.407049,-117.306702,https://maps.googleapis.com/maps/api/place/photo?maxwidth=800&photo_reference=AXQCQNRvLnfFQtuaZg-aPdmXMDE-Mwsd1X4H1-zlultb0-7sAhBYBLI5PsVw1lHCU1DsmO6N5QGC6w8fR1vkvkeYjZqrJgVlplxtvGH9kVIiLCSO-B0pp_7se4g6_CZQ9mz5zkF5qdb2OQg99lH0u4PdwbpbBuzvgmU0G7g116sQ9Rbh1hAAfgj3YEkOQKy1Rfgf1mSvrJrqaDSz2aWkr73e7hp1NBXsSQvkggp6XYEo_O6tW7Au4ydwb0oI329k8kKvBy8-BDQj1chMtYhSrWMzhEJP2J7UDszo7iQU4jrGW7lFKjy1jEjUh327nEcfbdow3UpJl4lJGzA&key=AIzaSyB_RPF64RaB3lypfA6VvXil87xSttgcUNY
The Paseo Club,27650 Dickason Drive,Santa Clarita,CA,91355,34.437275,-118.562291,https://maps.googleapis.com/maps/api/place/photo?maxwidth=800&photo_reference=AXQCQNSXDpQaxJSAUv7_tznwQtGQk144fdUqVoXr-Ny372MUN0LSDZfhmLiLHWx9ZEe1xNZaIsbg_QYTT99W31CzefIF59-_lOj5LVlJMQ5Qoxzo-kYTLI3nE9DaU_SW9PNDzf6JsRnkb5TTxd_pam-c7OrntYXstYyuDGlt5YJ0f2crxvVYd7H5ZGOC8Qha2m9MzSZ46sjsywqDmGVECSyAcddLHtyNMVGWi-oOOIMaNzTHtkCylWKCIv1Tarm6FnvZUr7GeIYEGXDNChP6DXWYNMVZLBWwveVafZAmIzS7AmdChd3sP3vsVAn7fnGLrYF_ipELYex2&key=AIzaSyB_RPF64RaB3lypfA6VvXil87xSttgcUNY
National Beach Volleyball Organization,23890 Copper Hill Drive,Santa Clarita,CA,91354,34.4625381,-118.5580913,
24 Hour Fitness,1220 West Avenue K,Lancaster,CA,93534,34.673253,-118.1530313,https://maps.googleapis.com/maps/api/place/photo?maxwidth=800&photo_reference=AXQCQNQbzCFEgTSu4FNmDfScV0q-EIatk1y4-HQILBo1BVyqL1Cv29yKq0a37ha2yaRmsHJEON08tHR-9Zz1VbeaL9egdXgsD6ydvlfYHiCuFBhksPqx6uDqDLCR9JxI62JPY1NHwztbfjeszz_BaqO-UktOtv36S5u-3MW8umIUU4GcjtuYykXWTL7_REu6PHl-nFnyoEnPzR6naw4e9qDlRX7sypn2W4wMZkmhmhUvHgPwWyxy-IeW3YzqLY-_agwxH4qjHN6aQ2CqnVmdG5NvLQHupPsAbidZ-cl0WsgGOpNDWn4NXQsFDUFsQ6QwkMeVwkKAe_cMf54&key=AIzaSyB_RPF64RaB3lypfA6VvXil87xSttgcUNY
Big 5 Sporting Goods,685 Tucker Road,Tehachapi,CA,93561,35.1266478,-118.4687636,https://maps.googleapis.com/maps/api/place/photo?maxwidth=800&photo_reference=AXQCQNSKijNrEZ9n_K6uSWV7Ze2PtfH3GSnNJFJXPV_xQh6_VARuY0fm04R8Xh2nkorQOPkzqmrFza64gNcv_ypI8SIVv_RV5HhBHKUkx-f_mRm8HbCRe7K1auMWLYzB8zD5MEzQge3z1faIN865P1S5eH2xzyqWDDrAREH4SYu_qrLlGMfayaJs63HK-T2A5H-cJRLhs9e8C7OtI84fJrDgt8p_d1BUgdSinDecchdpT15-MXMyw__j4C_tzQWVlQ_d-bTtODz_qJufjucODmpzpcr5DR8eHT8ioeaEM0ONkgKdo6TL32iMFcWAjYwxDagh6h03SJUL1OuFdYoQgpJL0aZBZwwdgO3gRSZSHayyIqbN7Gjd_gde6fKcrKDLrGVkOh3_Feg4aCBG-VYo5Fs1vMBtObcT3ij38xGL0Q0ig3DyjTjB8Chn-543UGfHqxo0wwWh0v7MlVJEEkp-vqSUYfP5PnhxBXU1DZYtuax8kfW7gCsbxf8Tc5xqxuGZpoT41azqCl1adEYqa-mNEC7uoD3Du-pwlu2XjcF9JKjD5Q4MWuFPSeL2OLoKrzGVOewc2akLNFMUrv7Ao2hVPmQTkucC5dQe6ZI37zKI4rzwcRTKSlNkUHHZVojeRekUGeiHiKEMEg&key=AIzaSyB_RPF64RaB3lypfA6VvXil87xSttgcUNY
Tennis Courts,400 South Snyder Avenue,Tehachapi,CA,93561,35.1271594,-118.4371904,
Tehachapi Valley Recreation & Park District,490 West D Street,Tehachapi,CA,93581,35.1296448,-118.4553436,https://maps.googleapis.com/maps/api/place/photo?maxwidth=800&photo_reference=AXQCQNQkWRQOuFB7wMKhlNDYr0rkX5tJ_7TnrF6QF0OXyh6v73GFUP3UQ1JrlPaRLTqmoNwmQZmJ_fDaPIp7fDeFieFiaWaD16Rn6IsXggof4Ay3IYCSpQahdKIs2Z26N9tDQdlVPKpbPakli3obFqLWECaeJ-Zd2BVq4LFetM_C1BezaBIqodom0u-yGVMEEpLaoSTot3dspUR1d_iE7WpNyd49CsxhKWa20zFAhnoJpFNYCFOG1Ke5pI2URgoq2yyFogum1e2_RY16KjEzaEv7Pkq6K7IyZyEeBQM-S_urdiwC4IeO0bNARtg0bhn27wd4QKgUVrN-wuk&key=AIzaSyB_RPF64RaB3lypfA6VvXil87xSttgcUNY
Big 5 Sporting Goods,43521 13th Street West,Lancaster,CA,93534,34.673482,-118.154863,https://maps.googleapis.com/maps/api/place/photo?maxwidth=800&photo_reference=AXQCQNSJoLGiI361A-AVgkgwmMP4iLH9mp5iNulwJkKE99jTU9HZMFE41vspWsDHj9j2cKlXHoRUImwOo32fQ_1je2aCK-AmclKxEwWV9mtZr0mPLd8OC7RsLGUSBUx1dsng7odNIEUpGDX1qjF0b-e7oazqbckP24Q70mL97yx44UT4JQ_dcsrcEbQeXwSB_hRIqD__gjAByhzaNvgEjjkNPwhNjpD9Cjd7i6bQ90kU9YcrCSyt8a89sKVnCCsMeaPDTbKygn8TCG4n1fpzNwsCNWNJYdEtfK1lubtcj99BRr768zIr6QkuA8IgebUNsexdv74pn3zitl1jiYi_xzuAM0TIJwDXjGSergVcQCoZmvueQ_xvFwW-mJhr9OqgGzb6_fPiDYwda_KeTpcaeKYxmkHICYQcda13R3giqS2tNT7Ja5MRV2jNIaA6B6jxsVGdpi2ZlVOSxGpegu5Id2II59iglJH30n6qaqMqSw-0gJHI_OjeqxaiMmjCj09POdN73u3Fj50efYvEDmDZ6CwQOr44aEar2oO87Y6HJXIEji1jACqB9x1xWRNmz-eYZuScZk7I6KKZ0zeXWf2JtELiZ1b_moxOsDdQWuTvpzQ4K6FliV2MG5gzLf-wfDbrhyP9cfbZtQ&key=AIzaSyB_RPF64RaB3lypfA6VvXil87xSttgcUNY
Basketball & Tennis Courts,44531 Fig Avenue,Lancaster,CA,93534,34.6916518,-118.1425814,https://maps.googleapis.com/maps/api/place/photo?maxwidth=800&photo_reference=AXQCQNS7eX-NjoxMivmLX4vRweUsvC3wRo30nuZ2j5sGv0mMaNyrYYYjrRsxhJ8qFAl9HLZYZ-bJ2Q2_FavOKMWpDg-hYabYJZRRBO2R12HsIm1PiOlscPXG3ruhjvSCjAJgS_ZA_OahbzHEyS1s4flcvdYh4FZziCLomJWyIUwGh4a3EWENM0QiKTELsrurKGtEpiQRtjXOnTpQzc9JHzHkqbcttRV6xe-C1jCUdjUBBInk4mY2GhbqpxC-kL6yzy5yfdPmZqlqFlQA7abRL_56RVlGxGVqeHh-Z6N25ke2TJxh8IMPQ-UJoh1ZevZyF3T8kx1YlNmR_GnpWFiw5ijB2LC_9nsuE5UnxzKjdsr6fr0qW8WAGR_FIiMDr7VOKr76S8xHHxefcvazbhysok6w-Yz4-0kvuZsYC_YrWMQTII7Q9sQGWNa4hJDYroEqjzcgtogtnpjN0sSmwcnaQHQAf-JzwM8FKc9kZZSnCAgnAMtlhDD6sEAH9YPaZs-RCZldFzkThxgA5KkA51NmPji1w8D2Zg8zYiYoA494iXsTHGztIZsPpccmb5J-3TJchCpIULJjDTXTK3S3TzgaIZp4nGDqohRQjCbi87zf0Y-GORMa2TZMyJ9jYhshkgh1PfBoymt8Sg9n6g6dW-ixHYTCrQ&key=AIzaSyB_RPF64RaB3lypfA6VvXil87xSttgcUNY